{
  "pa_n_chains": 32,
  "n_seeds": 1,
  "pa": {
    "pa_ws_ce_mem": {
      "mean": 3.7241101496527635,
      "std": 0.0,
      "se": 0.0,
      "ci95_lo": 3.7241101496527635,
      "ci95_hi": 3.7241101496527635,
      "n_seeds": 1,
      "values": [
        3.7241101496527635
      ]
    },
    "pa_ws_ce_nomem": {
      "mean": 3.754732805274565,
      "std": 0.0,
      "se": 0.0,
      "ci95_lo": 3.754732805274565,
      "ci95_hi": 3.754732805274565,
      "n_seeds": 1,
      "values": [
        3.754732805274565
      ]
    },
    "pa_ws_ce_shuffle": {
      "mean": 3.72793198017521,
      "std": 0.0,
      "se": 0.0,
      "ci95_lo": 3.72793198017521,
      "ci95_hi": 3.72793198017521,
      "n_seeds": 1,
      "values": [
        3.72793198017521
      ]
    },
    "pa_ws_dnm": {
      "mean": 0.030622655621801442,
      "std": 0.0,
      "se": 0.0,
      "ci95_lo": 0.030622655621801442,
      "ci95_hi": 0.030622655621801442,
      "n_seeds": 1,
      "values": [
        0.030622655621801442
      ]
    },
    "pa_ws_dsh": {
      "mean": 0.0038218305224466675,
      "std": 0.0,
      "se": 0.0,
      "ci95_lo": 0.0038218305224466675,
      "ci95_hi": 0.0038218305224466675,
      "n_seeds": 1,
      "values": [
        0.0038218305224466675
      ]
    },
    "pa_cb_ce_mem": {
      "mean": 8.944129530340433,
      "std": 0.0,
      "se": 0.0,
      "ci95_lo": 8.944129530340433,
      "ci95_hi": 8.944129530340433,
      "n_seeds": 1,
      "values": [
        8.944129530340433
      ]
    },
    "pa_cb_ce_nomem": {
      "mean": 9.316807349522907,
      "std": 0.0,
      "se": 0.0,
      "ci95_lo": 9.316807349522907,
      "ci95_hi": 9.316807349522907,
      "n_seeds": 1,
      "values": [
        9.316807349522907
      ]
    },
    "pa_cb_ce_shuffle": {
      "mean": 8.946459649751585,
      "std": 0.0,
      "se": 0.0,
      "ci95_lo": 8.946459649751585,
      "ci95_hi": 8.946459649751585,
      "n_seeds": 1,
      "values": [
        8.946459649751585
      ]
    },
    "pa_cb_dnm": {
      "mean": 0.3726778191824742,
      "std": 0.0,
      "se": 0.0,
      "ci95_lo": 0.3726778191824742,
      "ci95_hi": 0.3726778191824742,
      "n_seeds": 1,
      "values": [
        0.3726778191824742
      ]
    },
    "pa_cb_dsh": {
      "mean": 0.0023301194111517987,
      "std": 0.0,
      "se": 0.0,
      "ci95_lo": 0.0023301194111517987,
      "ci95_hi": 0.0023301194111517987,
      "n_seeds": 1,
      "values": [
        0.0023301194111517987
      ]
    },
    "n_pa_scored": {
      "mean": 32.0,
      "std": 0.0,
      "se": 0.0,
      "ci95_lo": 32.0,
      "ci95_hi": 32.0,
      "n_seeds": 1,
      "values": [
        32.0
      ]
    },
    "n_pa_cb_scored": {
      "mean": 32.0,
      "std": 0.0,
      "se": 0.0,
      "ci95_lo": 32.0,
      "ci95_hi": 32.0,
      "n_seeds": 1,
      "values": [
        32.0
      ]
    }
  },
  "routing": {
    "rec_mode": "attention_parity",
    "rec_alpha_mem_max": 0.009220519103109837,
    "rec_alpha_mem_mean": 0.004285730421543121,
    "rec_alpha_mem_top": [
      [
        54,
        0.009220519103109837
      ],
      [
        12,
        0.008722607977688313
      ],
      [
        11,
        0.0080778943374753
      ]
    ],
    "rec_frac_open": 0.0
  },
  "readout": {
    "mt_norm_ratio_mean": 77.2277077608768,
    "mt_norm_ratio_max": 77.34251375586616
  },
  "memory_dynamics": {
    "judge_row_entropy_mean": 5.540581597222222,
    "judge_row_entropy_max_log_2K": 5.545177444479562,
    "judge_row_entropy_norm": 0.9991711992441441,
    "judge_keep_mass_mean": 0.5,
    "judge_keep_mass_var": 9.331852197647095e-06,
    "judge_effective_rank": 1.0177136117996952,
    "Mc_step_delta_mean": 1.34722900390625,
    "Mc_step_delta_max": 1.3828125,
    "Mc_self_dist_mean": 0.9999621086739859,
    "Mc_pair_dist_mean": 0.0222305087867231,
    "Mc_pair_dist_min": 0.012551921542423395,
    "Mc_pair_to_self_ratio": 0.022231351162097717,
    "n_dynamics_chains": 16.0
  }
}