{
  "model_path": "/home/ubuntu/memory_residuals/output/chain_v2_phaseA_softparity_b4/best",
  "corpus": "/home/ubuntu/memory_residuals/paper_artifacts/chains/locomo_s512.pt",
  "depths": [
    1,
    2,
    4,
    8
  ],
  "results": {
    "depth_1": {
      "n": 10,
      "ce_normal": 2.5048038721084596,
      "ce_perturbed": 2.506199049949646,
      "delta_mean": 0.0013951778411865235,
      "delta_std": 0.003780337934146456
    },
    "depth_2": {
      "n": 10,
      "ce_normal": 2.5048038721084596,
      "ce_perturbed": 2.50475013256073,
      "delta_mean": -5.373954772949219e-05,
      "delta_std": 0.002308648118417225
    },
    "depth_4": {
      "n": 10,
      "ce_normal": 2.5048038721084596,
      "ce_perturbed": 2.5054770946502685,
      "delta_mean": 0.000673222541809082,
      "delta_std": 0.0019406873540155033
    },
    "depth_8": {
      "n": 10,
      "ce_normal": 2.5048038721084596,
      "ce_perturbed": 2.5044983863830566,
      "delta_mean": -0.000305485725402832,
      "delta_std": 0.001873010591348147
    },
    "depth_ALL": {
      "n": 10,
      "ce_normal": 2.5048038721084596,
      "ce_perturbed": 2.507885527610779,
      "delta_mean": 0.003081655502319336,
      "delta_std": 0.007678378683292941
    }
  },
  "n_chains_eligible": 10,
  "n_chains_used": 10,
  "per_chain": [
    {
      "chain_id": "conv-48",
      "length": 30,
      "ce_normal": 2.688502788543701,
      "ce_nomem": 2.6900534629821777,
      "by_depth": {
        "1": {
          "ce_perturbed": 2.691657304763794,
          "delta": 0.0031545162200927734
        },
        "2": {
          "ce_perturbed": 2.688408136367798,
          "delta": -9.465217590332031e-05
        },
        "4": {
          "ce_perturbed": 2.6901533603668213,
          "delta": 0.0016505718231201172
        },
        "8": {
          "ce_perturbed": 2.688417434692383,
          "delta": -8.535385131835938e-05
        }
      }
    },
    {
      "chain_id": "conv-41",
      "length": 32,
      "ce_normal": 2.395059823989868,
      "ce_nomem": 2.412172555923462,
      "by_depth": {
        "1": {
          "ce_perturbed": 2.3982181549072266,
          "delta": 0.0031583309173583984
        },
        "2": {
          "ce_perturbed": 2.3963985443115234,
          "delta": 0.0013387203216552734
        },
        "4": {
          "ce_perturbed": 2.3967151641845703,
          "delta": 0.0016553401947021484
        },
        "8": {
          "ce_perturbed": 2.3941004276275635,
          "delta": -0.0009593963623046875
        }
      }
    },
    {
      "chain_id": "conv-43",
      "length": 29,
      "ce_normal": 2.2402737140655518,
      "ce_nomem": 2.2397799491882324,
      "by_depth": {
        "1": {
          "ce_perturbed": 2.2406601905822754,
          "delta": 0.0003864765167236328
        },
        "2": {
          "ce_perturbed": 2.2407140731811523,
          "delta": 0.00044035911560058594
        },
        "4": {
          "ce_perturbed": 2.2417736053466797,
          "delta": 0.0014998912811279297
        },
        "8": {
          "ce_perturbed": 2.2403149604797363,
          "delta": 4.124641418457031e-05
        }
      }
    },
    {
      "chain_id": "conv-50",
      "length": 30,
      "ce_normal": 2.646890163421631,
      "ce_nomem": 2.6476714611053467,
      "by_depth": {
        "1": {
          "ce_perturbed": 2.6460559368133545,
          "delta": -0.0008342266082763672
        },
        "2": {
          "ce_perturbed": 2.646207809448242,
          "delta": -0.0006823539733886719
        },
        "4": {
          "ce_perturbed": 2.6448845863342285,
          "delta": -0.0020055770874023438
        },
        "8": {
          "ce_perturbed": 2.6489787101745605,
          "delta": 0.0020885467529296875
        }
      }
    },
    {
      "chain_id": "conv-44",
      "length": 28,
      "ce_normal": 2.8820056915283203,
      "ce_nomem": 2.8735780715942383,
      "by_depth": {
        "1": {
          "ce_perturbed": 2.8827269077301025,
          "delta": 0.0007212162017822266
        },
        "2": {
          "ce_perturbed": 2.879925489425659,
          "delta": -0.002080202102661133
        },
        "4": {
          "ce_perturbed": 2.8803281784057617,
          "delta": -0.0016775131225585938
        },
        "8": {
          "ce_perturbed": 2.8780152797698975,
          "delta": -0.0039904117584228516
        }
      }
    },
    {
      "chain_id": "conv-42",
      "length": 29,
      "ce_normal": 2.53206205368042,
      "ce_nomem": 2.5280649662017822,
      "by_depth": {
        "1": {
          "ce_perturbed": 2.528144359588623,
          "delta": -0.003917694091796875
        },
        "2": {
          "ce_perturbed": 2.5280635356903076,
          "delta": -0.003998517990112305
        },
        "4": {
          "ce_perturbed": 2.5297210216522217,
          "delta": -0.002341032028198242
        },
        "8": {
          "ce_perturbed": 2.531088352203369,
          "delta": -0.0009737014770507812
        }
      }
    },
    {
      "chain_id": "conv-30",
      "length": 19,
      "ce_normal": 2.0009608268737793,
      "ce_nomem": 2.0081076622009277,
      "by_depth": {
        "1": {
          "ce_perturbed": 1.9994850158691406,
          "delta": -0.0014758110046386719
        },
        "2": {
          "ce_perturbed": 1.999380111694336,
          "delta": -0.0015807151794433594
        },
        "4": {
          "ce_perturbed": 2.004190444946289,
          "delta": 0.0032296180725097656
        },
        "8": {
          "ce_perturbed": 2.0015199184417725,
          "delta": 0.0005590915679931641
        }
      }
    },
    {
      "chain_id": "conv-49",
      "length": 25,
      "ce_normal": 2.6267919540405273,
      "ce_nomem": 2.630060911178589,
      "by_depth": {
        "1": {
          "ce_perturbed": 2.6285994052886963,
          "delta": 0.0018074512481689453
        },
        "2": {
          "ce_perturbed": 2.629941463470459,
          "delta": 0.0031495094299316406
        },
        "4": {
          "ce_perturbed": 2.6287055015563965,
          "delta": 0.0019135475158691406
        },
        "8": {
          "ce_perturbed": 2.629258394241333,
          "delta": 0.002466440200805664
        }
      }
    },
    {
      "chain_id": "conv-47",
      "length": 31,
      "ce_normal": 2.5875027179718018,
      "ce_nomem": 2.600938558578491,
      "by_depth": {
        "1": {
          "ce_perturbed": 2.597775936126709,
          "delta": 0.010273218154907227
        },
        "2": {
          "ce_perturbed": 2.591036319732666,
          "delta": 0.003533601760864258
        },
        "4": {
          "ce_perturbed": 2.5893335342407227,
          "delta": 0.0018308162689208984
        },
        "8": {
          "ce_perturbed": 2.587275266647339,
          "delta": -0.00022745132446289062
        }
      }
    },
    {
      "chain_id": "conv-26",
      "length": 19,
      "ce_normal": 2.447988986968994,
      "ce_nomem": 2.448427677154541,
      "by_depth": {
        "1": {
          "ce_perturbed": 2.448667287826538,
          "delta": 0.0006783008575439453
        },
        "2": {
          "ce_perturbed": 2.4474258422851562,
          "delta": -0.0005631446838378906
        },
        "4": {
          "ce_perturbed": 2.448965549468994,
          "delta": 0.0009765625
        },
        "8": {
          "ce_perturbed": 2.4460151195526123,
          "delta": -0.001973867416381836
        }
      }
    }
  ]
}