{
  "model_path": "/home/ubuntu/memory_residuals/output/chain_v3_softparity_full/best",
  "corpus": "/home/ubuntu/memory_residuals/paper_artifacts/chains/locomo_s512.pt",
  "depths": [
    1,
    2,
    4,
    8
  ],
  "results": {
    "depth_1": {
      "n": 10,
      "ce_normal": 2.5250496864318848,
      "ce_perturbed": 2.5266075849533083,
      "delta_mean": 0.0015578985214233399,
      "delta_std": 0.00880024792302064
    },
    "depth_2": {
      "n": 10,
      "ce_normal": 2.5250496864318848,
      "ce_perturbed": 2.525668406486511,
      "delta_mean": 0.0006187200546264648,
      "delta_std": 0.002388271054263331
    },
    "depth_4": {
      "n": 10,
      "ce_normal": 2.5250496864318848,
      "ce_perturbed": 2.5263091325759888,
      "delta_mean": 0.001259446144104004,
      "delta_std": 0.0019273032311615318
    },
    "depth_8": {
      "n": 10,
      "ce_normal": 2.5250496864318848,
      "ce_perturbed": 2.526128554344177,
      "delta_mean": 0.0010788679122924806,
      "delta_std": 0.0017675199322133633
    },
    "depth_ALL": {
      "n": 10,
      "ce_normal": 2.5250496864318848,
      "ce_perturbed": 2.5181639909744264,
      "delta_mean": -0.006885695457458496,
      "delta_std": 0.010306866966137201
    }
  },
  "n_chains_eligible": 10,
  "n_chains_used": 10,
  "per_chain": [
    {
      "chain_id": "conv-48",
      "length": 30,
      "ce_normal": 2.7014009952545166,
      "ce_nomem": 2.699185848236084,
      "by_depth": {
        "1": {
          "ce_perturbed": 2.705812692642212,
          "delta": 0.0044116973876953125
        },
        "2": {
          "ce_perturbed": 2.7017982006073,
          "delta": 0.0003972053527832031
        },
        "4": {
          "ce_perturbed": 2.7042717933654785,
          "delta": 0.002870798110961914
        },
        "8": {
          "ce_perturbed": 2.702633857727051,
          "delta": 0.0012328624725341797
        }
      }
    },
    {
      "chain_id": "conv-41",
      "length": 32,
      "ce_normal": 2.4111998081207275,
      "ce_nomem": 2.4247078895568848,
      "by_depth": {
        "1": {
          "ce_perturbed": 2.416260004043579,
          "delta": 0.0050601959228515625
        },
        "2": {
          "ce_perturbed": 2.4163336753845215,
          "delta": 0.005133867263793945
        },
        "4": {
          "ce_perturbed": 2.4128835201263428,
          "delta": 0.0016837120056152344
        },
        "8": {
          "ce_perturbed": 2.4123687744140625,
          "delta": 0.001168966293334961
        }
      }
    },
    {
      "chain_id": "conv-43",
      "length": 29,
      "ce_normal": 2.2696666717529297,
      "ce_nomem": 2.2438015937805176,
      "by_depth": {
        "1": {
          "ce_perturbed": 2.2509613037109375,
          "delta": -0.018705368041992188
        },
        "2": {
          "ce_perturbed": 2.2728896141052246,
          "delta": 0.003222942352294922
        },
        "4": {
          "ce_perturbed": 2.2721707820892334,
          "delta": 0.002504110336303711
        },
        "8": {
          "ce_perturbed": 2.2745819091796875,
          "delta": 0.0049152374267578125
        }
      }
    },
    {
      "chain_id": "conv-50",
      "length": 30,
      "ce_normal": 2.651867389678955,
      "ce_nomem": 2.64768385887146,
      "by_depth": {
        "1": {
          "ce_perturbed": 2.660606622695923,
          "delta": 0.008739233016967773
        },
        "2": {
          "ce_perturbed": 2.6523077487945557,
          "delta": 0.00044035911560058594
        },
        "4": {
          "ce_perturbed": 2.650911331176758,
          "delta": -0.0009560585021972656
        },
        "8": {
          "ce_perturbed": 2.653883695602417,
          "delta": 0.002016305923461914
        }
      }
    },
    {
      "chain_id": "conv-44",
      "length": 28,
      "ce_normal": 2.910977363586426,
      "ce_nomem": 2.895571708679199,
      "by_depth": {
        "1": {
          "ce_perturbed": 2.9244589805603027,
          "delta": 0.013481616973876953
        },
        "2": {
          "ce_perturbed": 2.9100239276885986,
          "delta": -0.0009534358978271484
        },
        "4": {
          "ce_perturbed": 2.915266990661621,
          "delta": 0.0042896270751953125
        },
        "8": {
          "ce_perturbed": 2.9126169681549072,
          "delta": 0.0016396045684814453
        }
      }
    },
    {
      "chain_id": "conv-42",
      "length": 29,
      "ce_normal": 2.5459280014038086,
      "ce_nomem": 2.543999195098877,
      "by_depth": {
        "1": {
          "ce_perturbed": 2.543576955795288,
          "delta": -0.002351045608520508
        },
        "2": {
          "ce_perturbed": 2.5468833446502686,
          "delta": 0.0009553432464599609
        },
        "4": {
          "ce_perturbed": 2.5486104488372803,
          "delta": 0.0026824474334716797
        },
        "8": {
          "ce_perturbed": 2.547283411026001,
          "delta": 0.0013554096221923828
        }
      }
    },
    {
      "chain_id": "conv-30",
      "length": 19,
      "ce_normal": 2.0255138874053955,
      "ce_nomem": 2.013517379760742,
      "by_depth": {
        "1": {
          "ce_perturbed": 2.025474786758423,
          "delta": -3.910064697265625e-05
        },
        "2": {
          "ce_perturbed": 2.0227150917053223,
          "delta": -0.002798795700073242
        },
        "4": {
          "ce_perturbed": 2.0255820751190186,
          "delta": 6.818771362304688e-05
        },
        "8": {
          "ce_perturbed": 2.0264320373535156,
          "delta": 0.0009181499481201172
        }
      }
    },
    {
      "chain_id": "conv-49",
      "length": 25,
      "ce_normal": 2.638110637664795,
      "ce_nomem": 2.6335525512695312,
      "by_depth": {
        "1": {
          "ce_perturbed": 2.645751953125,
          "delta": 0.007641315460205078
        },
        "2": {
          "ce_perturbed": 2.637908458709717,
          "delta": -0.000202178955078125
        },
        "4": {
          "ce_perturbed": 2.637632131576538,
          "delta": -0.00047850608825683594
        },
        "8": {
          "ce_perturbed": 2.638173818588257,
          "delta": 6.318092346191406e-05
        }
      }
    },
    {
      "chain_id": "conv-47",
      "length": 31,
      "ce_normal": 2.616241693496704,
      "ce_nomem": 2.6050398349761963,
      "by_depth": {
        "1": {
          "ce_perturbed": 2.614309072494507,
          "delta": -0.0019326210021972656
        },
        "2": {
          "ce_perturbed": 2.614191770553589,
          "delta": -0.0020499229431152344
        },
        "4": {
          "ce_perturbed": 2.6145944595336914,
          "delta": -0.0016472339630126953
        },
        "8": {
          "ce_perturbed": 2.6147632598876953,
          "delta": -0.001478433609008789
        }
      }
    },
    {
      "chain_id": "conv-26",
      "length": 19,
      "ce_normal": 2.47959041595459,
      "ce_nomem": 2.4745800495147705,
      "by_depth": {
        "1": {
          "ce_perturbed": 2.478863477706909,
          "delta": -0.0007269382476806641
        },
        "2": {
          "ce_perturbed": 2.4816322326660156,
          "delta": 0.0020418167114257812
        },
        "4": {
          "ce_perturbed": 2.481167793273926,
          "delta": 0.0015773773193359375
        },
        "8": {
          "ce_perturbed": 2.4785478115081787,
          "delta": -0.0010426044464111328
        }
      }
    }
  ]
}