{
  "model_path": "output/chain_v7_p0_softerbias/step-2000",
  "corpus": "paper_artifacts/chains/lme_val_s512.pt",
  "n_pa_scored": 48,
  "n_pa_cb_scored": 48,
  "pa_ws_ce_mem": 3.147513169054402,
  "pa_ws_ce_nomem": 3.0938131953340484,
  "pa_ws_ce_shuffle": 3.147513169054402,
  "pa_cb_ce_mem": 4.033439675295435,
  "pa_cb_ce_nomem": 3.9767508970264482,
  "pa_cb_ce_shuffle": 4.033439675295435,
  "pa_ws_dnm": -0.05369997372035362,
  "pa_ws_dsh": 0.0,
  "pa_cb_dnm": -0.056688778268986884,
  "pa_cb_dsh": 0.0,
  "rec_mode": "attention_parity",
  "rec_alpha_mem_max": 0.0009231516160070896,
  "rec_alpha_mem_mean": 0.0003647940175142139,
  "rec_alpha_mem_top": [
    [
      1,
      0.0009231516160070896
    ],
    [
      3,
      0.0009029898210428655
    ],
    [
      5,
      0.0006197665352374315
    ]
  ],
  "rec_frac_open": 0.0,
  "rec_per_sublayer_alpha_mem": [
    0.000490222195367096,
    0.0009231515941792168,
    0.0006117081138654612,
    0.0009029898283188231,
    0.0005840352314407937,
    0.0006197665279614739,
    0.000613833122770302,
    0.0004271511388651561,
    0.00042288877375540324,
    0.00022833932780486066,
    0.00047050390276126564,
    0.0003583914185583126,
    0.000369784640497528,
    0.00030826169313513674,
    0.00042350278090452775,
    0.00023324732137552928,
    0.0003436822480580304,
    0.00023293996673601214,
    0.0003122317539236974,
    0.00030511162185575813,
    0.0004422419660841115,
    0.000257462665103958,
    0.0004210425468045287,
    0.00031316338208853267,
    0.00032905986154219136,
    0.00032535038189962506,
    0.00039496626777690835,
    0.0002929123838839587,
    0.00029449196881614625,
    0.00026218625134788454,
    0.0002113429054588778,
    0.0002552289552113507,
    0.00021058087622805033,
    0.00043117440145579167,
    0.0005687174816557672,
    0.0005934056389378384,
    0.00038049353679525666,
    0.0004757913338835351,
    0.00023422164122166578,
    0.00018076263222610578,
    0.0002675941814231919,
    0.00035292108441353776,
    0.0003453976023592986,
    0.0002129452313965885,
    0.0002271763951284811,
    0.00019435546892054845,
    0.0002540710393077461,
    0.00022910450752533507,
    0.0003072837535000872,
    0.00015709311264799908,
    0.0002837880929291714,
    0.0002893372693506535,
    0.00022808866015111562,
    0.00021561041103268508,
    0.0004425627375894692
  ],
  "mt_norm_ratio_mean": 1.6581444319974164e-10,
  "mt_norm_ratio_max": 4.6108869459561335e-10
}