{
  "ckpt": "output/chain_v20a_f3_d4_pw03_codes_0p6b_frozen_local/best",
  "eval_corpus": "paper_artifacts/chains/synthd5_random_codes_val_s512.pt",
  "init_mode": "iid",
  "ttt_steps": 50,
  "ttt_lr": 0.01,
  "n_chains_scored": 32,
  "ce_writer_mean": 6.291224241256714,
  "ce_floor_mean": 6.2846473678946495,
  "ce_ttt_mean": 6.463158681988716,
  "ttt_lift_vs_floor": -0.17851131409406662,
  "ttt_lift_vs_writer": -0.17193444073200226,
  "verdict": "NEGATIVE: readout + LM-head subsystem cannot represent chain-specific recall regardless of M_c. ARCHITECTURE PIVOT REQUIRED. Do NOT launch writer-side cells (F2/sec1).",
  "per_chain": [
    {
      "chain_idx": 0,
      "cb_pos": 9,
      "ev_pos": 7,
      "n_callback_tok": 4,
      "ce_writer": 6.334454536437988,
      "ce_floor": 6.438535690307617,
      "ce_ttt": 6.872852802276611,
      "ev_loss_trace": [
        [
          0,
          1.0184937715530396
        ],
        [
          9,
          0.3440173864364624
        ],
        [
          24,
          0.2889997959136963
        ],
        [
          49,
          0.252580463886261
        ]
      ]
    },
    {
      "chain_idx": 1,
      "cb_pos": 9,
      "ev_pos": 4,
      "n_callback_tok": 4,
      "ce_writer": 6.280759334564209,
      "ce_floor": 6.358696460723877,
      "ce_ttt": 6.106191158294678,
      "ev_loss_trace": [
        [
          0,
          1.8286054134368896
        ],
        [
          9,
          0.5124928951263428
        ],
        [
          24,
          0.4360906183719635
        ],
        [
          49,
          0.34520718455314636
        ]
      ]
    },
    {
      "chain_idx": 2,
      "cb_pos": 9,
      "ev_pos": 4,
      "n_callback_tok": 4,
      "ce_writer": 7.482647895812988,
      "ce_floor": 7.460179805755615,
      "ce_ttt": 7.014106750488281,
      "ev_loss_trace": [
        [
          0,
          0.9621068835258484
        ],
        [
          9,
          0.3704247772693634
        ],
        [
          24,
          0.31581369042396545
        ],
        [
          49,
          0.2755662798881531
        ]
      ]
    },
    {
      "chain_idx": 3,
      "cb_pos": 9,
      "ev_pos": 5,
      "n_callback_tok": 3,
      "ce_writer": 7.707889080047607,
      "ce_floor": 7.653090953826904,
      "ce_ttt": 7.531024932861328,
      "ev_loss_trace": [
        [
          0,
          0.9692864418029785
        ],
        [
          9,
          0.31512129306793213
        ],
        [
          24,
          0.2734723687171936
        ],
        [
          49,
          0.2460332065820694
        ]
      ]
    },
    {
      "chain_idx": 4,
      "cb_pos": 9,
      "ev_pos": 0,
      "n_callback_tok": 5,
      "ce_writer": 4.031539440155029,
      "ce_floor": 4.076515197753906,
      "ce_ttt": 4.3713507652282715,
      "ev_loss_trace": [
        [
          0,
          1.0588046312332153
        ],
        [
          9,
          0.291567325592041
        ],
        [
          24,
          0.2638561427593231
        ],
        [
          49,
          0.24537037312984467
        ]
      ]
    },
    {
      "chain_idx": 5,
      "cb_pos": 9,
      "ev_pos": 3,
      "n_callback_tok": 3,
      "ce_writer": 9.392559051513672,
      "ce_floor": 8.164674758911133,
      "ce_ttt": 9.771517753601074,
      "ev_loss_trace": [
        [
          0,
          1.402137041091919
        ],
        [
          9,
          0.3232773244380951
        ],
        [
          24,
          0.27592185139656067
        ],
        [
          49,
          0.24797382950782776
        ]
      ]
    },
    {
      "chain_idx": 6,
      "cb_pos": 9,
      "ev_pos": 0,
      "n_callback_tok": 4,
      "ce_writer": 5.673742771148682,
      "ce_floor": 5.7064714431762695,
      "ce_ttt": 5.562790870666504,
      "ev_loss_trace": [
        [
          0,
          0.7875221967697144
        ],
        [
          9,
          0.2390843778848648
        ],
        [
          24,
          0.2169695347547531
        ],
        [
          49,
          0.19778427481651306
        ]
      ]
    },
    {
      "chain_idx": 7,
      "cb_pos": 9,
      "ev_pos": 2,
      "n_callback_tok": 3,
      "ce_writer": 8.42130184173584,
      "ce_floor": 8.717498779296875,
      "ce_ttt": 8.682792663574219,
      "ev_loss_trace": [
        [
          0,
          0.9861917495727539
        ],
        [
          9,
          0.31460925936698914
        ],
        [
          24,
          0.27493396401405334
        ],
        [
          49,
          0.24860765039920807
        ]
      ]
    },
    {
      "chain_idx": 8,
      "cb_pos": 9,
      "ev_pos": 5,
      "n_callback_tok": 5,
      "ce_writer": 4.686561107635498,
      "ce_floor": 4.690267086029053,
      "ce_ttt": 4.995809078216553,
      "ev_loss_trace": [
        [
          0,
          0.9394063949584961
        ],
        [
          9,
          0.3171321451663971
        ],
        [
          24,
          0.2833266854286194
        ],
        [
          49,
          0.25621819496154785
        ]
      ]
    },
    {
      "chain_idx": 9,
      "cb_pos": 9,
      "ev_pos": 0,
      "n_callback_tok": 3,
      "ce_writer": 8.210269927978516,
      "ce_floor": 8.186369895935059,
      "ce_ttt": 8.444622039794922,
      "ev_loss_trace": [
        [
          0,
          1.0564817190170288
        ],
        [
          9,
          0.3295326828956604
        ],
        [
          24,
          0.29401084780693054
        ],
        [
          49,
          0.25236836075782776
        ]
      ]
    },
    {
      "chain_idx": 10,
      "cb_pos": 9,
      "ev_pos": 0,
      "n_callback_tok": 6,
      "ce_writer": 4.261748313903809,
      "ce_floor": 4.285017967224121,
      "ce_ttt": 4.449950218200684,
      "ev_loss_trace": [
        [
          0,
          0.7325438261032104
        ],
        [
          9,
          0.3775218427181244
        ],
        [
          24,
          0.3502488434314728
        ],
        [
          49,
          0.31192588806152344
        ]
      ]
    },
    {
      "chain_idx": 11,
      "cb_pos": 9,
      "ev_pos": 1,
      "n_callback_tok": 4,
      "ce_writer": 5.473618507385254,
      "ce_floor": 5.664358139038086,
      "ce_ttt": 6.445581912994385,
      "ev_loss_trace": [
        [
          0,
          1.5319150686264038
        ],
        [
          9,
          0.3004363775253296
        ],
        [
          24,
          0.25328218936920166
        ],
        [
          49,
          0.2239188849925995
        ]
      ]
    },
    {
      "chain_idx": 12,
      "cb_pos": 9,
      "ev_pos": 5,
      "n_callback_tok": 3,
      "ce_writer": 6.311051845550537,
      "ce_floor": 6.138156414031982,
      "ce_ttt": 6.319694519042969,
      "ev_loss_trace": [
        [
          0,
          1.694286584854126
        ],
        [
          9,
          0.28897494077682495
        ],
        [
          24,
          0.25227680802345276
        ],
        [
          49,
          0.23698824644088745
        ]
      ]
    },
    {
      "chain_idx": 13,
      "cb_pos": 9,
      "ev_pos": 6,
      "n_callback_tok": 3,
      "ce_writer": 7.278120994567871,
      "ce_floor": 7.249542236328125,
      "ce_ttt": 7.50337028503418,
      "ev_loss_trace": [
        [
          0,
          1.4413574934005737
        ],
        [
          9,
          0.3111056387424469
        ],
        [
          24,
          0.2690586745738983
        ],
        [
          49,
          0.2371845841407776
        ]
      ]
    },
    {
      "chain_idx": 14,
      "cb_pos": 9,
      "ev_pos": 3,
      "n_callback_tok": 3,
      "ce_writer": 9.130361557006836,
      "ce_floor": 9.365811347961426,
      "ce_ttt": 8.673194885253906,