{
  "ckpt": "output/chain_v20a_f3_d4_pw03_codes_0p6b_frozen_local/best",
  "eval_corpus": "paper_artifacts/chains/synthd5_random_codes_val_s512.pt",
  "init_mode": "writer",
  "ttt_steps": 50,
  "ttt_lr": 0.01,
  "n_chains_scored": 32,
  "ce_writer_mean": 6.291224241256714,
  "ce_floor_mean": 6.2846473678946495,
  "ce_ttt_mean": 6.164801448583603,
  "ttt_lift_vs_floor": 0.1198459193110466,
  "ttt_lift_vs_writer": 0.12642279267311096,
  "verdict": "MIXED: readout has partial capacity. Compose F2 with read-side intervention (sec4 probe-bypass loss or sec2 DeltaNet writer).",
  "per_chain": [
    {
      "chain_idx": 0,
      "cb_pos": 9,
      "ev_pos": 7,
      "n_callback_tok": 4,
      "ce_writer": 6.334454536437988,
      "ce_floor": 6.438535690307617,
      "ce_ttt": 6.228640079498291,
      "ev_loss_trace": [
        [
          0,
          3.6373307704925537
        ],
        [
          9,
          1.4658026695251465
        ],
        [
          24,
          0.556847333908081
        ],
        [
          49,
          0.34394288063049316
        ]
      ]
    },
    {
      "chain_idx": 1,
      "cb_pos": 9,
      "ev_pos": 4,
      "n_callback_tok": 4,
      "ce_writer": 6.280759334564209,
      "ce_floor": 6.358696460723877,
      "ce_ttt": 6.2634077072143555,
      "ev_loss_trace": [
        [
          0,
          2.2970006465911865
        ],
        [
          9,
          0.8472167253494263
        ],
        [
          24,
          0.33928611874580383
        ],
        [
          49,
          0.25315436720848083
        ]
      ]
    },
    {
      "chain_idx": 2,
      "cb_pos": 9,
      "ev_pos": 4,
      "n_callback_tok": 4,
      "ce_writer": 7.482647895812988,
      "ce_floor": 7.460179805755615,
      "ce_ttt": 7.425313472747803,
      "ev_loss_trace": [
        [
          0,
          3.0857882499694824
        ],
        [
          9,
          1.1203546524047852
        ],
        [
          24,
          0.46348756551742554
        ],
        [
          49,
          0.3120959997177124
        ]
      ]
    },
    {
      "chain_idx": 3,
      "cb_pos": 9,
      "ev_pos": 5,
      "n_callback_tok": 3,
      "ce_writer": 7.707889080047607,
      "ce_floor": 7.653090953826904,
      "ce_ttt": 7.39509916305542,
      "ev_loss_trace": [
        [
          0,
          3.336064577102661
        ],
        [
          9,
          1.1813043355941772
        ],
        [
          24,
          0.5472902655601501
        ],
        [
          49,
          0.31836235523223877
        ]
      ]
    },
    {
      "chain_idx": 4,
      "cb_pos": 9,
      "ev_pos": 0,
      "n_callback_tok": 5,
      "ce_writer": 4.031539440155029,
      "ce_floor": 4.076515197753906,
      "ce_ttt": 4.249209880828857,
      "ev_loss_trace": [
        [
          0,
          1.9373359680175781
        ],
        [
          9,
          0.6937922835350037
        ],
        [
          24,
          0.4009229838848114
        ],
        [
          49,
          0.294878214597702
        ]
      ]
    },
    {
      "chain_idx": 5,
      "cb_pos": 9,
      "ev_pos": 3,
      "n_callback_tok": 3,
      "ce_writer": 9.392559051513672,
      "ce_floor": 8.164674758911133,
      "ce_ttt": 9.656439781188965,
      "ev_loss_trace": [
        [
          0,
          3.4909307956695557
        ],
        [
          9,
          1.3081766366958618
        ],
        [
          24,
          0.49996405839920044
        ],
        [
          49,
          0.3327445089817047
        ]
      ]
    },
    {
      "chain_idx": 6,
      "cb_pos": 9,
      "ev_pos": 0,
      "n_callback_tok": 4,
      "ce_writer": 5.673742771148682,
      "ce_floor": 5.7064714431762695,
      "ce_ttt": 5.35499906539917,
      "ev_loss_trace": [
        [
          0,
          2.465818405151367
        ],
        [
          9,
          0.8200013637542725
        ],
        [
          24,
          0.40011537075042725
        ],
        [
          49,
          0.3132179081439972
        ]
      ]
    },
    {
      "chain_idx": 7,
      "cb_pos": 9,
      "ev_pos": 2,
      "n_callback_tok": 3,
      "ce_writer": 8.42130184173584,
      "ce_floor": 8.717498779296875,
      "ce_ttt": 8.137636184692383,
      "ev_loss_trace": [
        [
          0,
          2.496842384338379
        ],
        [
          9,
          0.9807290434837341
        ],
        [
          24,
          0.5190220475196838
        ],
        [
          49,
          0.3427066206932068
        ]
      ]
    },
    {
      "chain_idx": 8,
      "cb_pos": 9,
      "ev_pos": 5,
      "n_callback_tok": 5,
      "ce_writer": 4.686561107635498,
      "ce_floor": 4.690267086029053,
      "ce_ttt": 4.620616436004639,
      "ev_loss_trace": [
        [
          0,
          2.713473081588745
        ],
        [
          9,
          1.005200982093811
        ],
        [
          24,
          0.45170384645462036
        ],
        [
          49,
          0.30353254079818726
        ]
      ]
    },
    {
      "chain_idx": 9,
      "cb_pos": 9,
      "ev_pos": 0,
      "n_callback_tok": 3,
      "ce_writer": 8.210269927978516,
      "ce_floor": 8.186369895935059,
      "ce_ttt": 7.608315944671631,
      "ev_loss_trace": [
        [
          0,
          2.06301212310791
        ],
        [
          9,
          0.7757009267807007
        ],
        [
          24,
          0.4183588922023773
        ],
        [
          49,
          0.3016323745250702
        ]
      ]
    },
    {
      "chain_idx": 10,
      "cb_pos": 9,
      "ev_pos": 0,
      "n_callback_tok": 6,
      "ce_writer": 4.261748313903809,
      "ce_floor": 4.285017967224121,
      "ce_ttt": 4.023407459259033,
      "ev_loss_trace": [
        [
          0,
          2.564805746078491
        ],
        [
          9,
          0.9944928288459778
        ],
        [
          24,
          0.47522976994514465
        ],
        [
          49,
          0.347525030374527
        ]
      ]
    },
    {
      "chain_idx": 11,
      "cb_pos": 9,
      "ev_pos": 1,
      "n_callback_tok": 4,
      "ce_writer": 5.473618507385254,
      "ce_floor": 5.664358139038086,
      "ce_ttt": 5.256688117980957,
      "ev_loss_trace": [
        [
          0,
          2.543926954269409
        ],
        [
          9,
          0.9885972738265991
        ],
        [
          24,
          0.48284220695495605
        ],
        [
          49,
          0.32434794306755066
        ]
      ]
    },
    {
      "chain_idx": 12,
      "cb_pos": 9,
      "ev_pos": 5,
      "n_callback_tok": 3,
      "ce_writer": 6.311051845550537,
      "ce_floor": 6.138156414031982,
      "ce_ttt": 6.163331508636475,
      "ev_loss_trace": [
        [
          0,
          2.8548331260681152
        ],
        [
          9,
          0.9318842887878418
        ],
        [
          24,
          0.44733330607414246
        ],
        [
          49,
          0.31658226251602173
        ]
      ]
    },
    {
      "chain_idx": 13,
      "cb_pos": 9,
      "ev_pos": 6,
      "n_callback_tok": 3,
      "ce_writer": 7.278120994567871,
      "ce_floor": 7.249542236328125,
      "ce_ttt": 6.864781379699707,
      "ev_loss_trace": [
        [
          0,
          3.357842206954956
        ],
        [
          9,
          1.1058470010757446
        ],
        [
          24,
          0.39339157938957214
        ],
        [
          49,
          0.3031561076641083
        ]
      ]
    },
    {
      "chain_idx": 14,
      "cb_pos": 9,
      "ev_pos": 3,
      "n_callback_tok": 3,
      "ce_writer": 9.130361557006836,
      "ce_floor": 9.365811347961426,
      "ce_ttt": 8.925559043884277,