{
  "ckpt": "output/chain_v20b_f3_d4_fw005_codes_0p6b_frozen_local/best",
  "eval_corpus": "paper_artifacts/chains/synthd5_random_codes_val_s512.pt",
  "init_mode": "writer",
  "ttt_steps": 50,
  "ttt_lr": 0.01,
  "n_chains_scored": 32,
  "ce_writer_mean": 5.861685156822205,
  "ce_floor_mean": 5.858284339308739,
  "ce_ttt_mean": 5.865880332887173,
  "ttt_lift_vs_floor": -0.0075959935784339905,
  "ttt_lift_vs_writer": -0.004195176064968109,
  "verdict": "NEGATIVE: readout + LM-head subsystem cannot represent chain-specific recall regardless of M_c. ARCHITECTURE PIVOT REQUIRED. Do NOT launch writer-side cells (F2/sec1).",
  "per_chain": [
    {
      "chain_idx": 0,
      "cb_pos": 9,
      "ev_pos": 7,
      "n_callback_tok": 4,
      "ce_writer": 5.523695945739746,
      "ce_floor": 5.5564188957214355,
      "ce_ttt": 5.43906307220459,
      "ev_loss_trace": [
        [
          0,
          1.209412693977356
        ],
        [
          9,
          0.8961753845214844
        ],
        [
          24,
          0.5872730016708374
        ],
        [
          49,
          0.3814752399921417
        ]
      ]
    },
    {
      "chain_idx": 1,
      "cb_pos": 9,
      "ev_pos": 4,
      "n_callback_tok": 4,
      "ce_writer": 6.084507942199707,
      "ce_floor": 6.1013007164001465,
      "ce_ttt": 6.2002973556518555,
      "ev_loss_trace": [
        [
          0,
          1.3991680145263672
        ],
        [
          9,
          1.0875951051712036
        ],
        [
          24,
          0.6915703415870667
        ],
        [
          49,
          0.4180351197719574
        ]
      ]
    },
    {
      "chain_idx": 2,
      "cb_pos": 9,
      "ev_pos": 4,
      "n_callback_tok": 4,
      "ce_writer": 6.986525535583496,
      "ce_floor": 6.914837837219238,
      "ce_ttt": 6.995602130889893,
      "ev_loss_trace": [
        [
          0,
          1.1309340000152588
        ],
        [
          9,
          0.7962587475776672
        ],
        [
          24,
          0.557162880897522
        ],
        [
          49,
          0.3814133405685425
        ]
      ]
    },
    {
      "chain_idx": 3,
      "cb_pos": 9,
      "ev_pos": 5,
      "n_callback_tok": 3,
      "ce_writer": 7.063096523284912,
      "ce_floor": 7.106894493103027,
      "ce_ttt": 7.159844875335693,
      "ev_loss_trace": [
        [
          0,
          0.8788968324661255
        ],
        [
          9,
          0.6506919860839844
        ],
        [
          24,
          0.46481090784072876
        ],
        [
          49,
          0.3600921928882599
        ]
      ]
    },
    {
      "chain_idx": 4,
      "cb_pos": 9,
      "ev_pos": 0,
      "n_callback_tok": 5,
      "ce_writer": 4.1125288009643555,
      "ce_floor": 4.0989909172058105,
      "ce_ttt": 4.004929542541504,
      "ev_loss_trace": [
        [
          0,
          0.8941965103149414
        ],
        [
          9,
          0.6924250721931458
        ],
        [
          24,
          0.47018909454345703
        ],
        [
          49,
          0.3260944187641144
        ]
      ]
    },
    {
      "chain_idx": 5,
      "cb_pos": 9,
      "ev_pos": 3,
      "n_callback_tok": 3,
      "ce_writer": 9.369348526000977,
      "ce_floor": 9.371562004089355,
      "ce_ttt": 9.479715347290039,
      "ev_loss_trace": [
        [
          0,
          1.2237508296966553
        ],
        [
          9,
          0.8522608876228333
        ],
        [
          24,
          0.552968442440033
        ],
        [
          49,
          0.3748788833618164
        ]
      ]
    },
    {
      "chain_idx": 6,
      "cb_pos": 9,
      "ev_pos": 0,
      "n_callback_tok": 4,
      "ce_writer": 5.158361911773682,
      "ce_floor": 5.1502485275268555,
      "ce_ttt": 5.256400108337402,
      "ev_loss_trace": [
        [
          0,
          1.0394667387008667
        ],
        [
          9,
          0.7762249112129211
        ],
        [
          24,
          0.5162940621376038
        ],
        [
          49,
          0.34818053245544434
        ]
      ]
    },
    {
      "chain_idx": 7,
      "cb_pos": 9,
      "ev_pos": 2,
      "n_callback_tok": 3,
      "ce_writer": 7.408669471740723,
      "ce_floor": 7.414210796356201,
      "ce_ttt": 7.239253520965576,
      "ev_loss_trace": [
        [
          0,
          0.878320038318634
        ],
        [
          9,
          0.673050582408905
        ],
        [
          24,
          0.4759162664413452
        ],
        [
          49,
          0.3212250769138336
        ]
      ]
    },
    {
      "chain_idx": 8,
      "cb_pos": 9,
      "ev_pos": 5,
      "n_callback_tok": 5,
      "ce_writer": 4.301380634307861,
      "ce_floor": 4.2941460609436035,
      "ce_ttt": 4.272879123687744,
      "ev_loss_trace": [
        [
          0,
          0.9101036190986633
        ],
        [
          9,
          0.6813432574272156
        ],
        [
          24,
          0.45482587814331055
        ],
        [
          49,
          0.3191104531288147
        ]
      ]
    },
    {
      "chain_idx": 9,
      "cb_pos": 9,
      "ev_pos": 0,
      "n_callback_tok": 3,
      "ce_writer": 7.094193935394287,
      "ce_floor": 7.0060577392578125,
      "ce_ttt": 6.881922721862793,
      "ev_loss_trace": [
        [
          0,
          0.8665624856948853
        ],
        [
          9,
          0.672794759273529
        ],
        [
          24,
          0.48025307059288025
        ],
        [
          49,
          0.3354185223579407
        ]
      ]
    },
    {
      "chain_idx": 10,
      "cb_pos": 9,
      "ev_pos": 0,
      "n_callback_tok": 6,
      "ce_writer": 3.986733913421631,
      "ce_floor": 4.0019025802612305,
      "ce_ttt": 4.032862663269043,
      "ev_loss_trace": [
        [
          0,
          0.8610731363296509
        ],
        [
          9,
          0.6884055137634277
        ],
        [
          24,
          0.5037544369697571
        ],
        [
          49,
          0.36547839641571045
        ]
      ]
    },
    {
      "chain_idx": 11,
      "cb_pos": 9,
      "ev_pos": 1,
      "n_callback_tok": 4,
      "ce_writer": 5.432726860046387,
      "ce_floor": 5.486698150634766,
      "ce_ttt": 5.480646133422852,
      "ev_loss_trace": [
        [
          0,
          1.3679182529449463
        ],
        [
          9,
          0.9960660934448242
        ],
        [
          24,
          0.646396815776825
        ],
        [
          49,
          0.3645024597644806
        ]
      ]
    },
    {
      "chain_idx": 12,
      "cb_pos": 9,
      "ev_pos": 5,
      "n_callback_tok": 3,
      "ce_writer": 6.622876167297363,
      "ce_floor": 6.6600799560546875,
      "ce_ttt": 6.4212799072265625,
      "ev_loss_trace": [
        [
          0,
          1.418015718460083
        ],
        [
          9,
          1.071995496749878
        ],
        [
          24,
          0.6918607354164124
        ],
        [
          49,
          0.429918497800827
        ]
      ]
    },
    {
      "chain_idx": 13,
      "cb_pos": 9,
      "ev_pos": 6,
      "n_callback_tok": 3,
      "ce_writer": 5.4016852378845215,
      "ce_floor": 5.362860679626465,
      "ce_ttt": 5.38731575012207,
      "ev_loss_trace": [
        [
          0,
          1.6502240896224976
        ],
        [
          9,
          1.2255542278289795
        ],
        [
          24,
          0.7490776777267456
        ],
        [
          49,
          0.4549880027770996
        ]
      ]
    },
    {
      "chain_idx": 14,
      "cb_pos": 9,
      "ev_pos": 3,
      "n_callback_tok": 3,
      "ce_writer": 7.805942535400391,
      "ce_floor": 7.833522796630859,
      "ce_ttt": 7.755776882171631,