{
  "ckpt": "output/chain_v20b_f3_d4_fw005_codes_0p6b_frozen_local/best",
  "eval_corpus": "paper_artifacts/chains/synthd5_random_codes_val_s512.pt",
  "init_mode": "iid",
  "ttt_steps": 50,
  "ttt_lr": 0.01,
  "n_chains_scored": 32,
  "ce_writer_mean": 5.861685156822205,
  "ce_floor_mean": 5.858284339308739,
  "ce_ttt_mean": 6.285388022661209,
  "ttt_lift_vs_floor": -0.4271036833524704,
  "ttt_lift_vs_writer": -0.4237028658390045,
  "verdict": "NEGATIVE: readout + LM-head subsystem cannot represent chain-specific recall regardless of M_c. ARCHITECTURE PIVOT REQUIRED. Do NOT launch writer-side cells (F2/sec1).",
  "per_chain": [
    {
      "chain_idx": 0,
      "cb_pos": 9,
      "ev_pos": 7,
      "n_callback_tok": 4,
      "ce_writer": 5.523695945739746,
      "ce_floor": 5.5564188957214355,
      "ce_ttt": 6.50813102722168,
      "ev_loss_trace": [
        [
          0,
          0.9043177366256714
        ],
        [
          9,
          0.28869980573654175
        ],
        [
          24,
          0.2638348639011383
        ],
        [
          49,
          0.2477828711271286
        ]
      ]
    },
    {
      "chain_idx": 1,
      "cb_pos": 9,
      "ev_pos": 4,
      "n_callback_tok": 4,
      "ce_writer": 6.084507942199707,
      "ce_floor": 6.1013007164001465,
      "ce_ttt": 6.200024127960205,
      "ev_loss_trace": [
        [
          0,
          0.9839960336685181
        ],
        [
          9,
          0.26982006430625916
        ],
        [
          24,
          0.24269479513168335
        ],
        [
          49,
          0.22694367170333862
        ]
      ]
    },
    {
      "chain_idx": 2,
      "cb_pos": 9,
      "ev_pos": 4,
      "n_callback_tok": 4,
      "ce_writer": 6.986525535583496,
      "ce_floor": 6.914837837219238,
      "ce_ttt": 7.236376762390137,
      "ev_loss_trace": [
        [
          0,
          0.7997658252716064
        ],
        [
          9,
          0.28150179982185364
        ],
        [
          24,
          0.25334909558296204
        ],
        [
          49,
          0.23886436223983765
        ]
      ]
    },
    {
      "chain_idx": 3,
      "cb_pos": 9,
      "ev_pos": 5,
      "n_callback_tok": 3,
      "ce_writer": 7.063096523284912,
      "ce_floor": 7.106894493103027,
      "ce_ttt": 7.481724739074707,
      "ev_loss_trace": [
        [
          0,
          0.7478771209716797
        ],
        [
          9,
          0.2599865794181824
        ],
        [
          24,
          0.23764580488204956
        ],
        [
          49,
          0.2206784188747406
        ]
      ]
    },
    {
      "chain_idx": 4,
      "cb_pos": 9,
      "ev_pos": 0,
      "n_callback_tok": 5,
      "ce_writer": 4.1125288009643555,
      "ce_floor": 4.0989909172058105,
      "ce_ttt": 4.366395950317383,
      "ev_loss_trace": [
        [
          0,
          0.8669476509094238
        ],
        [
          9,
          0.30693256855010986
        ],
        [
          24,
          0.26861390471458435
        ],
        [
          49,
          0.23863951861858368
        ]
      ]
    },
    {
      "chain_idx": 5,
      "cb_pos": 9,
      "ev_pos": 3,
      "n_callback_tok": 3,
      "ce_writer": 9.369348526000977,
      "ce_floor": 9.371562004089355,
      "ce_ttt": 9.375715255737305,
      "ev_loss_trace": [
        [
          0,
          0.9702674150466919
        ],
        [
          9,
          0.27483946084976196
        ],
        [
          24,
          0.24227941036224365
        ],
        [
          49,
          0.2311670333147049
        ]
      ]
    },
    {
      "chain_idx": 6,
      "cb_pos": 9,
      "ev_pos": 0,
      "n_callback_tok": 4,
      "ce_writer": 5.158361911773682,
      "ce_floor": 5.1502485275268555,
      "ce_ttt": 5.41094970703125,
      "ev_loss_trace": [
        [
          0,
          0.7345402240753174
        ],
        [
          9,
          0.24041995406150818
        ],
        [
          24,
          0.21787531673908234
        ],
        [
          49,
          0.20391705632209778
        ]
      ]
    },
    {
      "chain_idx": 7,
      "cb_pos": 9,
      "ev_pos": 2,
      "n_callback_tok": 3,
      "ce_writer": 7.408669471740723,
      "ce_floor": 7.414210796356201,
      "ce_ttt": 7.794318675994873,
      "ev_loss_trace": [
        [
          0,
          0.774945080280304
        ],
        [
          9,
          0.2675848603248596
        ],
        [
          24,
          0.24714675545692444
        ],
        [
          49,
          0.23419630527496338
        ]
      ]
    },
    {
      "chain_idx": 8,
      "cb_pos": 9,
      "ev_pos": 5,
      "n_callback_tok": 5,
      "ce_writer": 4.301380634307861,
      "ce_floor": 4.2941460609436035,
      "ce_ttt": 5.049537658691406,
      "ev_loss_trace": [
        [
          0,
          0.7346421480178833
        ],
        [
          9,
          0.25654807686805725
        ],
        [
          24,
          0.234086811542511
        ],
        [
          49,
          0.22765710949897766
        ]
      ]
    },
    {
      "chain_idx": 9,
      "cb_pos": 9,
      "ev_pos": 0,
      "n_callback_tok": 3,
      "ce_writer": 7.094193935394287,
      "ce_floor": 7.0060577392578125,
      "ce_ttt": 7.290628433227539,
      "ev_loss_trace": [
        [
          0,
          0.8515923619270325
        ],
        [
          9,
          0.26461344957351685
        ],
        [
          24,
          0.2444567233324051
        ],
        [
          49,
          0.22708384692668915
        ]
      ]
    },
    {
      "chain_idx": 10,
      "cb_pos": 9,
      "ev_pos": 0,
      "n_callback_tok": 6,
      "ce_writer": 3.986733913421631,
      "ce_floor": 4.0019025802612305,
      "ce_ttt": 4.205150604248047,
      "ev_loss_trace": [
        [
          0,
          0.6881411075592041
        ],
        [
          9,
          0.24984191358089447
        ],
        [
          24,
          0.22193917632102966
        ],
        [
          49,
          0.20129525661468506
        ]
      ]
    },
    {
      "chain_idx": 11,
      "cb_pos": 9,
      "ev_pos": 1,
      "n_callback_tok": 4,
      "ce_writer": 5.432726860046387,
      "ce_floor": 5.486698150634766,
      "ce_ttt": 6.091360092163086,
      "ev_loss_trace": [
        [
          0,
          1.0583089590072632
        ],
        [
          9,
          0.3001544177532196
        ],
        [
          24,
          0.26839888095855713
        ],
        [
          49,
          0.2351873815059662
        ]
      ]
    },
    {
      "chain_idx": 12,
      "cb_pos": 9,
      "ev_pos": 5,
      "n_callback_tok": 3,
      "ce_writer": 6.622876167297363,
      "ce_floor": 6.6600799560546875,
      "ce_ttt": 6.65806770324707,
      "ev_loss_trace": [
        [
          0,
          1.4894245862960815
        ],
        [
          9,
          0.2940249741077423
        ],
        [
          24,
          0.2778181731700897
        ],
        [
          49,
          0.25962257385253906
        ]
      ]
    },
    {
      "chain_idx": 13,
      "cb_pos": 9,
      "ev_pos": 6,
      "n_callback_tok": 3,
      "ce_writer": 5.4016852378845215,
      "ce_floor": 5.362860679626465,
      "ce_ttt": 6.7196455001831055,
      "ev_loss_trace": [
        [
          0,
          1.1625161170959473
        ],
        [
          9,
          0.31869038939476013
        ],
        [
          24,
          0.2821789085865021
        ],
        [
          49,
          0.2488734871149063
        ]
      ]
    },
    {
      "chain_idx": 14,
      "cb_pos": 9,
      "ev_pos": 3,
      "n_callback_tok": 3,
      "ce_writer": 7.805942535400391,
      "ce_floor": 7.833522796630859,
      "ce_ttt": 8.15799331665039,