{
  "ckpt": "output/chain_v22a_f3_d4_pw04_codes_0p6b_frozen_local/best",
  "eval_corpus": "paper_artifacts/chains/synthd5_random_codes_val_s512.pt",
  "init_mode": "iid",
  "ttt_steps": 50,
  "ttt_lr": 0.01,
  "n_chains_scored": 32,
  "ce_writer_mean": 6.045115813612938,
  "ce_floor_mean": 6.073365956544876,
  "ce_ttt_mean": 6.530603781342506,
  "ttt_lift_vs_floor": -0.4572378247976303,
  "ttt_lift_vs_writer": -0.4854879677295685,
  "verdict": "NEGATIVE: readout + LM-head subsystem cannot represent chain-specific recall regardless of M_c. ARCHITECTURE PIVOT REQUIRED. Do NOT launch writer-side cells (F2/sec1).",
  "per_chain": [
    {
      "chain_idx": 0,
      "cb_pos": 9,
      "ev_pos": 7,
      "n_callback_tok": 4,
      "ce_writer": 5.596477508544922,
      "ce_floor": 5.6841912269592285,
      "ce_ttt": 6.696868419647217,
      "ev_loss_trace": [
        [
          0,
          0.9234270453453064
        ],
        [
          9,
          0.3026134967803955
        ],
        [
          24,
          0.2613714635372162
        ],
        [
          49,
          0.23578058183193207
        ]
      ]
    },
    {
      "chain_idx": 1,
      "cb_pos": 9,
      "ev_pos": 4,
      "n_callback_tok": 4,
      "ce_writer": 6.252131938934326,
      "ce_floor": 6.341591835021973,
      "ce_ttt": 6.102799415588379,
      "ev_loss_trace": [
        [
          0,
          1.3985239267349243
        ],
        [
          9,
          0.4327297508716583
        ],
        [
          24,
          0.3671431243419647
        ],
        [
          49,
          0.3084947168827057
        ]
      ]
    },
    {
      "chain_idx": 2,
      "cb_pos": 9,
      "ev_pos": 4,
      "n_callback_tok": 4,
      "ce_writer": 8.591706275939941,
      "ce_floor": 8.485747337341309,
      "ce_ttt": 6.931668281555176,
      "ev_loss_trace": [
        [
          0,
          0.9997498989105225
        ],
        [
          9,
          0.3239157795906067
        ],
        [
          24,
          0.2823198139667511
        ],
        [
          49,
          0.25316041707992554
        ]
      ]
    },
    {
      "chain_idx": 3,
      "cb_pos": 9,
      "ev_pos": 5,
      "n_callback_tok": 3,
      "ce_writer": 6.999903678894043,
      "ce_floor": 7.057575225830078,
      "ce_ttt": 7.599595546722412,
      "ev_loss_trace": [
        [
          0,
          0.7957023978233337
        ],
        [
          9,
          0.24468442797660828
        ],
        [
          24,
          0.22624245285987854
        ],
        [
          49,
          0.22041474282741547
        ]
      ]
    },
    {
      "chain_idx": 4,
      "cb_pos": 9,
      "ev_pos": 0,
      "n_callback_tok": 5,
      "ce_writer": 4.00296688079834,
      "ce_floor": 4.073521137237549,
      "ce_ttt": 4.300158977508545,
      "ev_loss_trace": [
        [
          0,
          1.0370732545852661
        ],
        [
          9,
          0.27546459436416626
        ],
        [
          24,
          0.2508208453655243
        ],
        [
          49,
          0.2381475567817688
        ]
      ]
    },
    {
      "chain_idx": 5,
      "cb_pos": 9,
      "ev_pos": 3,
      "n_callback_tok": 3,
      "ce_writer": 8.54883861541748,
      "ce_floor": 8.639665603637695,
      "ce_ttt": 9.435991287231445,
      "ev_loss_trace": [
        [
          0,
          1.2370539903640747
        ],
        [
          9,
          0.2799285352230072
        ],
        [
          24,
          0.2504115104675293
        ],
        [
          49,
          0.23463761806488037
        ]
      ]
    },
    {
      "chain_idx": 6,
      "cb_pos": 9,
      "ev_pos": 0,
      "n_callback_tok": 4,
      "ce_writer": 5.061672210693359,
      "ce_floor": 5.044155597686768,
      "ce_ttt": 5.706172943115234,
      "ev_loss_trace": [
        [
          0,
          0.784735918045044
        ],
        [
          9,
          0.27256640791893005
        ],
        [
          24,
          0.2435731589794159
        ],
        [
          49,
          0.22075887024402618
        ]
      ]
    },
    {
      "chain_idx": 7,
      "cb_pos": 9,
      "ev_pos": 2,
      "n_callback_tok": 3,
      "ce_writer": 7.567440032958984,
      "ce_floor": 7.548106670379639,
      "ce_ttt": 8.803688049316406,
      "ev_loss_trace": [
        [
          0,
          0.857843816280365
        ],
        [
          9,
          0.2645210325717926
        ],
        [
          24,
          0.24584174156188965
        ],
        [
          49,
          0.22835706174373627
        ]
      ]
    },
    {
      "chain_idx": 8,
      "cb_pos": 9,
      "ev_pos": 5,
      "n_callback_tok": 5,
      "ce_writer": 4.494370937347412,
      "ce_floor": 4.479720592498779,
      "ce_ttt": 5.196103096008301,
      "ev_loss_trace": [
        [
          0,
          1.015098214149475
        ],
        [
          9,
          0.3149139881134033
        ],
        [
          24,
          0.27499476075172424
        ],
        [
          49,
          0.24552832543849945
        ]
      ]
    },
    {
      "chain_idx": 9,
      "cb_pos": 9,
      "ev_pos": 0,
      "n_callback_tok": 3,
      "ce_writer": 6.9173431396484375,
      "ce_floor": 6.836499214172363,
      "ce_ttt": 8.14908504486084,
      "ev_loss_trace": [
        [
          0,
          0.9543291926383972
        ],
        [
          9,
          0.2645042836666107
        ],
        [
          24,
          0.24417923390865326
        ],
        [
          49,
          0.22130011022090912
        ]
      ]
    },
    {
      "chain_idx": 10,
      "cb_pos": 9,
      "ev_pos": 0,
      "n_callback_tok": 6,
      "ce_writer": 4.305215358734131,
      "ce_floor": 4.214966297149658,
      "ce_ttt": 4.318986415863037,
      "ev_loss_trace": [
        [
          0,
          0.7548176050186157
        ],
        [
          9,
          0.31059542298316956
        ],
        [
          24,
          0.2813960313796997
        ],
        [
          49,
          0.2489253580570221
        ]
      ]
    },
    {
      "chain_idx": 11,
      "cb_pos": 9,
      "ev_pos": 1,
      "n_callback_tok": 4,
      "ce_writer": 6.077611923217773,
      "ce_floor": 6.143681049346924,
      "ce_ttt": 7.805721282958984,
      "ev_loss_trace": [
        [
          0,
          1.3432248830795288
        ],
        [
          9,
          0.2725447416305542
        ],
        [
          24,
          0.2392709106206894
        ],
        [
          49,
          0.22047370672225952
        ]
      ]
    },
    {
      "chain_idx": 12,
      "cb_pos": 9,
      "ev_pos": 5,
      "n_callback_tok": 3,
      "ce_writer": 6.911283016204834,
      "ce_floor": 7.124049186706543,
      "ce_ttt": 6.215027809143066,
      "ev_loss_trace": [
        [
          0,
          1.541089415550232
        ],
        [
          9,
          0.27416855096817017
        ],
        [
          24,
          0.24446822702884674
        ],
        [
          49,
          0.22127452492713928
        ]
      ]
    },
    {
      "chain_idx": 13,
      "cb_pos": 9,
      "ev_pos": 6,
      "n_callback_tok": 3,
      "ce_writer": 5.5599565505981445,
      "ce_floor": 5.515130043029785,
      "ce_ttt": 8.196564674377441,
      "ev_loss_trace": [
        [
          0,
          1.1840851306915283
        ],
        [
          9,
          0.24552451074123383
        ],
        [
          24,
          0.21879765391349792
        ],
        [
          49,
          0.19810298085212708
        ]
      ]
    },
    {
      "chain_idx": 14,
      "cb_pos": 9,
      "ev_pos": 3,
      "n_callback_tok": 3,
      "ce_writer": 7.623216152191162,
      "ce_floor": 7.701474189758301,
      "ce_ttt": 8.579492568969727,