{
  "ckpt": "output/chain_v22a_f3_d4_pw04_codes_0p6b_frozen_local/best",
  "eval_corpus": "paper_artifacts/chains/synthd5_random_codes_val_s512.pt",
  "init_mode": "writer",
  "ttt_steps": 50,
  "ttt_lr": 0.01,
  "n_chains_scored": 32,
  "ce_writer_mean": 6.045115813612938,
  "ce_floor_mean": 6.073365956544876,
  "ce_ttt_mean": 6.083485916256905,
  "ttt_lift_vs_floor": -0.010119959712028503,
  "ttt_lift_vs_writer": -0.038370102643966675,
  "verdict": "NEGATIVE: readout + LM-head subsystem cannot represent chain-specific recall regardless of M_c. ARCHITECTURE PIVOT REQUIRED. Do NOT launch writer-side cells (F2/sec1).",
  "per_chain": [
    {
      "chain_idx": 0,
      "cb_pos": 9,
      "ev_pos": 7,
      "n_callback_tok": 4,
      "ce_writer": 5.596477508544922,
      "ce_floor": 5.6841912269592285,
      "ce_ttt": 6.02805233001709,
      "ev_loss_trace": [
        [
          0,
          3.433739423751831
        ],
        [
          9,
          1.4205809831619263
        ],
        [
          24,
          0.5146688222885132
        ],
        [
          49,
          0.32703158259391785
        ]
      ]
    },
    {
      "chain_idx": 1,
      "cb_pos": 9,
      "ev_pos": 4,
      "n_callback_tok": 4,
      "ce_writer": 6.252131938934326,
      "ce_floor": 6.341591835021973,
      "ce_ttt": 5.896178245544434,
      "ev_loss_trace": [
        [
          0,
          3.714346408843994
        ],
        [
          9,
          1.7178536653518677
        ],
        [
          24,
          0.636712908744812
        ],
        [
          49,
          0.3008677363395691
        ]
      ]
    },
    {
      "chain_idx": 2,
      "cb_pos": 9,
      "ev_pos": 4,
      "n_callback_tok": 4,
      "ce_writer": 8.591706275939941,
      "ce_floor": 8.485747337341309,
      "ce_ttt": 8.657638549804688,
      "ev_loss_trace": [
        [
          0,
          2.8722989559173584
        ],
        [
          9,
          1.0144627094268799
        ],
        [
          24,
          0.4226902425289154
        ],
        [
          49,
          0.29833129048347473
        ]
      ]
    },
    {
      "chain_idx": 3,
      "cb_pos": 9,
      "ev_pos": 5,
      "n_callback_tok": 3,
      "ce_writer": 6.999903678894043,
      "ce_floor": 7.057575225830078,
      "ce_ttt": 7.091113567352295,
      "ev_loss_trace": [
        [
          0,
          2.254972457885742
        ],
        [
          9,
          0.9116541743278503
        ],
        [
          24,
          0.35606828331947327
        ],
        [
          49,
          0.2775096297264099
        ]
      ]
    },
    {
      "chain_idx": 4,
      "cb_pos": 9,
      "ev_pos": 0,
      "n_callback_tok": 5,
      "ce_writer": 4.00296688079834,
      "ce_floor": 4.073521137237549,
      "ce_ttt": 4.181338787078857,
      "ev_loss_trace": [
        [
          0,
          2.3869636058807373
        ],
        [
          9,
          0.8691326379776001
        ],
        [
          24,
          0.4011668264865875
        ],
        [
          49,
          0.30477941036224365
        ]
      ]
    },
    {
      "chain_idx": 5,
      "cb_pos": 9,
      "ev_pos": 3,
      "n_callback_tok": 3,
      "ce_writer": 8.54883861541748,
      "ce_floor": 8.639665603637695,
      "ce_ttt": 8.632832527160645,
      "ev_loss_trace": [
        [
          0,
          3.2762014865875244
        ],
        [
          9,
          1.4480125904083252
        ],
        [
          24,
          0.49223592877388
        ],
        [
          49,
          0.30996018648147583
        ]
      ]
    },
    {
      "chain_idx": 6,
      "cb_pos": 9,
      "ev_pos": 0,
      "n_callback_tok": 4,
      "ce_writer": 5.061672210693359,
      "ce_floor": 5.044155597686768,
      "ce_ttt": 5.092112064361572,
      "ev_loss_trace": [
        [
          0,
          2.9984071254730225
        ],
        [
          9,
          1.2103837728500366
        ],
        [
          24,
          0.47207632660865784
        ],
        [
          49,
          0.3271845281124115
        ]
      ]
    },
    {
      "chain_idx": 7,
      "cb_pos": 9,
      "ev_pos": 2,
      "n_callback_tok": 3,
      "ce_writer": 7.567440032958984,
      "ce_floor": 7.548106670379639,
      "ce_ttt": 7.673547267913818,
      "ev_loss_trace": [
        [
          0,
          2.8904809951782227
        ],
        [
          9,
          1.1507761478424072
        ],
        [
          24,
          0.48086947202682495
        ],
        [
          49,
          0.3373998701572418
        ]
      ]
    },
    {
      "chain_idx": 8,
      "cb_pos": 9,
      "ev_pos": 5,
      "n_callback_tok": 5,
      "ce_writer": 4.494370937347412,
      "ce_floor": 4.479720592498779,
      "ce_ttt": 4.773171901702881,
      "ev_loss_trace": [
        [
          0,
          2.711811065673828
        ],
        [
          9,
          1.1089942455291748
        ],
        [
          24,
          0.44437816739082336
        ],
        [
          49,
          0.32500219345092773
        ]
      ]
    },
    {
      "chain_idx": 9,
      "cb_pos": 9,
      "ev_pos": 0,
      "n_callback_tok": 3,
      "ce_writer": 6.9173431396484375,
      "ce_floor": 6.836499214172363,
      "ce_ttt": 7.055684566497803,
      "ev_loss_trace": [
        [
          0,
          3.0795607566833496
        ],
        [
          9,
          1.3342702388763428
        ],
        [
          24,
          0.4547560513019562
        ],
        [
          49,
          0.30398809909820557
        ]
      ]
    },
    {
      "chain_idx": 10,
      "cb_pos": 9,
      "ev_pos": 0,
      "n_callback_tok": 6,
      "ce_writer": 4.305215358734131,
      "ce_floor": 4.214966297149658,
      "ce_ttt": 4.560145854949951,
      "ev_loss_trace": [
        [
          0,
          2.673269033432007
        ],
        [
          9,
          0.9333529472351074
        ],
        [
          24,
          0.46678298711776733
        ],
        [
          49,
          0.33811983466148376
        ]
      ]
    },
    {
      "chain_idx": 11,
      "cb_pos": 9,
      "ev_pos": 1,
      "n_callback_tok": 4,
      "ce_writer": 6.077611923217773,
      "ce_floor": 6.143681049346924,
      "ce_ttt": 6.115745544433594,
      "ev_loss_trace": [
        [
          0,
          3.5371527671813965
        ],
        [
          9,
          1.4411845207214355
        ],
        [
          24,
          0.4700562357902527
        ],
        [
          49,
          0.2910785973072052
        ]
      ]
    },
    {
      "chain_idx": 12,
      "cb_pos": 9,
      "ev_pos": 5,
      "n_callback_tok": 3,
      "ce_writer": 6.911283016204834,
      "ce_floor": 7.124049186706543,
      "ce_ttt": 6.5306854248046875,
      "ev_loss_trace": [
        [
          0,
          3.381072521209717
        ],
        [
          9,
          1.4012482166290283
        ],
        [
          24,
          0.49845534563064575
        ],
        [
          49,
          0.3047836422920227
        ]
      ]
    },
    {
      "chain_idx": 13,
      "cb_pos": 9,
      "ev_pos": 6,
      "n_callback_tok": 3,
      "ce_writer": 5.5599565505981445,
      "ce_floor": 5.515130043029785,
      "ce_ttt": 5.610540390014648,
      "ev_loss_trace": [
        [
          0,
          4.219274520874023
        ],
        [
          9,
          2.054030418395996
        ],
        [
          24,
          0.7422358393669128
        ],
        [
          49,
          0.337159126996994
        ]
      ]
    },
    {
      "chain_idx": 14,
      "cb_pos": 9,
      "ev_pos": 3,
      "n_callback_tok": 3,
      "ce_writer": 7.623216152191162,
      "ce_floor": 7.701474189758301,
      "ce_ttt": 7.604251384735107,