{
  "ckpt": "output/chain_v22c_f3_d4_pw06_codes_0p6b_frozen_local/best",
  "eval_corpus": "paper_artifacts/chains/synthd5_random_codes_val_s512.pt",
  "init_mode": "iid",
  "ttt_steps": 50,
  "ttt_lr": 0.01,
  "n_chains_scored": 32,
  "ce_writer_mean": 6.109301708638668,
  "ce_floor_mean": 6.123773366212845,
  "ce_ttt_mean": 6.60898269712925,
  "ttt_lift_vs_floor": -0.4852093309164047,
  "ttt_lift_vs_writer": -0.4996809884905815,
  "verdict": "NEGATIVE: readout + LM-head subsystem cannot represent chain-specific recall regardless of M_c. ARCHITECTURE PIVOT REQUIRED. Do NOT launch writer-side cells (F2/sec1).",
  "per_chain": [
    {
      "chain_idx": 0,
      "cb_pos": 9,
      "ev_pos": 7,
      "n_callback_tok": 4,
      "ce_writer": 5.878939628601074,
      "ce_floor": 5.934466361999512,
      "ce_ttt": 6.62152624130249,
      "ev_loss_trace": [
        [
          0,
          1.2175285816192627
        ],
        [
          9,
          0.3184586465358734
        ],
        [
          24,
          0.2877037823200226
        ],
        [
          49,
          0.26513320207595825
        ]
      ]
    },
    {
      "chain_idx": 1,
      "cb_pos": 9,
      "ev_pos": 4,
      "n_callback_tok": 4,
      "ce_writer": 6.173749923706055,
      "ce_floor": 6.17371940612793,
      "ce_ttt": 6.548163414001465,
      "ev_loss_trace": [
        [
          0,
          1.7579642534255981
        ],
        [
          9,
          0.35499057173728943
        ],
        [
          24,
          0.3069572150707245
        ],
        [
          49,
          0.2748267352581024
        ]
      ]
    },
    {
      "chain_idx": 2,
      "cb_pos": 9,
      "ev_pos": 4,
      "n_callback_tok": 4,
      "ce_writer": 7.287172317504883,
      "ce_floor": 7.407458305358887,
      "ce_ttt": 7.112250328063965,
      "ev_loss_trace": [
        [
          0,
          1.2124437093734741
        ],
        [
          9,
          0.32664167881011963
        ],
        [
          24,
          0.27640774846076965
        ],
        [
          49,
          0.25487133860588074
        ]
      ]
    },
    {
      "chain_idx": 3,
      "cb_pos": 9,
      "ev_pos": 5,
      "n_callback_tok": 3,
      "ce_writer": 7.4071269035339355,
      "ce_floor": 7.375802516937256,
      "ce_ttt": 7.544349193572998,
      "ev_loss_trace": [
        [
          0,
          1.1407207250595093
        ],
        [
          9,
          0.3181041181087494
        ],
        [
          24,
          0.28459978103637695
        ],
        [
          49,
          0.25886479020118713
        ]
      ]
    },
    {
      "chain_idx": 4,
      "cb_pos": 9,
      "ev_pos": 0,
      "n_callback_tok": 5,
      "ce_writer": 4.448277950286865,
      "ce_floor": 4.472461700439453,
      "ce_ttt": 4.743030071258545,
      "ev_loss_trace": [
        [
          0,
          1.5068174600601196
        ],
        [
          9,
          0.4010993242263794
        ],
        [
          24,
          0.34709444642066956
        ],
        [
          49,
          0.30020058155059814
        ]
      ]
    },
    {
      "chain_idx": 5,
      "cb_pos": 9,
      "ev_pos": 3,
      "n_callback_tok": 3,
      "ce_writer": 9.308046340942383,
      "ce_floor": 9.294983863830566,
      "ce_ttt": 9.382097244262695,
      "ev_loss_trace": [
        [
          0,
          1.5501482486724854
        ],
        [
          9,
          0.31755882501602173
        ],
        [
          24,
          0.2884279787540436
        ],
        [
          49,
          0.2544463276863098
        ]
      ]
    },
    {
      "chain_idx": 6,
      "cb_pos": 9,
      "ev_pos": 0,
      "n_callback_tok": 4,
      "ce_writer": 5.457466125488281,
      "ce_floor": 5.43057918548584,
      "ce_ttt": 5.834983825683594,
      "ev_loss_trace": [
        [
          0,
          1.1981865167617798
        ],
        [
          9,
          0.35923489928245544
        ],
        [
          24,
          0.3228107690811157
        ],
        [
          49,
          0.28990405797958374
        ]
      ]
    },
    {
      "chain_idx": 7,
      "cb_pos": 9,
      "ev_pos": 2,
      "n_callback_tok": 3,
      "ce_writer": 7.629000663757324,
      "ce_floor": 7.612525463104248,
      "ce_ttt": 9.00403118133545,
      "ev_loss_trace": [
        [
          0,
          1.2107504606246948
        ],
        [
          9,
          0.29941707849502563
        ],
        [
          24,
          0.27749645709991455
        ],
        [
          49,
          0.25446394085884094
        ]
      ]
    },
    {
      "chain_idx": 8,
      "cb_pos": 9,
      "ev_pos": 5,
      "n_callback_tok": 5,
      "ce_writer": 4.564359188079834,
      "ce_floor": 4.586194038391113,
      "ce_ttt": 5.292389392852783,
      "ev_loss_trace": [
        [
          0,
          1.2975153923034668
        ],
        [
          9,
          0.37320005893707275
        ],
        [
          24,
          0.3281802535057068
        ],
        [
          49,
          0.30023103952407837
        ]
      ]
    },
    {
      "chain_idx": 9,
      "cb_pos": 9,
      "ev_pos": 0,
      "n_callback_tok": 3,
      "ce_writer": 6.969224452972412,
      "ce_floor": 6.90106201171875,
      "ce_ttt": 8.597232818603516,
      "ev_loss_trace": [
        [
          0,
          1.316484808921814
        ],
        [
          9,
          0.3498636782169342
        ],
        [
          24,
          0.3105802834033966
        ],
        [
          49,
          0.2807989716529846
        ]
      ]
    },
    {
      "chain_idx": 10,
      "cb_pos": 9,
      "ev_pos": 0,
      "n_callback_tok": 6,
      "ce_writer": 4.35774040222168,
      "ce_floor": 4.348780632019043,
      "ce_ttt": 4.414622783660889,
      "ev_loss_trace": [
        [
          0,
          1.0009431838989258
        ],
        [
          9,
          0.2865724265575409
        ],
        [
          24,
          0.2591005861759186
        ],
        [
          49,
          0.2350989580154419
        ]
      ]
    },
    {
      "chain_idx": 11,
      "cb_pos": 9,
      "ev_pos": 1,
      "n_callback_tok": 4,
      "ce_writer": 5.8738298416137695,
      "ce_floor": 5.886631011962891,
      "ce_ttt": 6.6204657554626465,
      "ev_loss_trace": [
        [
          0,
          1.7684197425842285
        ],
        [
          9,
          0.36608803272247314
        ],
        [
          24,
          0.281185507774353
        ],
        [
          49,
          0.24913905560970306
        ]
      ]
    },
    {
      "chain_idx": 12,
      "cb_pos": 9,
      "ev_pos": 5,
      "n_callback_tok": 3,
      "ce_writer": 6.517963409423828,
      "ce_floor": 6.590007305145264,
      "ce_ttt": 6.985518455505371,
      "ev_loss_trace": [
        [
          0,
          1.8969258069992065
        ],
        [
          9,
          0.3217635452747345
        ],
        [
          24,
          0.28872182965278625
        ],
        [
          49,
          0.2678881287574768
        ]
      ]
    },
    {
      "chain_idx": 13,
      "cb_pos": 9,
      "ev_pos": 6,
      "n_callback_tok": 3,
      "ce_writer": 6.111953258514404,
      "ce_floor": 6.099792003631592,
      "ce_ttt": 7.275561332702637,
      "ev_loss_trace": [
        [
          0,
          1.9343582391738892
        ],
        [
          9,
          0.35822534561157227
        ],
        [
          24,
          0.29576221108436584
        ],
        [
          49,
          0.2652316391468048
        ]
      ]
    },
    {
      "chain_idx": 14,
      "cb_pos": 9,
      "ev_pos": 3,
      "n_callback_tok": 3,
      "ce_writer": 8.131380081176758,
      "ce_floor": 8.15527629852295,
      "ce_ttt": 8.186497688293457,