{
  "ckpt": "output/chain_v22c_f3_d4_pw06_codes_0p6b_frozen_local/best",
  "eval_corpus": "paper_artifacts/chains/synthd5_random_codes_val_s512.pt",
  "init_mode": "writer",
  "ttt_steps": 50,
  "ttt_lr": 0.01,
  "n_chains_scored": 32,
  "ce_writer_mean": 6.109301708638668,
  "ce_floor_mean": 6.123773366212845,
  "ce_ttt_mean": 6.189535140991211,
  "ttt_lift_vs_floor": -0.06576177477836609,
  "ttt_lift_vs_writer": -0.08023343235254288,
  "verdict": "NEGATIVE: readout + LM-head subsystem cannot represent chain-specific recall regardless of M_c. ARCHITECTURE PIVOT REQUIRED. Do NOT launch writer-side cells (F2/sec1).",
  "per_chain": [
    {
      "chain_idx": 0,
      "cb_pos": 9,
      "ev_pos": 7,
      "n_callback_tok": 4,
      "ce_writer": 5.878939628601074,
      "ce_floor": 5.934466361999512,
      "ce_ttt": 6.073563575744629,
      "ev_loss_trace": [
        [
          0,
          2.3254141807556152
        ],
        [
          9,
          1.6941702365875244
        ],
        [
          24,
          1.1195460557937622
        ],
        [
          49,
          0.6141005158424377
        ]
      ]
    },
    {
      "chain_idx": 1,
      "cb_pos": 9,
      "ev_pos": 4,
      "n_callback_tok": 4,
      "ce_writer": 6.173749923706055,
      "ce_floor": 6.17371940612793,
      "ce_ttt": 6.310460567474365,
      "ev_loss_trace": [
        [
          0,
          2.323089361190796
        ],
        [
          9,
          1.6852972507476807
        ],
        [
          24,
          1.1128413677215576
        ],
        [
          49,
          0.7058227062225342
        ]
      ]
    },
    {
      "chain_idx": 2,
      "cb_pos": 9,
      "ev_pos": 4,
      "n_callback_tok": 4,
      "ce_writer": 7.287172317504883,
      "ce_floor": 7.407458305358887,
      "ce_ttt": 7.372191429138184,
      "ev_loss_trace": [
        [
          0,
          1.954478144645691
        ],
        [
          9,
          1.4504163265228271
        ],
        [
          24,
          0.9361772537231445
        ],
        [
          49,
          0.5710035562515259
        ]
      ]
    },
    {
      "chain_idx": 3,
      "cb_pos": 9,
      "ev_pos": 5,
      "n_callback_tok": 3,
      "ce_writer": 7.4071269035339355,
      "ce_floor": 7.375802516937256,
      "ce_ttt": 7.415035247802734,
      "ev_loss_trace": [
        [
          0,
          2.0694572925567627
        ],
        [
          9,
          1.5394986867904663
        ],
        [
          24,
          0.9591282606124878
        ],
        [
          49,
          0.5760388970375061
        ]
      ]
    },
    {
      "chain_idx": 4,
      "cb_pos": 9,
      "ev_pos": 0,
      "n_callback_tok": 5,
      "ce_writer": 4.448277950286865,
      "ce_floor": 4.472461700439453,
      "ce_ttt": 4.408125877380371,
      "ev_loss_trace": [
        [
          0,
          2.364699363708496
        ],
        [
          9,
          1.7666139602661133
        ],
        [
          24,
          1.1340434551239014
        ],
        [
          49,
          0.6714961528778076
        ]
      ]
    },
    {
      "chain_idx": 5,
      "cb_pos": 9,
      "ev_pos": 3,
      "n_callback_tok": 3,
      "ce_writer": 9.308046340942383,
      "ce_floor": 9.294983863830566,
      "ce_ttt": 9.294837951660156,
      "ev_loss_trace": [
        [
          0,
          2.1056742668151855
        ],
        [
          9,
          1.5581251382827759
        ],
        [
          24,
          0.9933518767356873
        ],
        [
          49,
          0.5881134271621704
        ]
      ]
    },
    {
      "chain_idx": 6,
      "cb_pos": 9,
      "ev_pos": 0,
      "n_callback_tok": 4,
      "ce_writer": 5.457466125488281,
      "ce_floor": 5.43057918548584,
      "ce_ttt": 5.518186569213867,
      "ev_loss_trace": [
        [
          0,
          2.086583375930786
        ],
        [
          9,
          1.4993358850479126
        ],
        [
          24,
          1.0221995115280151
        ],
        [
          49,
          0.6086506843566895
        ]
      ]
    },
    {
      "chain_idx": 7,
      "cb_pos": 9,
      "ev_pos": 2,
      "n_callback_tok": 3,
      "ce_writer": 7.629000663757324,
      "ce_floor": 7.612525463104248,
      "ce_ttt": 7.6770339012146,
      "ev_loss_trace": [
        [
          0,
          2.050664186477661
        ],
        [
          9,
          1.3953707218170166
        ],
        [
          24,
          0.9786381721496582
        ],
        [
          49,
          0.5546485781669617
        ]
      ]
    },
    {
      "chain_idx": 8,
      "cb_pos": 9,
      "ev_pos": 5,
      "n_callback_tok": 5,
      "ce_writer": 4.564359188079834,
      "ce_floor": 4.586194038391113,
      "ce_ttt": 4.766080379486084,
      "ev_loss_trace": [
        [
          0,
          1.9527620077133179
        ],
        [
          9,
          1.4114325046539307
        ],
        [
          24,
          0.950687050819397
        ],
        [
          49,
          0.5612949728965759
        ]
      ]
    },
    {
      "chain_idx": 9,
      "cb_pos": 9,
      "ev_pos": 0,
      "n_callback_tok": 3,
      "ce_writer": 6.969224452972412,
      "ce_floor": 6.90106201171875,
      "ce_ttt": 7.313521862030029,
      "ev_loss_trace": [
        [
          0,
          2.252375841140747
        ],
        [
          9,
          1.5632400512695312
        ],
        [
          24,
          1.0179094076156616
        ],
        [
          49,
          0.6335849761962891
        ]
      ]
    },
    {
      "chain_idx": 10,
      "cb_pos": 9,
      "ev_pos": 0,
      "n_callback_tok": 6,
      "ce_writer": 4.35774040222168,
      "ce_floor": 4.348780632019043,
      "ce_ttt": 4.361897945404053,
      "ev_loss_trace": [
        [
          0,
          2.291971445083618
        ],
        [
          9,
          1.5741381645202637
        ],
        [
          24,
          1.026318907737732
        ],
        [
          49,
          0.6717519760131836
        ]
      ]
    },
    {
      "chain_idx": 11,
      "cb_pos": 9,
      "ev_pos": 1,
      "n_callback_tok": 4,
      "ce_writer": 5.8738298416137695,
      "ce_floor": 5.886631011962891,
      "ce_ttt": 5.850738525390625,
      "ev_loss_trace": [
        [
          0,
          2.319464683532715
        ],
        [
          9,
          1.7263606786727905
        ],
        [
          24,
          1.225378155708313
        ],
        [
          49,
          0.6947582960128784
        ]
      ]
    },
    {
      "chain_idx": 12,
      "cb_pos": 9,
      "ev_pos": 5,
      "n_callback_tok": 3,
      "ce_writer": 6.517963409423828,
      "ce_floor": 6.590007305145264,
      "ce_ttt": 6.439853191375732,
      "ev_loss_trace": [
        [
          0,
          2.394120454788208
        ],
        [
          9,
          1.8325506448745728
        ],
        [
          24,
          1.2419737577438354
        ],
        [
          49,
          0.7317615151405334
        ]
      ]
    },
    {
      "chain_idx": 13,
      "cb_pos": 9,
      "ev_pos": 6,
      "n_callback_tok": 3,
      "ce_writer": 6.111953258514404,
      "ce_floor": 6.099792003631592,
      "ce_ttt": 6.178844451904297,
      "ev_loss_trace": [
        [
          0,
          2.659240245819092
        ],
        [
          9,
          1.9908149242401123
        ],
        [
          24,
          1.3245548009872437
        ],
        [
          49,
          0.7570261359214783
        ]
      ]
    },
    {
      "chain_idx": 14,
      "cb_pos": 9,
      "ev_pos": 3,
      "n_callback_tok": 3,
      "ce_writer": 8.131380081176758,
      "ce_floor": 8.15527629852295,
      "ce_ttt": 8.202003479003906,