{
  "ckpt": "output/chain_v17b_f2_codes_0p6b_joint_local/best",
  "eval_corpus": "paper_artifacts/chains/synthd4v2_persona_callback_val_s512.pt",
  "init_mode": "writer",
  "ttt_steps": 50,
  "ttt_lr": 0.01,
  "n_chains_scored": 32,
  "ce_writer_mean": 6.757781930267811,
  "ce_floor_mean": 6.7841437086462975,
  "ce_ttt_mean": 6.760053426027298,
  "ttt_lift_vs_floor": 0.02409028261899948,
  "ttt_lift_vs_writer": -0.002271495759487152,
  "verdict": "MIXED: readout has partial capacity. Compose F2 with read-side intervention (sec4 probe-bypass loss or sec2 DeltaNet writer).",
  "per_chain": [
    {
      "chain_idx": 0,
      "cb_pos": 9,
      "ev_pos": 5,
      "n_callback_tok": 2,
      "ce_writer": 5.077742099761963,
      "ce_floor": 5.104121208190918,
      "ce_ttt": 5.178985118865967,
      "ev_loss_trace": [
        [
          0,
          2.5178873538970947
        ],
        [
          9,
          2.2540037631988525
        ],
        [
          24,
          1.8132548332214355
        ],
        [
          49,
          1.344053864479065
        ]
      ]
    },
    {
      "chain_idx": 1,
      "cb_pos": 9,
      "ev_pos": 2,
      "n_callback_tok": 1,
      "ce_writer": 6.689238548278809,
      "ce_floor": 6.631135940551758,
      "ce_ttt": 7.07840633392334,
      "ev_loss_trace": [
        [
          0,
          2.424548625946045
        ],
        [
          9,
          2.105520725250244
        ],
        [
          24,
          1.7089234590530396
        ],
        [
          49,
          1.3170887231826782
        ]
      ]
    },
    {
      "chain_idx": 2,
      "cb_pos": 9,
      "ev_pos": 0,
      "n_callback_tok": 2,
      "ce_writer": 3.441737651824951,
      "ce_floor": 3.353289842605591,
      "ce_ttt": 3.5243685245513916,
      "ev_loss_trace": [
        [
          0,
          2.3452870845794678
        ],
        [
          9,
          2.033813714981079
        ],
        [
          24,
          1.7178068161010742
        ],
        [
          49,
          1.31637442111969
        ]
      ]
    },
    {
      "chain_idx": 3,
      "cb_pos": 9,
      "ev_pos": 7,
      "n_callback_tok": 1,
      "ce_writer": 7.394474029541016,
      "ce_floor": 7.391234874725342,
      "ce_ttt": 7.261012077331543,
      "ev_loss_trace": [
        [
          0,
          2.3834288120269775
        ],
        [
          9,
          2.041537046432495
        ],
        [
          24,
          1.7625987529754639
        ],
        [
          49,
          1.2287006378173828
        ]
      ]
    },
    {
      "chain_idx": 4,
      "cb_pos": 9,
      "ev_pos": 1,
      "n_callback_tok": 1,
      "ce_writer": 6.593011856079102,
      "ce_floor": 6.702815055847168,
      "ce_ttt": 7.004164218902588,
      "ev_loss_trace": [
        [
          0,
          2.3658604621887207
        ],
        [
          9,
          2.147820234298706
        ],
        [
          24,
          1.6926382780075073
        ],
        [
          49,
          1.262184739112854
        ]
      ]
    },
    {
      "chain_idx": 5,
      "cb_pos": 9,
      "ev_pos": 3,
      "n_callback_tok": 1,
      "ce_writer": 7.436058044433594,
      "ce_floor": 7.555897235870361,
      "ce_ttt": 7.447881698608398,
      "ev_loss_trace": [
        [
          0,
          2.2877557277679443
        ],
        [
          9,
          1.9274818897247314
        ],
        [
          24,
          1.5709079504013062
        ],
        [
          49,
          1.2319116592407227
        ]
      ]
    },
    {
      "chain_idx": 6,
      "cb_pos": 9,
      "ev_pos": 0,
      "n_callback_tok": 1,
      "ce_writer": 6.273164749145508,
      "ce_floor": 6.316877365112305,
      "ce_ttt": 6.3871612548828125,
      "ev_loss_trace": [
        [
          0,
          2.2265098094940186
        ],
        [
          9,
          2.0371809005737305
        ],
        [
          24,
          1.741720199584961
        ],
        [
          49,
          1.332140564918518
        ]
      ]
    },
    {
      "chain_idx": 7,
      "cb_pos": 9,
      "ev_pos": 5,
      "n_callback_tok": 1,
      "ce_writer": 6.850366592407227,
      "ce_floor": 7.0028886795043945,
      "ce_ttt": 6.788754940032959,
      "ev_loss_trace": [
        [
          0,
          2.4163596630096436
        ],
        [
          9,
          2.148252487182617
        ],
        [
          24,
          1.742788314819336
        ],
        [
          49,
          1.2912487983703613
        ]
      ]
    },
    {
      "chain_idx": 8,
      "cb_pos": 9,
      "ev_pos": 4,
      "n_callback_tok": 1,
      "ce_writer": 9.16498851776123,
      "ce_floor": 9.234291076660156,
      "ce_ttt": 8.903716087341309,
      "ev_loss_trace": [
        [
          0,
          1.8966302871704102
        ],
        [
          9,
          1.703809380531311
        ],
        [
          24,
          1.3787328004837036
        ],
        [
          49,
          1.0346430540084839
        ]
      ]
    },
    {
      "chain_idx": 9,
      "cb_pos": 9,
      "ev_pos": 3,
      "n_callback_tok": 2,
      "ce_writer": 4.980108261108398,
      "ce_floor": 5.123075008392334,
      "ce_ttt": 5.043891429901123,
      "ev_loss_trace": [
        [
          0,
          2.3497281074523926
        ],
        [
          9,
          2.0115811824798584
        ],
        [
          24,
          1.5755770206451416
        ],
        [
          49,
          1.1900969743728638
        ]
      ]
    },
    {
      "chain_idx": 10,
      "cb_pos": 9,
      "ev_pos": 1,
      "n_callback_tok": 2,
      "ce_writer": 6.168296813964844,
      "ce_floor": 6.184327125549316,
      "ce_ttt": 6.318471431732178,
      "ev_loss_trace": [
        [
          0,
          2.346280336380005
        ],
        [
          9,
          1.9574114084243774
        ],
        [
          24,
          1.73843514919281
        ],
        [
          49,
          1.312693476676941
        ]
      ]
    },
    {
      "chain_idx": 11,
      "cb_pos": 9,
      "ev_pos": 2,
      "n_callback_tok": 2,
      "ce_writer": 5.016461372375488,
      "ce_floor": 5.0469207763671875,
      "ce_ttt": 5.143852233886719,
      "ev_loss_trace": [
        [
          0,
          2.1120033264160156
        ],
        [
          9,
          1.769395351409912
        ],
        [
          24,
          1.4108972549438477
        ],
        [
          49,
          1.0507694482803345
        ]
      ]
    },
    {
      "chain_idx": 12,
      "cb_pos": 9,
      "ev_pos": 1,
      "n_callback_tok": 1,
      "ce_writer": 3.7892005443573,
      "ce_floor": 3.8440887928009033,
      "ce_ttt": 3.7139205932617188,
      "ev_loss_trace": [
        [
          0,
          2.1453301906585693
        ],
        [
          9,
          1.9348171949386597
        ],
        [
          24,
          1.5857102870941162
        ],
        [
          49,
          1.1750891208648682
        ]
      ]
    },
    {
      "chain_idx": 13,
      "cb_pos": 9,
      "ev_pos": 0,
      "n_callback_tok": 1,
      "ce_writer": 5.632355690002441,
      "ce_floor": 5.810711860656738,
      "ce_ttt": 5.775590896606445,
      "ev_loss_trace": [
        [
          0,
          2.6424520015716553
        ],
        [
          9,
          2.237891674041748
        ],
        [
          24,
          1.8379417657852173
        ],
        [
          49,
          1.249619960784912
        ]
      ]
    },
    {
      "chain_idx": 14,
      "cb_pos": 9,
      "ev_pos": 3,
      "n_callback_tok": 2,
      "ce_writer": 8.203611373901367,
      "ce_floor": 8.27020263671875,
      "ce_ttt": 8.296120643615723,