{
  "ckpt": "output/chain_v17a_f2_codes_0p6b_frozen_local/best",
  "eval_corpus": "paper_artifacts/chains/synthd4v2_persona_callback_val_s512.pt",
  "init_mode": "iid",
  "ttt_steps": 50,
  "ttt_lr": 0.01,
  "n_chains_scored": 32,
  "ce_writer_mean": 6.210900850594044,
  "ce_floor_mean": 6.208864450454712,
  "ce_ttt_mean": 6.814612843096256,
  "ttt_lift_vs_floor": -0.6057483926415443,
  "ttt_lift_vs_writer": -0.6037119925022125,
  "verdict": "NEGATIVE: readout + LM-head subsystem cannot represent chain-specific recall regardless of M_c. ARCHITECTURE PIVOT REQUIRED. Do NOT launch writer-side cells (F2/sec1).",
  "per_chain": [
    {
      "chain_idx": 0,
      "cb_pos": 9,
      "ev_pos": 5,
      "n_callback_tok": 2,
      "ce_writer": 3.52319073677063,
      "ce_floor": 3.6089162826538086,
      "ce_ttt": 3.9086763858795166,
      "ev_loss_trace": [
        [
          0,
          1.0178046226501465
        ],
        [
          9,
          0.44812723994255066
        ],
        [
          24,
          0.39376842975616455
        ],
        [
          49,
          0.3688260018825531
        ]
      ]
    },
    {
      "chain_idx": 1,
      "cb_pos": 9,
      "ev_pos": 2,
      "n_callback_tok": 1,
      "ce_writer": 6.941407203674316,
      "ce_floor": 6.914176940917969,
      "ce_ttt": 7.969832897186279,
      "ev_loss_trace": [
        [
          0,
          1.0945467948913574
        ],
        [
          9,
          0.4406035840511322
        ],
        [
          24,
          0.36780160665512085
        ],
        [
          49,
          0.31356191635131836
        ]
      ]
    },
    {
      "chain_idx": 2,
      "cb_pos": 9,
      "ev_pos": 0,
      "n_callback_tok": 2,
      "ce_writer": 4.177500247955322,
      "ce_floor": 4.203769207000732,
      "ce_ttt": 4.631468772888184,
      "ev_loss_trace": [
        [
          0,
          0.8936588764190674
        ],
        [
          9,
          0.39594531059265137
        ],
        [
          24,
          0.3471008539199829
        ],
        [
          49,
          0.3027322292327881
        ]
      ]
    },
    {
      "chain_idx": 3,
      "cb_pos": 9,
      "ev_pos": 7,
      "n_callback_tok": 1,
      "ce_writer": 7.287054061889648,
      "ce_floor": 7.371572494506836,
      "ce_ttt": 7.242685317993164,
      "ev_loss_trace": [
        [
          0,
          1.0760186910629272
        ],
        [
          9,
          0.4481859803199768
        ],
        [
          24,
          0.4020310044288635
        ],
        [
          49,
          0.3740067481994629
        ]
      ]
    },
    {
      "chain_idx": 4,
      "cb_pos": 9,
      "ev_pos": 1,
      "n_callback_tok": 1,
      "ce_writer": 6.916998863220215,
      "ce_floor": 6.932060241699219,
      "ce_ttt": 8.082501411437988,
      "ev_loss_trace": [
        [
          0,
          0.9985424280166626
        ],
        [
          9,
          0.4016614556312561
        ],
        [
          24,
          0.36435893177986145
        ],
        [
          49,
          0.30965620279312134
        ]
      ]
    },
    {
      "chain_idx": 5,
      "cb_pos": 9,
      "ev_pos": 3,
      "n_callback_tok": 1,
      "ce_writer": 7.069394588470459,
      "ce_floor": 7.04681396484375,
      "ce_ttt": 7.037533760070801,
      "ev_loss_trace": [
        [
          0,
          0.9654280543327332
        ],
        [
          9,
          0.4456731677055359
        ],
        [
          24,
          0.38165783882141113
        ],
        [
          49,
          0.3303779363632202
        ]
      ]
    },
    {
      "chain_idx": 6,
      "cb_pos": 9,
      "ev_pos": 0,
      "n_callback_tok": 1,
      "ce_writer": 4.38201379776001,
      "ce_floor": 4.6086344718933105,
      "ce_ttt": 5.2304606437683105,
      "ev_loss_trace": [
        [
          0,
          0.9006353616714478
        ],
        [
          9,
          0.3953404128551483
        ],
        [
          24,
          0.33384189009666443
        ],
        [
          49,
          0.30093520879745483
        ]
      ]
    },
    {
      "chain_idx": 7,
      "cb_pos": 9,
      "ev_pos": 5,
      "n_callback_tok": 1,
      "ce_writer": 7.121518135070801,
      "ce_floor": 7.095251083374023,
      "ce_ttt": 6.738999366760254,
      "ev_loss_trace": [
        [
          0,
          1.0769743919372559
        ],
        [
          9,
          0.44758981466293335
        ],
        [
          24,
          0.39812153577804565
        ],
        [
          49,
          0.35454291105270386
        ]
      ]
    },
    {
      "chain_idx": 8,
      "cb_pos": 9,
      "ev_pos": 4,
      "n_callback_tok": 1,
      "ce_writer": 8.469217300415039,
      "ce_floor": 8.501736640930176,
      "ce_ttt": 10.763854026794434,
      "ev_loss_trace": [
        [
          0,
          0.8963249325752258
        ],
        [
          9,
          0.4060983657836914
        ],
        [
          24,
          0.354488730430603
        ],
        [
          49,
          0.30407387018203735
        ]
      ]
    },
    {
      "chain_idx": 9,
      "cb_pos": 9,
      "ev_pos": 3,
      "n_callback_tok": 2,
      "ce_writer": 4.444685935974121,
      "ce_floor": 4.454104900360107,
      "ce_ttt": 4.7383623123168945,
      "ev_loss_trace": [
        [
          0,
          0.9777665734291077
        ],
        [
          9,
          0.40390896797180176
        ],
        [
          24,
          0.3546142876148224
        ],
        [
          49,
          0.31108880043029785
        ]
      ]
    },
    {
      "chain_idx": 10,
      "cb_pos": 9,
      "ev_pos": 1,
      "n_callback_tok": 2,
      "ce_writer": 4.623763084411621,
      "ce_floor": 4.724126815795898,
      "ce_ttt": 5.636264801025391,
      "ev_loss_trace": [
        [
          0,
          0.9460425972938538
        ],
        [
          9,
          0.4105674624443054
        ],
        [
          24,
          0.3630967140197754
        ],
        [
          49,
          0.31218308210372925
        ]
      ]
    },
    {
      "chain_idx": 11,
      "cb_pos": 9,
      "ev_pos": 2,
      "n_callback_tok": 2,
      "ce_writer": 4.669688701629639,
      "ce_floor": 4.624465465545654,
      "ce_ttt": 4.937443256378174,
      "ev_loss_trace": [
        [
          0,
          0.9655846357345581
        ],
        [
          9,
          0.3806118071079254
        ],
        [
          24,
          0.3463796079158783
        ],
        [
          49,
          0.3067002296447754
        ]
      ]
    },
    {
      "chain_idx": 12,
      "cb_pos": 9,
      "ev_pos": 1,
      "n_callback_tok": 1,
      "ce_writer": 3.8776564598083496,
      "ce_floor": 3.811931610107422,
      "ce_ttt": 4.448672294616699,
      "ev_loss_trace": [
        [
          0,
          0.9567569494247437
        ],
        [
          9,
          0.4392435550689697
        ],
        [
          24,
          0.4006993770599365
        ],
        [
          49,
          0.3438869118690491
        ]
      ]
    },
    {
      "chain_idx": 13,
      "cb_pos": 9,
      "ev_pos": 0,
      "n_callback_tok": 1,
      "ce_writer": 5.091628074645996,
      "ce_floor": 5.1017866134643555,
      "ce_ttt": 5.868568420410156,
      "ev_loss_trace": [
        [
          0,
          1.1242425441741943
        ],
        [
          9,
          0.42755329608917236
        ],
        [
          24,
          0.39869433641433716
        ],
        [
          49,
          0.35630103945732117
        ]
      ]
    },
    {
      "chain_idx": 14,
      "cb_pos": 9,
      "ev_pos": 3,
      "n_callback_tok": 2,
      "ce_writer": 5.495952606201172,
      "ce_floor": 5.486020088195801,
      "ce_ttt": 6.3649396896362305,