{
  "ckpt": "output/chain_v15e_d4v2_1p7b_norm_local/best",
  "eval_corpus": "paper_artifacts/chains/synthd4v2_persona_callback_val_s512.pt",
  "init_mode": "iid",
  "ttt_steps": 50,
  "ttt_lr": 0.01,
  "n_chains_scored": 32,
  "ce_writer_mean": 4.460429426282644,
  "ce_floor_mean": 4.428436730057001,
  "ce_ttt_mean": 5.868477143347263,
  "ttt_lift_vs_floor": -1.4400404132902622,
  "ttt_lift_vs_writer": -1.408047717064619,
  "verdict": "NEGATIVE: readout + LM-head subsystem cannot represent chain-specific recall regardless of M_c. ARCHITECTURE PIVOT REQUIRED. Do NOT launch writer-side cells (F2/sec1).",
  "per_chain": [
    {
      "chain_idx": 0,
      "cb_pos": 9,
      "ev_pos": 5,
      "n_callback_tok": 2,
      "ce_writer": 2.3106393814086914,
      "ce_floor": 2.082418203353882,
      "ce_ttt": 3.1385812759399414,
      "ev_loss_trace": [
        [
          0,
          6.369540691375732
        ],
        [
          9,
          4.034024238586426
        ],
        [
          24,
          3.880709171295166
        ],
        [
          49,
          3.777240514755249
        ]
      ]
    },
    {
      "chain_idx": 1,
      "cb_pos": 9,
      "ev_pos": 2,
      "n_callback_tok": 1,
      "ce_writer": 5.096384048461914,
      "ce_floor": 4.957376480102539,
      "ce_ttt": 8.920881271362305,
      "ev_loss_trace": [
        [
          0,
          5.979651927947998
        ],
        [
          9,
          3.2104952335357666
        ],
        [
          24,
          2.280996799468994
        ],
        [
          49,
          0.9772107005119324
        ]
      ]
    },
    {
      "chain_idx": 2,
      "cb_pos": 9,
      "ev_pos": 0,
      "n_callback_tok": 2,
      "ce_writer": 2.9271903038024902,
      "ce_floor": 2.975125789642334,
      "ce_ttt": 3.3200652599334717,
      "ev_loss_trace": [
        [
          0,
          6.5754828453063965
        ],
        [
          9,
          4.661935329437256
        ],
        [
          24,
          3.2330610752105713
        ],
        [
          49,
          1.9877665042877197
        ]
      ]
    },
    {
      "chain_idx": 3,
      "cb_pos": 9,
      "ev_pos": 7,
      "n_callback_tok": 1,
      "ce_writer": 3.454143524169922,
      "ce_floor": 3.522777557373047,
      "ce_ttt": 5.099635601043701,
      "ev_loss_trace": [
        [
          0,
          6.956467628479004
        ],
        [
          9,
          4.791803359985352
        ],
        [
          24,
          4.627370834350586
        ],
        [
          49,
          3.3148725032806396
        ]
      ]
    },
    {
      "chain_idx": 4,
      "cb_pos": 9,
      "ev_pos": 1,
      "n_callback_tok": 1,
      "ce_writer": 5.199498176574707,
      "ce_floor": 5.1670331954956055,
      "ce_ttt": 9.271627426147461,
      "ev_loss_trace": [
        [
          0,
          7.0145583152771
        ],
        [
          9,
          4.3181352615356445
        ],
        [
          24,
          3.520582675933838
        ],
        [
          49,
          2.2863574028015137
        ]
      ]
    },
    {
      "chain_idx": 5,
      "cb_pos": 9,
      "ev_pos": 3,
      "n_callback_tok": 1,
      "ce_writer": 5.246129035949707,
      "ce_floor": 5.257674217224121,
      "ce_ttt": 6.060107707977295,
      "ev_loss_trace": [
        [
          0,
          6.075379848480225
        ],
        [
          9,
          3.641662836074829
        ],
        [
          24,
          2.743591070175171
        ],
        [
          49,
          1.3859386444091797
        ]
      ]
    },
    {
      "chain_idx": 6,
      "cb_pos": 9,
      "ev_pos": 0,
      "n_callback_tok": 1,
      "ce_writer": 3.6961309909820557,
      "ce_floor": 3.305272340774536,
      "ce_ttt": 3.918966054916382,
      "ev_loss_trace": [
        [
          0,
          6.636189937591553
        ],
        [
          9,
          4.744300365447998
        ],
        [
          24,
          4.369082927703857
        ],
        [
          49,
          2.844406843185425
        ]
      ]
    },
    {
      "chain_idx": 7,
      "cb_pos": 9,
      "ev_pos": 5,
      "n_callback_tok": 1,
      "ce_writer": 5.016829013824463,
      "ce_floor": 4.880982398986816,
      "ce_ttt": 4.959871292114258,
      "ev_loss_trace": [
        [
          0,
          6.39532470703125
        ],
        [
          9,
          3.3547708988189697
        ],
        [
          24,
          2.5963499546051025
        ],
        [
          49,
          1.2470121383666992
        ]
      ]
    },
    {
      "chain_idx": 8,
      "cb_pos": 9,
      "ev_pos": 4,
      "n_callback_tok": 1,
      "ce_writer": 6.021906852722168,
      "ce_floor": 6.093186855316162,
      "ce_ttt": 7.345553398132324,
      "ev_loss_trace": [
        [
          0,
          6.7315287590026855
        ],
        [
          9,
          4.488056659698486
        ],
        [
          24,
          4.430996894836426
        ],
        [
          49,
          2.9915969371795654
        ]
      ]
    },
    {
      "chain_idx": 9,
      "cb_pos": 9,
      "ev_pos": 3,
      "n_callback_tok": 2,
      "ce_writer": 3.56730055809021,
      "ce_floor": 3.3825230598449707,
      "ce_ttt": 4.545785903930664,
      "ev_loss_trace": [
        [
          0,
          7.419628143310547
        ],
        [
          9,
          4.31768274307251
        ],
        [
          24,
          3.4615120887756348
        ],
        [
          49,
          2.7867519855499268
        ]
      ]
    },
    {
      "chain_idx": 10,
      "cb_pos": 9,
      "ev_pos": 1,
      "n_callback_tok": 2,
      "ce_writer": 4.428104877471924,
      "ce_floor": 4.579995155334473,
      "ce_ttt": 4.7794718742370605,
      "ev_loss_trace": [
        [
          0,
          6.908312797546387
        ],
        [
          9,
          4.166149139404297
        ],
        [
          24,
          2.986734628677368
        ],
        [
          49,
          1.5225633382797241
        ]
      ]
    },
    {
      "chain_idx": 11,
      "cb_pos": 9,
      "ev_pos": 2,
      "n_callback_tok": 2,
      "ce_writer": 3.3978068828582764,
      "ce_floor": 3.4965932369232178,
      "ce_ttt": 5.012540340423584,
      "ev_loss_trace": [
        [
          0,
          6.108822822570801
        ],
        [
          9,
          4.43449592590332
        ],
        [
          24,
          3.225402593612671
        ],
        [
          49,
          1.9056246280670166
        ]
      ]
    },
    {
      "chain_idx": 12,
      "cb_pos": 9,
      "ev_pos": 1,
      "n_callback_tok": 1,
      "ce_writer": 4.291500091552734,
      "ce_floor": 4.457094192504883,
      "ce_ttt": 4.617667198181152,
      "ev_loss_trace": [
        [
          0,
          6.287659645080566
        ],
        [
          9,
          3.681511402130127
        ],
        [
          24,
          3.1164796352386475
        ],
        [
          49,
          1.8730976581573486
        ]
      ]
    },
    {
      "chain_idx": 13,
      "cb_pos": 9,
      "ev_pos": 0,
      "n_callback_tok": 1,
      "ce_writer": 4.930032730102539,
      "ce_floor": 5.351846694946289,
      "ce_ttt": 5.431736946105957,
      "ev_loss_trace": [
        [
          0,
          7.098330974578857
        ],
        [
          9,
          3.707028388977051
        ],
        [
          24,
          2.7181804180145264
        ],
        [
          49,
          1.1574680805206299
        ]
      ]
    },
    {
      "chain_idx": 14,
      "cb_pos": 9,
      "ev_pos": 3,
      "n_callback_tok": 2,
      "ce_writer": 2.916848659515381,
      "ce_floor": 3.0464444160461426,
      "ce_ttt": 4.033602237701416,