{
  "ckpt": "output/chain_v17b_f2_codes_0p6b_joint_local/best",
  "eval_corpus": "paper_artifacts/chains/synthd4v2_persona_callback_val_s512.pt",
  "init_mode": "iid",
  "ttt_steps": 50,
  "ttt_lr": 0.01,
  "n_chains_scored": 32,
  "ce_writer_mean": 6.757781930267811,
  "ce_floor_mean": 6.7841437086462975,
  "ce_ttt_mean": 6.9788666144013405,
  "ttt_lift_vs_floor": -0.19472290575504303,
  "ttt_lift_vs_writer": -0.22108468413352966,
  "verdict": "NEGATIVE: readout + LM-head subsystem cannot represent chain-specific recall regardless of M_c. ARCHITECTURE PIVOT REQUIRED. Do NOT launch writer-side cells (F2/sec1).",
  "per_chain": [
    {
      "chain_idx": 0,
      "cb_pos": 9,
      "ev_pos": 5,
      "n_callback_tok": 2,
      "ce_writer": 5.077742099761963,
      "ce_floor": 5.104121208190918,
      "ce_ttt": 5.667806625366211,
      "ev_loss_trace": [
        [
          0,
          2.319882392883301
        ],
        [
          9,
          0.8565759658813477
        ],
        [
          24,
          0.7613962292671204
        ],
        [
          49,
          0.7104554772377014
        ]
      ]
    },
    {
      "chain_idx": 1,
      "cb_pos": 9,
      "ev_pos": 2,
      "n_callback_tok": 1,
      "ce_writer": 6.689238548278809,
      "ce_floor": 6.631135940551758,
      "ce_ttt": 7.314116954803467,
      "ev_loss_trace": [
        [
          0,
          2.5092055797576904
        ],
        [
          9,
          0.7242709994316101
        ],
        [
          24,
          0.6802695989608765
        ],
        [
          49,
          0.6284458041191101
        ]
      ]
    },
    {
      "chain_idx": 2,
      "cb_pos": 9,
      "ev_pos": 0,
      "n_callback_tok": 2,
      "ce_writer": 3.441737651824951,
      "ce_floor": 3.353289842605591,
      "ce_ttt": 3.4632186889648438,
      "ev_loss_trace": [
        [
          0,
          2.322216749191284
        ],
        [
          9,
          0.8761416673660278
        ],
        [
          24,
          0.7692821621894836
        ],
        [
          49,
          0.6878946423530579
        ]
      ]
    },
    {
      "chain_idx": 3,
      "cb_pos": 9,
      "ev_pos": 7,
      "n_callback_tok": 1,
      "ce_writer": 7.394474029541016,
      "ce_floor": 7.391234874725342,
      "ce_ttt": 7.1738481521606445,
      "ev_loss_trace": [
        [
          0,
          2.6477901935577393
        ],
        [
          9,
          0.8959954380989075
        ],
        [
          24,
          0.7611685991287231
        ],
        [
          49,
          0.7059853672981262
        ]
      ]
    },
    {
      "chain_idx": 4,
      "cb_pos": 9,
      "ev_pos": 1,
      "n_callback_tok": 1,
      "ce_writer": 6.593011856079102,
      "ce_floor": 6.702815055847168,
      "ce_ttt": 7.152270317077637,
      "ev_loss_trace": [
        [
          0,
          2.3343563079833984
        ],
        [
          9,
          0.7565773129463196
        ],
        [
          24,
          0.6545663475990295
        ],
        [
          49,
          0.6290488839149475
        ]
      ]
    },
    {
      "chain_idx": 5,
      "cb_pos": 9,
      "ev_pos": 3,
      "n_callback_tok": 1,
      "ce_writer": 7.436058044433594,
      "ce_floor": 7.555897235870361,
      "ce_ttt": 7.444799900054932,
      "ev_loss_trace": [
        [
          0,
          2.4836266040802
        ],
        [
          9,
          0.8491023182868958
        ],
        [
          24,
          0.7226567268371582
        ],
        [
          49,
          0.6544336080551147
        ]
      ]
    },
    {
      "chain_idx": 6,
      "cb_pos": 9,
      "ev_pos": 0,
      "n_callback_tok": 1,
      "ce_writer": 6.273164749145508,
      "ce_floor": 6.316877365112305,
      "ce_ttt": 6.3481764793396,
      "ev_loss_trace": [
        [
          0,
          2.502075433731079
        ],
        [
          9,
          0.9206734299659729
        ],
        [
          24,
          0.7747576236724854
        ],
        [
          49,
          0.7086333632469177
        ]
      ]
    },
    {
      "chain_idx": 7,
      "cb_pos": 9,
      "ev_pos": 5,
      "n_callback_tok": 1,
      "ce_writer": 6.850366592407227,
      "ce_floor": 7.0028886795043945,
      "ce_ttt": 6.991863250732422,
      "ev_loss_trace": [
        [
          0,
          2.817410945892334
        ],
        [
          9,
          0.8384144902229309
        ],
        [
          24,
          0.7152085900306702
        ],
        [
          49,
          0.6562668681144714
        ]
      ]
    },
    {
      "chain_idx": 8,
      "cb_pos": 9,
      "ev_pos": 4,
      "n_callback_tok": 1,
      "ce_writer": 9.16498851776123,
      "ce_floor": 9.234291076660156,
      "ce_ttt": 9.291271209716797,
      "ev_loss_trace": [
        [
          0,
          1.9562445878982544
        ],
        [
          9,
          0.6812039613723755
        ],
        [
          24,
          0.6072230935096741
        ],
        [
          49,
          0.5684870481491089
        ]
      ]
    },
    {
      "chain_idx": 9,
      "cb_pos": 9,
      "ev_pos": 3,
      "n_callback_tok": 2,
      "ce_writer": 4.980108261108398,
      "ce_floor": 5.123075008392334,
      "ce_ttt": 5.60562801361084,
      "ev_loss_trace": [
        [
          0,
          2.0743563175201416
        ],
        [
          9,
          0.6484143137931824
        ],
        [
          24,
          0.606256365776062
        ],
        [
          49,
          0.5786402821540833
        ]
      ]
    },
    {
      "chain_idx": 10,
      "cb_pos": 9,
      "ev_pos": 1,
      "n_callback_tok": 2,
      "ce_writer": 6.168296813964844,
      "ce_floor": 6.184327125549316,
      "ce_ttt": 6.583530426025391,
      "ev_loss_trace": [
        [
          0,
          2.401379108428955
        ],
        [
          9,
          0.8092318177223206
        ],
        [
          24,
          0.7561851143836975
        ],
        [
          49,
          0.7201882004737854
        ]
      ]
    },
    {
      "chain_idx": 11,
      "cb_pos": 9,
      "ev_pos": 2,
      "n_callback_tok": 2,
      "ce_writer": 5.016461372375488,
      "ce_floor": 5.0469207763671875,
      "ce_ttt": 5.565072536468506,
      "ev_loss_trace": [
        [
          0,
          2.3719818592071533
        ],
        [
          9,
          0.7309169173240662
        ],
        [
          24,
          0.6309033632278442
        ],
        [
          49,
          0.5936365723609924
        ]
      ]
    },
    {
      "chain_idx": 12,
      "cb_pos": 9,
      "ev_pos": 1,
      "n_callback_tok": 1,
      "ce_writer": 3.7892005443573,
      "ce_floor": 3.8440887928009033,
      "ce_ttt": 3.920621633529663,
      "ev_loss_trace": [
        [
          0,
          2.117676258087158
        ],
        [
          9,
          0.7371613383293152
        ],
        [
          24,
          0.6979721188545227
        ],
        [
          49,
          0.6187404990196228
        ]
      ]
    },
    {
      "chain_idx": 13,
      "cb_pos": 9,
      "ev_pos": 0,
      "n_callback_tok": 1,
      "ce_writer": 5.632355690002441,
      "ce_floor": 5.810711860656738,
      "ce_ttt": 5.675230026245117,
      "ev_loss_trace": [
        [
          0,
          2.4309704303741455
        ],
        [
          9,
          0.7904923558235168
        ],
        [
          24,
          0.7075936198234558
        ],
        [
          49,
          0.6344512701034546
        ]
      ]
    },
    {
      "chain_idx": 14,
      "cb_pos": 9,
      "ev_pos": 3,
      "n_callback_tok": 2,
      "ce_writer": 8.203611373901367,
      "ce_floor": 8.27020263671875,
      "ce_ttt": 9.168725967407227,