{
  "ckpt": "output/chain_v14k_d4v2_norm_no_warmup_local/best",
  "eval_corpus": "paper_artifacts/chains/synthd4v2_persona_callback_val_s512.pt",
  "init_mode": "iid",
  "ttt_steps": 50,
  "ttt_lr": 0.01,
  "n_chains_scored": 32,
  "ce_writer_mean": 4.6322769075632095,
  "ce_floor_mean": 4.670977376401424,
  "ce_ttt_mean": 5.388033382594585,
  "ttt_lift_vs_floor": -0.717056006193161,
  "ttt_lift_vs_writer": -0.7557564750313759,
  "verdict": "NEGATIVE: readout + LM-head subsystem cannot represent chain-specific recall regardless of M_c. ARCHITECTURE PIVOT REQUIRED. Do NOT launch writer-side cells (F2/sec1).",
  "per_chain": [
    {
      "chain_idx": 0,
      "cb_pos": 9,
      "ev_pos": 5,
      "n_callback_tok": 2,
      "ce_writer": 2.4872782230377197,
      "ce_floor": 2.454854965209961,
      "ce_ttt": 2.8263468742370605,
      "ev_loss_trace": [
        [
          0,
          0.5748022198677063
        ],
        [
          9,
          0.3563612699508667
        ],
        [
          24,
          0.31221458315849304
        ],
        [
          49,
          0.2536757290363312
        ]
      ]
    },
    {
      "chain_idx": 1,
      "cb_pos": 9,
      "ev_pos": 2,
      "n_callback_tok": 1,
      "ce_writer": 4.237170696258545,
      "ce_floor": 4.3692402839660645,
      "ce_ttt": 4.753468036651611,
      "ev_loss_trace": [
        [
          0,
          0.549956202507019
        ],
        [
          9,
          0.29107511043548584
        ],
        [
          24,
          0.25523829460144043
        ],
        [
          49,
          0.2014549821615219
        ]
      ]
    },
    {
      "chain_idx": 2,
      "cb_pos": 9,
      "ev_pos": 0,
      "n_callback_tok": 2,
      "ce_writer": 4.018404960632324,
      "ce_floor": 3.873392105102539,
      "ce_ttt": 3.983484983444214,
      "ev_loss_trace": [
        [
          0,
          0.5725569725036621
        ],
        [
          9,
          0.2990982234477997
        ],
        [
          24,
          0.24404609203338623
        ],
        [
          49,
          0.21373726427555084
        ]
      ]
    },
    {
      "chain_idx": 3,
      "cb_pos": 9,
      "ev_pos": 7,
      "n_callback_tok": 1,
      "ce_writer": 3.6419878005981445,
      "ce_floor": 4.020676612854004,
      "ce_ttt": 4.870604515075684,
      "ev_loss_trace": [
        [
          0,
          0.6282921433448792
        ],
        [
          9,
          0.3450491428375244
        ],
        [
          24,
          0.28091371059417725
        ],
        [
          49,
          0.21938692033290863
        ]
      ]
    },
    {
      "chain_idx": 4,
      "cb_pos": 9,
      "ev_pos": 1,
      "n_callback_tok": 1,
      "ce_writer": 4.386720657348633,
      "ce_floor": 4.1274614334106445,
      "ce_ttt": 4.573657989501953,
      "ev_loss_trace": [
        [
          0,
          0.536489725112915
        ],
        [
          9,
          0.32986176013946533
        ],
        [
          24,
          0.30124014616012573
        ],
        [
          49,
          0.2352379411458969
        ]
      ]
    },
    {
      "chain_idx": 5,
      "cb_pos": 9,
      "ev_pos": 3,
      "n_callback_tok": 1,
      "ce_writer": 6.5441436767578125,
      "ce_floor": 6.54854679107666,
      "ce_ttt": 6.572428226470947,
      "ev_loss_trace": [
        [
          0,
          0.5650192499160767
        ],
        [
          9,
          0.29041364789009094
        ],
        [
          24,
          0.24971270561218262
        ],
        [
          49,
          0.2256958782672882
        ]
      ]
    },
    {
      "chain_idx": 6,
      "cb_pos": 9,
      "ev_pos": 0,
      "n_callback_tok": 1,
      "ce_writer": 3.83856463432312,
      "ce_floor": 3.6463863849639893,
      "ce_ttt": 5.411590576171875,
      "ev_loss_trace": [
        [
          0,
          0.5314849019050598
        ],
        [
          9,
          0.4639137387275696
        ],
        [
          24,
          0.4265015423297882
        ],
        [
          49,
          0.3543509840965271
        ]
      ]
    },
    {
      "chain_idx": 7,
      "cb_pos": 9,
      "ev_pos": 5,
      "n_callback_tok": 1,
      "ce_writer": 5.8811445236206055,
      "ce_floor": 5.985652446746826,
      "ce_ttt": 6.6399922370910645,
      "ev_loss_trace": [
        [
          0,
          0.5683297514915466
        ],
        [
          9,
          0.27593180537223816
        ],
        [
          24,
          0.23951244354248047
        ],
        [
          49,
          0.19406281411647797
        ]
      ]
    },
    {
      "chain_idx": 8,
      "cb_pos": 9,
      "ev_pos": 4,
      "n_callback_tok": 1,
      "ce_writer": 7.376523017883301,
      "ce_floor": 7.145855903625488,
      "ce_ttt": 7.041712760925293,
      "ev_loss_trace": [
        [
          0,
          0.5858938694000244
        ],
        [
          9,
          0.3105788230895996
        ],
        [
          24,
          0.25760209560394287
        ],
        [
          49,
          0.23267993330955505
        ]
      ]
    },
    {
      "chain_idx": 9,
      "cb_pos": 9,
      "ev_pos": 3,
      "n_callback_tok": 2,
      "ce_writer": 2.4207732677459717,
      "ce_floor": 2.473910331726074,
      "ce_ttt": 3.17456316947937,
      "ev_loss_trace": [
        [
          0,
          0.5214319229125977
        ],
        [
          9,
          0.3493138253688812
        ],
        [
          24,
          0.2888806462287903
        ],
        [
          49,
          0.2392766773700714
        ]
      ]
    },
    {
      "chain_idx": 10,
      "cb_pos": 9,
      "ev_pos": 1,
      "n_callback_tok": 2,
      "ce_writer": 4.165751934051514,
      "ce_floor": 4.204344749450684,
      "ce_ttt": 4.269967079162598,
      "ev_loss_trace": [
        [
          0,
          0.47814252972602844
        ],
        [
          9,
          0.27615416049957275
        ],
        [
          24,
          0.24565903842449188
        ],
        [
          49,
          0.19734583795070648
        ]
      ]
    },
    {
      "chain_idx": 11,
      "cb_pos": 9,
      "ev_pos": 2,
      "n_callback_tok": 2,
      "ce_writer": 3.37748646736145,
      "ce_floor": 3.4643194675445557,
      "ce_ttt": 3.7061073780059814,
      "ev_loss_trace": [
        [
          0,
          0.4984307885169983
        ],
        [
          9,
          0.2928473949432373
        ],
        [
          24,
          0.24482928216457367
        ],
        [
          49,
          0.19555500149726868
        ]
      ]
    },
    {
      "chain_idx": 12,
      "cb_pos": 9,
      "ev_pos": 1,
      "n_callback_tok": 1,
      "ce_writer": 2.308769464492798,
      "ce_floor": 2.0156235694885254,
      "ce_ttt": 3.870811700820923,
      "ev_loss_trace": [
        [
          0,
          0.4965612292289734
        ],
        [
          9,
          0.37426620721817017
        ],
        [
          24,
          0.29879677295684814
        ],
        [
          49,
          0.2233206033706665
        ]
      ]
    },
    {
      "chain_idx": 13,
      "cb_pos": 9,
      "ev_pos": 0,
      "n_callback_tok": 1,
      "ce_writer": 4.692277908325195,
      "ce_floor": 4.82875919342041,
      "ce_ttt": 5.546438217163086,
      "ev_loss_trace": [
        [
          0,
          0.690904974937439
        ],
        [
          9,
          0.3918044865131378
        ],
        [
          24,
          0.308339923620224
        ],
        [
          49,
          0.24502527713775635
        ]
      ]
    },
    {
      "chain_idx": 14,
      "cb_pos": 9,
      "ev_pos": 3,
      "n_callback_tok": 2,
      "ce_writer": 2.907146453857422,
      "ce_floor": 3.0071277618408203,
      "ce_ttt": 3.6386594772338867,