{
  "ckpt": "output/chain_v17a_f2_codes_0p6b_frozen_local/best",
  "eval_corpus": "paper_artifacts/chains/synthd5_random_codes_val_s512.pt",
  "init_mode": "iid",
  "ttt_steps": 50,
  "ttt_lr": 0.01,
  "n_chains_scored": 32,
  "ce_writer_mean": 6.2641672641038895,
  "ce_floor_mean": 6.250928968191147,
  "ce_ttt_mean": 6.580641567707062,
  "ttt_lift_vs_floor": -0.3297125995159149,
  "ttt_lift_vs_writer": -0.3164743036031723,
  "verdict": "NEGATIVE: readout + LM-head subsystem cannot represent chain-specific recall regardless of M_c. ARCHITECTURE PIVOT REQUIRED. Do NOT launch writer-side cells (F2/sec1).",
  "per_chain": [
    {
      "chain_idx": 0,
      "cb_pos": 9,
      "ev_pos": 7,
      "n_callback_tok": 4,
      "ce_writer": 6.277863025665283,
      "ce_floor": 6.242581367492676,
      "ce_ttt": 6.609452724456787,
      "ev_loss_trace": [
        [
          0,
          1.14235520362854
        ],
        [
          9,
          0.4667746126651764
        ],
        [
          24,
          0.41407865285873413
        ],
        [
          49,
          0.356071412563324
        ]
      ]
    },
    {
      "chain_idx": 1,
      "cb_pos": 9,
      "ev_pos": 4,
      "n_callback_tok": 4,
      "ce_writer": 6.284887313842773,
      "ce_floor": 6.321580410003662,
      "ce_ttt": 6.346553802490234,
      "ev_loss_trace": [
        [
          0,
          1.531510591506958
        ],
        [
          9,
          0.5595909953117371
        ],
        [
          24,
          0.4878341257572174
        ],
        [
          49,
          0.42113497853279114
        ]
      ]
    },
    {
      "chain_idx": 2,
      "cb_pos": 9,
      "ev_pos": 4,
      "n_callback_tok": 4,
      "ce_writer": 6.857517719268799,
      "ce_floor": 6.851052284240723,
      "ce_ttt": 7.158696174621582,
      "ev_loss_trace": [
        [
          0,
          1.1754872798919678
        ],
        [
          9,
          0.42638540267944336
        ],
        [
          24,
          0.38068440556526184
        ],
        [
          49,
          0.3487977385520935
        ]
      ]
    },
    {
      "chain_idx": 3,
      "cb_pos": 9,
      "ev_pos": 5,
      "n_callback_tok": 3,
      "ce_writer": 7.336455821990967,
      "ce_floor": 7.249916076660156,
      "ce_ttt": 7.554561614990234,
      "ev_loss_trace": [
        [
          0,
          1.166429877281189
        ],
        [
          9,
          0.39770564436912537
        ],
        [
          24,
          0.3528865873813629
        ],
        [
          49,
          0.3227429687976837
        ]
      ]
    },
    {
      "chain_idx": 4,
      "cb_pos": 9,
      "ev_pos": 0,
      "n_callback_tok": 5,
      "ce_writer": 4.508488178253174,
      "ce_floor": 4.551349639892578,
      "ce_ttt": 4.661116123199463,
      "ev_loss_trace": [
        [
          0,
          1.1790003776550293
        ],
        [
          9,
          0.4694616496562958
        ],
        [
          24,
          0.3865343928337097
        ],
        [
          49,
          0.3387663662433624
        ]
      ]
    },
    {
      "chain_idx": 5,
      "cb_pos": 9,
      "ev_pos": 3,
      "n_callback_tok": 3,
      "ce_writer": 9.40334415435791,
      "ce_floor": 9.332500457763672,
      "ce_ttt": 9.692808151245117,
      "ev_loss_trace": [
        [
          0,
          1.1945401430130005
        ],
        [
          9,
          0.4445290267467499
        ],
        [
          24,
          0.39765623211860657
        ],
        [
          49,
          0.353682279586792
        ]
      ]
    },
    {
      "chain_idx": 6,
      "cb_pos": 9,
      "ev_pos": 0,
      "n_callback_tok": 4,
      "ce_writer": 5.52565336227417,
      "ce_floor": 5.523360729217529,
      "ce_ttt": 5.748754024505615,
      "ev_loss_trace": [
        [
          0,
          1.0519747734069824
        ],
        [
          9,
          0.3814643621444702
        ],
        [
          24,
          0.34758713841438293
        ],
        [
          49,
          0.32342472672462463
        ]
      ]
    },
    {
      "chain_idx": 7,
      "cb_pos": 9,
      "ev_pos": 2,
      "n_callback_tok": 3,
      "ce_writer": 7.857358455657959,
      "ce_floor": 7.938050746917725,
      "ce_ttt": 8.721431732177734,
      "ev_loss_trace": [
        [
          0,
          1.1987826824188232
        ],
        [
          9,
          0.4347584545612335
        ],
        [
          24,
          0.37698695063591003
        ],
        [
          49,
          0.3495323359966278
        ]
      ]
    },
    {
      "chain_idx": 8,
      "cb_pos": 9,
      "ev_pos": 5,
      "n_callback_tok": 5,
      "ce_writer": 4.861894130706787,
      "ce_floor": 4.8374152183532715,
      "ce_ttt": 5.142665863037109,
      "ev_loss_trace": [
        [
          0,
          1.16965913772583
        ],
        [
          9,
          0.4657558798789978
        ],
        [
          24,
          0.38229304552078247
        ],
        [
          49,
          0.342044860124588
        ]
      ]
    },
    {
      "chain_idx": 9,
      "cb_pos": 9,
      "ev_pos": 0,
      "n_callback_tok": 3,
      "ce_writer": 7.361077785491943,
      "ce_floor": 7.360345363616943,
      "ce_ttt": 8.505130767822266,
      "ev_loss_trace": [
        [
          0,
          1.174206018447876
        ],
        [
          9,
          0.4367894232273102
        ],
        [
          24,
          0.38561320304870605
        ],
        [
          49,
          0.3321411907672882
        ]
      ]
    },
    {
      "chain_idx": 10,
      "cb_pos": 9,
      "ev_pos": 0,
      "n_callback_tok": 6,
      "ce_writer": 4.637724876403809,
      "ce_floor": 4.620565414428711,
      "ce_ttt": 4.589602947235107,
      "ev_loss_trace": [
        [
          0,
          1.1807785034179688
        ],
        [
          9,
          0.42591550946235657
        ],
        [
          24,
          0.37464621663093567
        ],
        [
          49,
          0.3347388803958893
        ]
      ]
    },
    {
      "chain_idx": 11,
      "cb_pos": 9,
      "ev_pos": 1,
      "n_callback_tok": 4,
      "ce_writer": 5.891256332397461,
      "ce_floor": 5.8430280685424805,
      "ce_ttt": 6.415841102600098,
      "ev_loss_trace": [
        [
          0,
          1.4197211265563965
        ],
        [
          9,
          0.4841448962688446
        ],
        [
          24,
          0.4309907853603363
        ],
        [
          49,
          0.38195478916168213
        ]
      ]
    },
    {
      "chain_idx": 12,
      "cb_pos": 9,
      "ev_pos": 5,
      "n_callback_tok": 3,
      "ce_writer": 6.663825035095215,
      "ce_floor": 6.635941505432129,
      "ce_ttt": 6.848048210144043,
      "ev_loss_trace": [
        [
          0,
          1.5620886087417603
        ],
        [
          9,
          0.5585606694221497
        ],
        [
          24,
          0.48273348808288574
        ],
        [
          49,
          0.43635693192481995
        ]
      ]
    },
    {
      "chain_idx": 13,
      "cb_pos": 9,
      "ev_pos": 6,
      "n_callback_tok": 3,
      "ce_writer": 6.371377468109131,
      "ce_floor": 6.262042045593262,
      "ce_ttt": 7.155648231506348,
      "ev_loss_trace": [
        [
          0,
          1.7762523889541626
        ],
        [
          9,
          0.6478472352027893
        ],
        [
          24,
          0.523872971534729
        ],
        [
          49,
          0.4515671133995056
        ]
      ]
    },
    {
      "chain_idx": 14,
      "cb_pos": 9,
      "ev_pos": 3,
      "n_callback_tok": 3,
      "ce_writer": 8.3075590133667,
      "ce_floor": 8.290775299072266,
      "ce_ttt": 8.428427696228027,