{
  "ckpt": "output/chain_v17b_f2_codes_0p6b_joint_local/best",
  "eval_corpus": "paper_artifacts/chains/synthd5_random_codes_val_s512.pt",
  "init_mode": "iid",
  "ttt_steps": 50,
  "ttt_lr": 0.01,
  "n_chains_scored": 32,
  "ce_writer_mean": 6.44998636841774,
  "ce_floor_mean": 6.451059907674789,
  "ce_ttt_mean": 6.724681228399277,
  "ttt_lift_vs_floor": -0.2736213207244873,
  "ttt_lift_vs_writer": -0.27469485998153687,
  "verdict": "NEGATIVE: readout + LM-head subsystem cannot represent chain-specific recall regardless of M_c. ARCHITECTURE PIVOT REQUIRED. Do NOT launch writer-side cells (F2/sec1).",
  "per_chain": [
    {
      "chain_idx": 0,
      "cb_pos": 9,
      "ev_pos": 7,
      "n_callback_tok": 4,
      "ce_writer": 6.059137344360352,
      "ce_floor": 6.057774543762207,
      "ce_ttt": 6.429439544677734,
      "ev_loss_trace": [
        [
          0,
          3.090156316757202
        ],
        [
          9,
          0.9715878367424011
        ],
        [
          24,
          0.8031666278839111
        ],
        [
          49,
          0.6435145735740662
        ]
      ]
    },
    {
      "chain_idx": 1,
      "cb_pos": 9,
      "ev_pos": 4,
      "n_callback_tok": 4,
      "ce_writer": 6.347830295562744,
      "ce_floor": 6.392119407653809,
      "ce_ttt": 6.549947261810303,
      "ev_loss_trace": [
        [
          0,
          4.268604278564453
        ],
        [
          9,
          1.315710425376892
        ],
        [
          24,
          1.1427499055862427
        ],
        [
          49,
          0.9283613562583923
        ]
      ]
    },
    {
      "chain_idx": 2,
      "cb_pos": 9,
      "ev_pos": 4,
      "n_callback_tok": 4,
      "ce_writer": 7.445317268371582,
      "ce_floor": 7.316037178039551,
      "ce_ttt": 7.741684913635254,
      "ev_loss_trace": [
        [
          0,
          2.571765899658203
        ],
        [
          9,
          0.8818541169166565
        ],
        [
          24,
          0.7452713847160339
        ],
        [
          49,
          0.6659452319145203
        ]
      ]
    },
    {
      "chain_idx": 3,
      "cb_pos": 9,
      "ev_pos": 5,
      "n_callback_tok": 3,
      "ce_writer": 7.005388259887695,
      "ce_floor": 7.016915798187256,
      "ce_ttt": 7.001927852630615,
      "ev_loss_trace": [
        [
          0,
          3.1430885791778564
        ],
        [
          9,
          0.9431325793266296
        ],
        [
          24,
          0.7501833438873291
        ],
        [
          49,
          0.6600572466850281
        ]
      ]
    },
    {
      "chain_idx": 4,
      "cb_pos": 9,
      "ev_pos": 0,
      "n_callback_tok": 5,
      "ce_writer": 4.582082271575928,
      "ce_floor": 4.609879493713379,
      "ce_ttt": 4.753659248352051,
      "ev_loss_trace": [
        [
          0,
          2.734865665435791
        ],
        [
          9,
          0.9485007524490356
        ],
        [
          24,
          0.7771288752555847
        ],
        [
          49,
          0.6296913623809814
        ]
      ]
    },
    {
      "chain_idx": 5,
      "cb_pos": 9,
      "ev_pos": 3,
      "n_callback_tok": 3,
      "ce_writer": 8.896764755249023,
      "ce_floor": 8.940464973449707,
      "ce_ttt": 9.003381729125977,
      "ev_loss_trace": [
        [
          0,
          3.224715232849121
        ],
        [
          9,
          0.8152878284454346
        ],
        [
          24,
          0.6587318778038025
        ],
        [
          49,
          0.6043072938919067
        ]
      ]
    },
    {
      "chain_idx": 6,
      "cb_pos": 9,
      "ev_pos": 0,
      "n_callback_tok": 4,
      "ce_writer": 5.40314245223999,
      "ce_floor": 5.449947357177734,
      "ce_ttt": 5.506398677825928,
      "ev_loss_trace": [
        [
          0,
          2.819628953933716
        ],
        [
          9,
          1.1292518377304077
        ],
        [
          24,
          0.9215677976608276
        ],
        [
          49,
          0.7653690576553345
        ]
      ]
    },
    {
      "chain_idx": 7,
      "cb_pos": 9,
      "ev_pos": 2,
      "n_callback_tok": 3,
      "ce_writer": 8.644068717956543,
      "ce_floor": 8.604000091552734,
      "ce_ttt": 9.071771621704102,
      "ev_loss_trace": [
        [
          0,
          2.9681525230407715
        ],
        [
          9,
          0.9162064790725708
        ],
        [
          24,
          0.7881037592887878
        ],
        [
          49,
          0.6954415440559387
        ]
      ]
    },
    {
      "chain_idx": 8,
      "cb_pos": 9,
      "ev_pos": 5,
      "n_callback_tok": 5,
      "ce_writer": 5.1898884773254395,
      "ce_floor": 5.166361331939697,
      "ce_ttt": 5.339598178863525,
      "ev_loss_trace": [
        [
          0,
          2.663037061691284
        ],
        [
          9,
          0.8975870013237
        ],
        [
          24,
          0.7330977916717529
        ],
        [
          49,
          0.6559798121452332
        ]
      ]
    },
    {
      "chain_idx": 9,
      "cb_pos": 9,
      "ev_pos": 0,
      "n_callback_tok": 3,
      "ce_writer": 8.34025764465332,
      "ce_floor": 8.371796607971191,
      "ce_ttt": 9.226999282836914,
      "ev_loss_trace": [
        [
          0,
          2.759190082550049
        ],
        [
          9,
          0.8931764364242554
        ],
        [
          24,
          0.7528266310691833
        ],
        [
          49,
          0.651013970375061
        ]
      ]
    },
    {
      "chain_idx": 10,
      "cb_pos": 9,
      "ev_pos": 0,
      "n_callback_tok": 6,
      "ce_writer": 4.852859973907471,
      "ce_floor": 4.891185760498047,
      "ce_ttt": 4.93341588973999,
      "ev_loss_trace": [
        [
          0,
          2.7851250171661377
        ],
        [
          9,
          0.7383349537849426
        ],
        [
          24,
          0.6557228565216064
        ],
        [
          49,
          0.584749162197113
        ]
      ]
    },
    {
      "chain_idx": 11,
      "cb_pos": 9,
      "ev_pos": 1,
      "n_callback_tok": 4,
      "ce_writer": 6.325222492218018,
      "ce_floor": 6.307623386383057,
      "ce_ttt": 6.571491718292236,
      "ev_loss_trace": [
        [
          0,
          3.801443338394165
        ],
        [
          9,
          1.293420672416687
        ],
        [
          24,
          1.0570729970932007
        ],
        [
          49,
          0.8703856468200684
        ]
      ]
    },
    {
      "chain_idx": 12,
      "cb_pos": 9,
      "ev_pos": 5,
      "n_callback_tok": 3,
      "ce_writer": 6.759461879730225,
      "ce_floor": 6.834672451019287,
      "ce_ttt": 7.0160932540893555,
      "ev_loss_trace": [
        [
          0,
          3.5839767456054688
        ],
        [
          9,
          1.5455951690673828
        ],
        [
          24,
          1.361236810684204
        ],
        [
          49,
          1.2363777160644531
        ]
      ]
    },
    {
      "chain_idx": 13,
      "cb_pos": 9,
      "ev_pos": 6,
      "n_callback_tok": 3,
      "ce_writer": 6.679693222045898,
      "ce_floor": 6.535884380340576,
      "ce_ttt": 7.6339030265808105,
      "ev_loss_trace": [
        [
          0,
          4.260042667388916
        ],
        [
          9,
          1.5705913305282593
        ],
        [
          24,
          1.3679265975952148
        ],
        [
          49,
          1.2197377681732178
        ]
      ]
    },
    {
      "chain_idx": 14,
      "cb_pos": 9,
      "ev_pos": 3,
      "n_callback_tok": 3,
      "ce_writer": 7.633559226989746,
      "ce_floor": 7.689103126525879,
      "ce_ttt": 7.5132365226745605,