{
  "ckpt": "output/chain_v17a_f2_codes_0p6b_frozen_local/best",
  "eval_corpus": "paper_artifacts/chains/synthd4v2_persona_callback_val_s512.pt",
  "init_mode": "writer",
  "ttt_steps": 50,
  "ttt_lr": 0.01,
  "n_chains_scored": 32,
  "ce_writer_mean": 6.210900850594044,
  "ce_floor_mean": 6.208864450454712,
  "ce_ttt_mean": 6.306420654058456,
  "ttt_lift_vs_floor": -0.0975562036037445,
  "ttt_lift_vs_writer": -0.09551980346441269,
  "verdict": "NEGATIVE: readout + LM-head subsystem cannot represent chain-specific recall regardless of M_c. ARCHITECTURE PIVOT REQUIRED. Do NOT launch writer-side cells (F2/sec1).",
  "per_chain": [
    {
      "chain_idx": 0,
      "cb_pos": 9,
      "ev_pos": 5,
      "n_callback_tok": 2,
      "ce_writer": 3.52319073677063,
      "ce_floor": 3.6089162826538086,
      "ce_ttt": 3.772024631500244,
      "ev_loss_trace": [
        [
          0,
          1.1384738683700562
        ],
        [
          9,
          0.9456989765167236
        ],
        [
          24,
          0.7656698822975159
        ],
        [
          49,
          0.6124312281608582
        ]
      ]
    },
    {
      "chain_idx": 1,
      "cb_pos": 9,
      "ev_pos": 2,
      "n_callback_tok": 1,
      "ce_writer": 6.941407203674316,
      "ce_floor": 6.914176940917969,
      "ce_ttt": 7.099163055419922,
      "ev_loss_trace": [
        [
          0,
          1.067940592765808
        ],
        [
          9,
          0.9018910527229309
        ],
        [
          24,
          0.6572479605674744
        ],
        [
          49,
          0.5811120271682739
        ]
      ]
    },
    {
      "chain_idx": 2,
      "cb_pos": 9,
      "ev_pos": 0,
      "n_callback_tok": 2,
      "ce_writer": 4.177500247955322,
      "ce_floor": 4.203769207000732,
      "ce_ttt": 4.192432880401611,
      "ev_loss_trace": [
        [
          0,
          1.1006698608398438
        ],
        [
          9,
          0.880733847618103
        ],
        [
          24,
          0.6639997959136963
        ],
        [
          49,
          0.5698174834251404
        ]
      ]
    },
    {
      "chain_idx": 3,
      "cb_pos": 9,
      "ev_pos": 7,
      "n_callback_tok": 1,
      "ce_writer": 7.287054061889648,
      "ce_floor": 7.371572494506836,
      "ce_ttt": 7.571218967437744,
      "ev_loss_trace": [
        [
          0,
          1.2820302248001099
        ],
        [
          9,
          1.0476690530776978
        ],
        [
          24,
          0.8451294898986816
        ],
        [
          49,
          0.6852144002914429
        ]
      ]
    },
    {
      "chain_idx": 4,
      "cb_pos": 9,
      "ev_pos": 1,
      "n_callback_tok": 1,
      "ce_writer": 6.916998863220215,
      "ce_floor": 6.932060241699219,
      "ce_ttt": 7.126503944396973,
      "ev_loss_trace": [
        [
          0,
          1.0517842769622803
        ],
        [
          9,
          0.9229535460472107
        ],
        [
          24,
          0.7205628752708435
        ],
        [
          49,
          0.568636953830719
        ]
      ]
    },
    {
      "chain_idx": 5,
      "cb_pos": 9,
      "ev_pos": 3,
      "n_callback_tok": 1,
      "ce_writer": 7.069394588470459,
      "ce_floor": 7.04681396484375,
      "ce_ttt": 7.031399726867676,
      "ev_loss_trace": [
        [
          0,
          1.0020081996917725
        ],
        [
          9,
          0.8405827879905701
        ],
        [
          24,
          0.6948004364967346
        ],
        [
          49,
          0.5672966837882996
        ]
      ]
    },
    {
      "chain_idx": 6,
      "cb_pos": 9,
      "ev_pos": 0,
      "n_callback_tok": 1,
      "ce_writer": 4.38201379776001,
      "ce_floor": 4.6086344718933105,
      "ce_ttt": 4.52617073059082,
      "ev_loss_trace": [
        [
          0,
          1.0490028858184814
        ],
        [
          9,
          0.8246776461601257
        ],
        [
          24,
          0.6450371146202087
        ],
        [
          49,
          0.5466887950897217
        ]
      ]
    },
    {
      "chain_idx": 7,
      "cb_pos": 9,
      "ev_pos": 5,
      "n_callback_tok": 1,
      "ce_writer": 7.121518135070801,
      "ce_floor": 7.095251083374023,
      "ce_ttt": 7.023575782775879,
      "ev_loss_trace": [
        [
          0,
          1.0896905660629272
        ],
        [
          9,
          0.8801950216293335
        ],
        [
          24,
          0.6732916235923767
        ],
        [
          49,
          0.5798356533050537
        ]
      ]
    },
    {
      "chain_idx": 8,
      "cb_pos": 9,
      "ev_pos": 4,
      "n_callback_tok": 1,
      "ce_writer": 8.469217300415039,
      "ce_floor": 8.501736640930176,
      "ce_ttt": 8.745058059692383,
      "ev_loss_trace": [
        [
          0,
          0.9902622103691101
        ],
        [
          9,
          0.7764239311218262
        ],
        [
          24,
          0.613300621509552
        ],
        [
          49,
          0.5018571019172668
        ]
      ]
    },
    {
      "chain_idx": 9,
      "cb_pos": 9,
      "ev_pos": 3,
      "n_callback_tok": 2,
      "ce_writer": 4.444685935974121,
      "ce_floor": 4.454104900360107,
      "ce_ttt": 4.573684215545654,
      "ev_loss_trace": [
        [
          0,
          1.0747445821762085
        ],
        [
          9,
          0.8818610310554504
        ],
        [
          24,
          0.6824120283126831
        ],
        [
          49,
          0.5727396011352539
        ]
      ]
    },
    {
      "chain_idx": 10,
      "cb_pos": 9,
      "ev_pos": 1,
      "n_callback_tok": 2,
      "ce_writer": 4.623763084411621,
      "ce_floor": 4.724126815795898,
      "ce_ttt": 4.775893211364746,
      "ev_loss_trace": [
        [
          0,
          1.0221344232559204
        ],
        [
          9,
          0.8271129727363586
        ],
        [
          24,
          0.6749886274337769
        ],
        [
          49,
          0.5151087641716003
        ]
      ]
    },
    {
      "chain_idx": 11,
      "cb_pos": 9,
      "ev_pos": 2,
      "n_callback_tok": 2,
      "ce_writer": 4.669688701629639,
      "ce_floor": 4.624465465545654,
      "ce_ttt": 4.861721992492676,
      "ev_loss_trace": [
        [
          0,
          1.1314297914505005
        ],
        [
          9,
          0.8488178253173828
        ],
        [
          24,
          0.685708224773407
        ],
        [
          49,
          0.6123844981193542
        ]
      ]
    },
    {
      "chain_idx": 12,
      "cb_pos": 9,
      "ev_pos": 1,
      "n_callback_tok": 1,
      "ce_writer": 3.8776564598083496,
      "ce_floor": 3.811931610107422,
      "ce_ttt": 4.011653900146484,
      "ev_loss_trace": [
        [
          0,
          0.9568299651145935
        ],
        [
          9,
          0.7793859839439392
        ],
        [
          24,
          0.6157488822937012
        ],
        [
          49,
          0.5580781102180481
        ]
      ]
    },
    {
      "chain_idx": 13,
      "cb_pos": 9,
      "ev_pos": 0,
      "n_callback_tok": 1,
      "ce_writer": 5.091628074645996,
      "ce_floor": 5.1017866134643555,
      "ce_ttt": 5.2360429763793945,
      "ev_loss_trace": [
        [
          0,
          1.2252274751663208
        ],
        [
          9,
          0.9983617067337036
        ],
        [
          24,
          0.7899882197380066
        ],
        [
          49,
          0.6237050890922546
        ]
      ]
    },
    {
      "chain_idx": 14,
      "cb_pos": 9,
      "ev_pos": 3,
      "n_callback_tok": 2,
      "ce_writer": 5.495952606201172,
      "ce_floor": 5.486020088195801,
      "ce_ttt": 5.720025062561035,