{
  "ckpt": "output/chain_v14k_d4v2_norm_no_warmup_local/best",
  "eval_corpus": "paper_artifacts/chains/synthd4v2_persona_callback_val_s512.pt",
  "init_mode": "writer",
  "ttt_steps": 50,
  "ttt_lr": 0.01,
  "n_chains_scored": 32,
  "ce_writer_mean": 4.6322769075632095,
  "ce_floor_mean": 4.670977376401424,
  "ce_ttt_mean": 4.729619473218918,
  "ttt_lift_vs_floor": -0.05864209681749344,
  "ttt_lift_vs_writer": -0.09734256565570831,
  "verdict": "NEGATIVE: readout + LM-head subsystem cannot represent chain-specific recall regardless of M_c. ARCHITECTURE PIVOT REQUIRED. Do NOT launch writer-side cells (F2/sec1).",
  "per_chain": [
    {
      "chain_idx": 0,
      "cb_pos": 9,
      "ev_pos": 5,
      "n_callback_tok": 2,
      "ce_writer": 2.4872782230377197,
      "ce_floor": 2.454854965209961,
      "ce_ttt": 2.496351480484009,
      "ev_loss_trace": [
        [
          0,
          0.8602311611175537
        ],
        [
          9,
          0.7948698401451111
        ],
        [
          24,
          0.6904827952384949
        ],
        [
          49,
          0.5907715559005737
        ]
      ]
    },
    {
      "chain_idx": 1,
      "cb_pos": 9,
      "ev_pos": 2,
      "n_callback_tok": 1,
      "ce_writer": 4.237170696258545,
      "ce_floor": 4.3692402839660645,
      "ce_ttt": 4.32899284362793,
      "ev_loss_trace": [
        [
          0,
          0.6747328639030457
        ],
        [
          9,
          0.6223294138908386
        ],
        [
          24,
          0.5201336145401001
        ],
        [
          49,
          0.4458441138267517
        ]
      ]
    },
    {
      "chain_idx": 2,
      "cb_pos": 9,
      "ev_pos": 0,
      "n_callback_tok": 2,
      "ce_writer": 4.018404960632324,
      "ce_floor": 3.873392105102539,
      "ce_ttt": 3.7191131114959717,
      "ev_loss_trace": [
        [
          0,
          0.7552540302276611
        ],
        [
          9,
          0.6359236240386963
        ],
        [
          24,
          0.5673465728759766
        ],
        [
          49,
          0.5001007914543152
        ]
      ]
    },
    {
      "chain_idx": 3,
      "cb_pos": 9,
      "ev_pos": 7,
      "n_callback_tok": 1,
      "ce_writer": 3.6419878005981445,
      "ce_floor": 4.020676612854004,
      "ce_ttt": 4.515069961547852,
      "ev_loss_trace": [
        [
          0,
          0.9010127782821655
        ],
        [
          9,
          0.7554337978363037
        ],
        [
          24,
          0.701478898525238
        ],
        [
          49,
          0.6418153643608093
        ]
      ]
    },
    {
      "chain_idx": 4,
      "cb_pos": 9,
      "ev_pos": 1,
      "n_callback_tok": 1,
      "ce_writer": 4.386720657348633,
      "ce_floor": 4.1274614334106445,
      "ce_ttt": 4.2689127922058105,
      "ev_loss_trace": [
        [
          0,
          0.6910420656204224
        ],
        [
          9,
          0.6144577264785767
        ],
        [
          24,
          0.5796590447425842
        ],
        [
          49,
          0.4634327292442322
        ]
      ]
    },
    {
      "chain_idx": 5,
      "cb_pos": 9,
      "ev_pos": 3,
      "n_callback_tok": 1,
      "ce_writer": 6.5441436767578125,
      "ce_floor": 6.54854679107666,
      "ce_ttt": 6.288581848144531,
      "ev_loss_trace": [
        [
          0,
          0.7474462985992432
        ],
        [
          9,
          0.6899725198745728
        ],
        [
          24,
          0.5805691480636597
        ],
        [
          49,
          0.47531843185424805
        ]
      ]
    },
    {
      "chain_idx": 6,
      "cb_pos": 9,
      "ev_pos": 0,
      "n_callback_tok": 1,
      "ce_writer": 3.83856463432312,
      "ce_floor": 3.6463863849639893,
      "ce_ttt": 4.257279396057129,
      "ev_loss_trace": [
        [
          0,
          0.6535421013832092
        ],
        [
          9,
          0.5799627304077148
        ],
        [
          24,
          0.5430809259414673
        ],
        [
          49,
          0.4518532454967499
        ]
      ]
    },
    {
      "chain_idx": 7,
      "cb_pos": 9,
      "ev_pos": 5,
      "n_callback_tok": 1,
      "ce_writer": 5.8811445236206055,
      "ce_floor": 5.985652446746826,
      "ce_ttt": 5.9617719650268555,
      "ev_loss_trace": [
        [
          0,
          0.7694764137268066
        ],
        [
          9,
          0.6497725248336792
        ],
        [
          24,
          0.614133358001709
        ],
        [
          49,
          0.5465736389160156
        ]
      ]
    },
    {
      "chain_idx": 8,
      "cb_pos": 9,
      "ev_pos": 4,
      "n_callback_tok": 1,
      "ce_writer": 7.376523017883301,
      "ce_floor": 7.145855903625488,
      "ce_ttt": 6.888845443725586,
      "ev_loss_trace": [
        [
          0,
          0.6772386431694031
        ],
        [
          9,
          0.5879724621772766
        ],
        [
          24,
          0.49653124809265137
        ],
        [
          49,
          0.4050084054470062
        ]
      ]
    },
    {
      "chain_idx": 9,
      "cb_pos": 9,
      "ev_pos": 3,
      "n_callback_tok": 2,
      "ce_writer": 2.4207732677459717,
      "ce_floor": 2.473910331726074,
      "ce_ttt": 2.3585753440856934,
      "ev_loss_trace": [
        [
          0,
          0.7056576609611511
        ],
        [
          9,
          0.6364814043045044
        ],
        [
          24,
          0.5360779166221619
        ],
        [
          49,
          0.4445950388908386
        ]
      ]
    },
    {
      "chain_idx": 10,
      "cb_pos": 9,
      "ev_pos": 1,
      "n_callback_tok": 2,
      "ce_writer": 4.165751934051514,
      "ce_floor": 4.204344749450684,
      "ce_ttt": 3.9556875228881836,
      "ev_loss_trace": [
        [
          0,
          0.6345958709716797
        ],
        [
          9,
          0.5820196866989136
        ],
        [
          24,
          0.49994534254074097
        ],
        [
          49,
          0.47633281350135803
        ]
      ]
    },
    {
      "chain_idx": 11,
      "cb_pos": 9,
      "ev_pos": 2,
      "n_callback_tok": 2,
      "ce_writer": 3.37748646736145,
      "ce_floor": 3.4643194675445557,
      "ce_ttt": 3.403764009475708,
      "ev_loss_trace": [
        [
          0,
          0.7248894572257996
        ],
        [
          9,
          0.6452223062515259
        ],
        [
          24,
          0.547764003276825
        ],
        [
          49,
          0.46116408705711365
        ]
      ]
    },
    {
      "chain_idx": 12,
      "cb_pos": 9,
      "ev_pos": 1,
      "n_callback_tok": 1,
      "ce_writer": 2.308769464492798,
      "ce_floor": 2.0156235694885254,
      "ce_ttt": 2.6706883907318115,
      "ev_loss_trace": [
        [
          0,
          0.7368283867835999
        ],
        [
          9,
          0.6421236395835876
        ],
        [
          24,
          0.5741857886314392
        ],
        [
          49,
          0.46558335423469543
        ]
      ]
    },
    {
      "chain_idx": 13,
      "cb_pos": 9,
      "ev_pos": 0,
      "n_callback_tok": 1,
      "ce_writer": 4.692277908325195,
      "ce_floor": 4.82875919342041,
      "ce_ttt": 4.905689716339111,
      "ev_loss_trace": [
        [
          0,
          0.8178092837333679
        ],
        [
          9,
          0.7707388401031494
        ],
        [
          24,
          0.6974141001701355
        ],
        [
          49,
          0.586795449256897
        ]
      ]
    },
    {
      "chain_idx": 14,
      "cb_pos": 9,
      "ev_pos": 3,
      "n_callback_tok": 2,
      "ce_writer": 2.907146453857422,
      "ce_floor": 3.0071277618408203,
      "ce_ttt": 2.961785316467285,