{
  "ckpt": "output/chain_v17b_f2_codes_0p6b_joint_local/best",
  "eval_corpus": "paper_artifacts/chains/synthd5_random_codes_val_s512.pt",
  "init_mode": "writer",
  "ttt_steps": 50,
  "ttt_lr": 0.01,
  "n_chains_scored": 32,
  "ce_writer_mean": 6.44998636841774,
  "ce_floor_mean": 6.451059907674789,
  "ce_ttt_mean": 6.486764267086983,
  "ttt_lift_vs_floor": -0.0357043594121933,
  "ttt_lift_vs_writer": -0.03677789866924286,
  "verdict": "NEGATIVE: readout + LM-head subsystem cannot represent chain-specific recall regardless of M_c. ARCHITECTURE PIVOT REQUIRED. Do NOT launch writer-side cells (F2/sec1).",
  "per_chain": [
    {
      "chain_idx": 0,
      "cb_pos": 9,
      "ev_pos": 7,
      "n_callback_tok": 4,
      "ce_writer": 6.059137344360352,
      "ce_floor": 6.057774543762207,
      "ce_ttt": 6.092586040496826,
      "ev_loss_trace": [
        [
          0,
          3.187014102935791
        ],
        [
          9,
          2.753972291946411
        ],
        [
          24,
          2.253678560256958
        ],
        [
          49,
          1.5980191230773926
        ]
      ]
    },
    {
      "chain_idx": 1,
      "cb_pos": 9,
      "ev_pos": 4,
      "n_callback_tok": 4,
      "ce_writer": 6.347830295562744,
      "ce_floor": 6.392119407653809,
      "ce_ttt": 6.407881736755371,
      "ev_loss_trace": [
        [
          0,
          3.7206666469573975
        ],
        [
          9,
          3.4326095581054688
        ],
        [
          24,
          2.979956865310669
        ],
        [
          49,
          2.357677936553955
        ]
      ]
    },
    {
      "chain_idx": 2,
      "cb_pos": 9,
      "ev_pos": 4,
      "n_callback_tok": 4,
      "ce_writer": 7.445317268371582,
      "ce_floor": 7.316037178039551,
      "ce_ttt": 7.469717025756836,
      "ev_loss_trace": [
        [
          0,
          2.8141396045684814
        ],
        [
          9,
          2.396083116531372
        ],
        [
          24,
          2.0742008686065674
        ],
        [
          49,
          1.534995436668396
        ]
      ]
    },
    {
      "chain_idx": 3,
      "cb_pos": 9,
      "ev_pos": 5,
      "n_callback_tok": 3,
      "ce_writer": 7.005388259887695,
      "ce_floor": 7.016915798187256,
      "ce_ttt": 6.959146022796631,
      "ev_loss_trace": [
        [
          0,
          2.788839340209961
        ],
        [
          9,
          2.3471126556396484
        ],
        [
          24,
          2.0526468753814697
        ],
        [
          49,
          1.4399868249893188
        ]
      ]
    },
    {
      "chain_idx": 4,
      "cb_pos": 9,
      "ev_pos": 0,
      "n_callback_tok": 5,
      "ce_writer": 4.582082271575928,
      "ce_floor": 4.609879493713379,
      "ce_ttt": 4.561892509460449,
      "ev_loss_trace": [
        [
          0,
          2.964829921722412
        ],
        [
          9,
          2.61316180229187
        ],
        [
          24,
          2.2239270210266113
        ],
        [
          49,
          1.6807186603546143
        ]
      ]
    },
    {
      "chain_idx": 5,
      "cb_pos": 9,
      "ev_pos": 3,
      "n_callback_tok": 3,
      "ce_writer": 8.896764755249023,
      "ce_floor": 8.940464973449707,
      "ce_ttt": 8.943984985351562,
      "ev_loss_trace": [
        [
          0,
          2.9288501739501953
        ],
        [
          9,
          2.583585262298584
        ],
        [
          24,
          2.0718014240264893
        ],
        [
          49,
          1.461460828781128
        ]
      ]
    },
    {
      "chain_idx": 6,
      "cb_pos": 9,
      "ev_pos": 0,
      "n_callback_tok": 4,
      "ce_writer": 5.40314245223999,
      "ce_floor": 5.449947357177734,
      "ce_ttt": 5.405795097351074,
      "ev_loss_trace": [
        [
          0,
          2.702577590942383
        ],
        [
          9,
          2.4232475757598877
        ],
        [
          24,
          2.097196340560913
        ],
        [
          49,
          1.5537052154541016
        ]
      ]
    },
    {
      "chain_idx": 7,
      "cb_pos": 9,
      "ev_pos": 2,
      "n_callback_tok": 3,
      "ce_writer": 8.644068717956543,
      "ce_floor": 8.604000091552734,
      "ce_ttt": 8.616533279418945,
      "ev_loss_trace": [
        [
          0,
          2.652775526046753
        ],
        [
          9,
          2.4324872493743896
        ],
        [
          24,
          1.9189519882202148
        ],
        [
          49,
          1.4429606199264526
        ]
      ]
    },
    {
      "chain_idx": 8,
      "cb_pos": 9,
      "ev_pos": 5,
      "n_callback_tok": 5,
      "ce_writer": 5.1898884773254395,
      "ce_floor": 5.166361331939697,
      "ce_ttt": 5.144059658050537,
      "ev_loss_trace": [
        [
          0,
          2.7115697860717773
        ],
        [
          9,
          2.4532103538513184
        ],
        [
          24,
          1.8733863830566406
        ],
        [
          49,
          1.387709379196167
        ]
      ]
    },
    {
      "chain_idx": 9,
      "cb_pos": 9,
      "ev_pos": 0,
      "n_callback_tok": 3,
      "ce_writer": 8.34025764465332,
      "ce_floor": 8.371796607971191,
      "ce_ttt": 8.518633842468262,
      "ev_loss_trace": [
        [
          0,
          2.808526039123535
        ],
        [
          9,
          2.499107599258423
        ],
        [
          24,
          2.055371046066284
        ],
        [
          49,
          1.5515979528427124
        ]
      ]
    },
    {
      "chain_idx": 10,
      "cb_pos": 9,
      "ev_pos": 0,
      "n_callback_tok": 6,
      "ce_writer": 4.852859973907471,
      "ce_floor": 4.891185760498047,
      "ce_ttt": 4.844367980957031,
      "ev_loss_trace": [
        [
          0,
          2.8796348571777344
        ],
        [
          9,
          2.456042766571045
        ],
        [
          24,
          2.0292580127716064
        ],
        [
          49,
          1.4013277292251587
        ]
      ]
    },
    {
      "chain_idx": 11,
      "cb_pos": 9,
      "ev_pos": 1,
      "n_callback_tok": 4,
      "ce_writer": 6.325222492218018,
      "ce_floor": 6.307623386383057,
      "ce_ttt": 6.3665361404418945,
      "ev_loss_trace": [
        [
          0,
          3.585747480392456
        ],
        [
          9,
          3.327728509902954
        ],
        [
          24,
          2.7744078636169434
        ],
        [
          49,
          2.279902458190918
        ]
      ]
    },
    {
      "chain_idx": 12,
      "cb_pos": 9,
      "ev_pos": 5,
      "n_callback_tok": 3,
      "ce_writer": 6.759461879730225,
      "ce_floor": 6.834672451019287,
      "ce_ttt": 6.871270656585693,
      "ev_loss_trace": [
        [
          0,
          3.661445140838623
        ],
        [
          9,
          3.279508113861084
        ],
        [
          24,
          2.8307642936706543
        ],
        [
          49,
          2.2909419536590576
        ]
      ]
    },
    {
      "chain_idx": 13,
      "cb_pos": 9,
      "ev_pos": 6,
      "n_callback_tok": 3,
      "ce_writer": 6.679693222045898,
      "ce_floor": 6.535884380340576,
      "ce_ttt": 6.774433135986328,
      "ev_loss_trace": [
        [
          0,
          3.8693785667419434
        ],
        [
          9,
          3.59447979927063
        ],
        [
          24,
          3.2116024494171143
        ],
        [
          49,
          2.5421953201293945
        ]
      ]
    },
    {
      "chain_idx": 14,
      "cb_pos": 9,
      "ev_pos": 3,
      "n_callback_tok": 3,
      "ce_writer": 7.633559226989746,
      "ce_floor": 7.689103126525879,
      "ce_ttt": 7.671782493591309,