{
  "ckpt": "output/chain_v15a_d4v2_norm_replicate_local/best",
  "eval_corpus": "paper_artifacts/chains/synthd4v2_persona_callback_val_s512.pt",
  "init_mode": "iid",
  "ttt_steps": 50,
  "ttt_lr": 0.01,
  "n_chains_scored": 32,
  "ce_writer_mean": 4.814362294971943,
  "ce_floor_mean": 4.736098922789097,
  "ce_ttt_mean": 5.571092531085014,
  "ttt_lift_vs_floor": -0.8349936082959175,
  "ttt_lift_vs_writer": -0.7567302361130714,
  "verdict": "NEGATIVE: readout + LM-head subsystem cannot represent chain-specific recall regardless of M_c. ARCHITECTURE PIVOT REQUIRED. Do NOT launch writer-side cells (F2/sec1).",
  "per_chain": [
    {
      "chain_idx": 0,
      "cb_pos": 9,
      "ev_pos": 5,
      "n_callback_tok": 2,
      "ce_writer": 2.211336851119995,
      "ce_floor": 2.0211009979248047,
      "ce_ttt": 2.6665878295898438,
      "ev_loss_trace": [
        [
          0,
          0.5585970878601074
        ],
        [
          9,
          0.40494513511657715
        ],
        [
          24,
          0.3254759907722473
        ],
        [
          49,
          0.2808225154876709
        ]
      ]
    },
    {
      "chain_idx": 1,
      "cb_pos": 9,
      "ev_pos": 2,
      "n_callback_tok": 1,
      "ce_writer": 3.9466302394866943,
      "ce_floor": 3.790142774581909,
      "ce_ttt": 4.879410266876221,
      "ev_loss_trace": [
        [
          0,
          0.4978869557380676
        ],
        [
          9,
          0.2585119903087616
        ],
        [
          24,
          0.21902278065681458
        ],
        [
          49,
          0.19592177867889404
        ]
      ]
    },
    {
      "chain_idx": 2,
      "cb_pos": 9,
      "ev_pos": 0,
      "n_callback_tok": 2,
      "ce_writer": 3.700880765914917,
      "ce_floor": 3.709852933883667,
      "ce_ttt": 5.798583507537842,
      "ev_loss_trace": [
        [
          0,
          0.5222922563552856
        ],
        [
          9,
          0.2653191089630127
        ],
        [
          24,
          0.22574156522750854
        ],
        [
          49,
          0.20026147365570068
        ]
      ]
    },
    {
      "chain_idx": 3,
      "cb_pos": 9,
      "ev_pos": 7,
      "n_callback_tok": 1,
      "ce_writer": 4.854423999786377,
      "ce_floor": 4.215473175048828,
      "ce_ttt": 5.445734024047852,
      "ev_loss_trace": [
        [
          0,
          0.5799621343612671
        ],
        [
          9,
          0.390951931476593
        ],
        [
          24,
          0.29831573367118835
        ],
        [
          49,
          0.25063279271125793
        ]
      ]
    },
    {
      "chain_idx": 4,
      "cb_pos": 9,
      "ev_pos": 1,
      "n_callback_tok": 1,
      "ce_writer": 3.9635207653045654,
      "ce_floor": 3.7842085361480713,
      "ce_ttt": 4.993385314941406,
      "ev_loss_trace": [
        [
          0,
          0.4971403181552887
        ],
        [
          9,
          0.23200716078281403
        ],
        [
          24,
          0.19762058556079865
        ],
        [
          49,
          0.1684747189283371
        ]
      ]
    },
    {
      "chain_idx": 5,
      "cb_pos": 9,
      "ev_pos": 3,
      "n_callback_tok": 1,
      "ce_writer": 6.074891567230225,
      "ce_floor": 6.463644027709961,
      "ce_ttt": 6.53002405166626,
      "ev_loss_trace": [
        [
          0,
          0.5046196579933167
        ],
        [
          9,
          0.3036727011203766
        ],
        [
          24,
          0.24698129296302795
        ],
        [
          49,
          0.20579788088798523
        ]
      ]
    },
    {
      "chain_idx": 6,
      "cb_pos": 9,
      "ev_pos": 0,
      "n_callback_tok": 1,
      "ce_writer": 3.745671510696411,
      "ce_floor": 3.3603715896606445,
      "ce_ttt": 4.765531063079834,
      "ev_loss_trace": [
        [
          0,
          0.46025243401527405
        ],
        [
          9,
          0.2667345404624939
        ],
        [
          24,
          0.2123580276966095
        ],
        [
          49,
          0.17816530168056488
        ]
      ]
    },
    {
      "chain_idx": 7,
      "cb_pos": 9,
      "ev_pos": 5,
      "n_callback_tok": 1,
      "ce_writer": 5.844868183135986,
      "ce_floor": 5.655270099639893,
      "ce_ttt": 7.470574378967285,
      "ev_loss_trace": [
        [
          0,
          0.5246145725250244
        ],
        [
          9,
          0.2657714784145355
        ],
        [
          24,
          0.22522853314876556
        ],
        [
          49,
          0.19352537393569946
        ]
      ]
    },
    {
      "chain_idx": 8,
      "cb_pos": 9,
      "ev_pos": 4,
      "n_callback_tok": 1,
      "ce_writer": 7.4982829093933105,
      "ce_floor": 7.391988754272461,
      "ce_ttt": 7.0429277420043945,
      "ev_loss_trace": [
        [
          0,
          0.5235083103179932
        ],
        [
          9,
          0.297902375459671
        ],
        [
          24,
          0.2379116415977478
        ],
        [
          49,
          0.19704504311084747
        ]
      ]
    },
    {
      "chain_idx": 9,
      "cb_pos": 9,
      "ev_pos": 3,
      "n_callback_tok": 2,
      "ce_writer": 2.770421028137207,
      "ce_floor": 2.687016248703003,
      "ce_ttt": 3.9611639976501465,
      "ev_loss_trace": [
        [
          0,
          0.49596264958381653
        ],
        [
          9,
          0.2621169090270996
        ],
        [
          24,
          0.22476261854171753
        ],
        [
          49,
          0.1924280822277069
        ]
      ]
    },
    {
      "chain_idx": 10,
      "cb_pos": 9,
      "ev_pos": 1,
      "n_callback_tok": 2,
      "ce_writer": 4.269419193267822,
      "ce_floor": 4.1987996101379395,
      "ce_ttt": 4.408622741699219,
      "ev_loss_trace": [
        [
          0,
          0.455407053232193
        ],
        [
          9,
          0.2385161966085434
        ],
        [
          24,
          0.22135083377361298
        ],
        [
          49,
          0.20095545053482056
        ]
      ]
    },
    {
      "chain_idx": 11,
      "cb_pos": 9,
      "ev_pos": 2,
      "n_callback_tok": 2,
      "ce_writer": 3.13266921043396,
      "ce_floor": 3.147801637649536,
      "ce_ttt": 4.3572916984558105,
      "ev_loss_trace": [
        [
          0,
          0.44954782724380493
        ],
        [
          9,
          0.2164417952299118
        ],
        [
          24,
          0.19941651821136475
        ],
        [
          49,
          0.17678959667682648
        ]
      ]
    },
    {
      "chain_idx": 12,
      "cb_pos": 9,
      "ev_pos": 1,
      "n_callback_tok": 1,
      "ce_writer": 2.5232434272766113,
      "ce_floor": 2.337632179260254,
      "ce_ttt": 4.619174957275391,
      "ev_loss_trace": [
        [
          0,
          0.4854426383972168
        ],
        [
          9,
          0.29084131121635437
        ],
        [
          24,
          0.23627619445323944
        ],
        [
          49,
          0.19178272783756256
        ]
      ]
    },
    {
      "chain_idx": 13,
      "cb_pos": 9,
      "ev_pos": 0,
      "n_callback_tok": 1,
      "ce_writer": 4.582558631896973,
      "ce_floor": 4.667142868041992,
      "ce_ttt": 6.151053428649902,
      "ev_loss_trace": [
        [
          0,
          0.6199935674667358
        ],
        [
          9,
          0.302414208650589
        ],
        [
          24,
          0.2528955936431885
        ],
        [
          49,
          0.21267585456371307
        ]
      ]
    },
    {
      "chain_idx": 14,
      "cb_pos": 9,
      "ev_pos": 3,
      "n_callback_tok": 2,
      "ce_writer": 3.537658214569092,
      "ce_floor": 3.535595178604126,
      "ce_ttt": 3.9790399074554443,