{
  "ckpt": "output/chain_v17a_f2_codes_0p6b_frozen_local/best",
  "eval_corpus": "paper_artifacts/chains/synthd5_random_codes_val_s512.pt",
  "init_mode": "writer",
  "ttt_steps": 50,
  "ttt_lr": 0.01,
  "n_chains_scored": 32,
  "ce_writer_mean": 6.2641672641038895,
  "ce_floor_mean": 6.250928968191147,
  "ce_ttt_mean": 6.250019967556,
  "ttt_lift_vs_floor": 0.0009090006351470947,
  "ttt_lift_vs_writer": 0.01414729654788971,
  "verdict": "MIXED: readout has partial capacity. Compose F2 with read-side intervention (sec4 probe-bypass loss or sec2 DeltaNet writer).",
  "per_chain": [
    {
      "chain_idx": 0,
      "cb_pos": 9,
      "ev_pos": 7,
      "n_callback_tok": 4,
      "ce_writer": 6.277863025665283,
      "ce_floor": 6.242581367492676,
      "ce_ttt": 6.265955924987793,
      "ev_loss_trace": [
        [
          0,
          1.0613067150115967
        ],
        [
          9,
          0.9458969831466675
        ],
        [
          24,
          0.7936578989028931
        ],
        [
          49,
          0.6047523617744446
        ]
      ]
    },
    {
      "chain_idx": 1,
      "cb_pos": 9,
      "ev_pos": 4,
      "n_callback_tok": 4,
      "ce_writer": 6.284887313842773,
      "ce_floor": 6.321580410003662,
      "ce_ttt": 6.25805139541626,
      "ev_loss_trace": [
        [
          0,
          1.2859821319580078
        ],
        [
          9,
          1.1119484901428223
        ],
        [
          24,
          0.8849478960037231
        ],
        [
          49,
          0.7274540066719055
        ]
      ]
    },
    {
      "chain_idx": 2,
      "cb_pos": 9,
      "ev_pos": 4,
      "n_callback_tok": 4,
      "ce_writer": 6.857517719268799,
      "ce_floor": 6.851052284240723,
      "ce_ttt": 6.851530075073242,
      "ev_loss_trace": [
        [
          0,
          1.1774344444274902
        ],
        [
          9,
          0.9246984720230103
        ],
        [
          24,
          0.7699660658836365
        ],
        [
          49,
          0.6357465386390686
        ]
      ]
    },
    {
      "chain_idx": 3,
      "cb_pos": 9,
      "ev_pos": 5,
      "n_callback_tok": 3,
      "ce_writer": 7.336455821990967,
      "ce_floor": 7.249916076660156,
      "ce_ttt": 7.290396690368652,
      "ev_loss_trace": [
        [
          0,
          1.0864969491958618
        ],
        [
          9,
          0.9046514630317688
        ],
        [
          24,
          0.7317343950271606
        ],
        [
          49,
          0.5850517749786377
        ]
      ]
    },
    {
      "chain_idx": 4,
      "cb_pos": 9,
      "ev_pos": 0,
      "n_callback_tok": 5,
      "ce_writer": 4.508488178253174,
      "ce_floor": 4.551349639892578,
      "ce_ttt": 4.54990291595459,
      "ev_loss_trace": [
        [
          0,
          1.207112193107605
        ],
        [
          9,
          0.9962366223335266
        ],
        [
          24,
          0.7720118761062622
        ],
        [
          49,
          0.6204324960708618
        ]
      ]
    },
    {
      "chain_idx": 5,
      "cb_pos": 9,
      "ev_pos": 3,
      "n_callback_tok": 3,
      "ce_writer": 9.40334415435791,
      "ce_floor": 9.332500457763672,
      "ce_ttt": 9.401556015014648,
      "ev_loss_trace": [
        [
          0,
          1.020136833190918
        ],
        [
          9,
          0.7931939363479614
        ],
        [
          24,
          0.621774435043335
        ],
        [
          49,
          0.5155503153800964
        ]
      ]
    },
    {
      "chain_idx": 6,
      "cb_pos": 9,
      "ev_pos": 0,
      "n_callback_tok": 4,
      "ce_writer": 5.52565336227417,
      "ce_floor": 5.523360729217529,
      "ce_ttt": 5.4459333419799805,
      "ev_loss_trace": [
        [
          0,
          1.1305783987045288
        ],
        [
          9,
          0.86117023229599
        ],
        [
          24,
          0.6846689581871033
        ],
        [
          49,
          0.6125446557998657
        ]
      ]
    },
    {
      "chain_idx": 7,
      "cb_pos": 9,
      "ev_pos": 2,
      "n_callback_tok": 3,
      "ce_writer": 7.857358455657959,
      "ce_floor": 7.938050746917725,
      "ce_ttt": 7.8724589347839355,
      "ev_loss_trace": [
        [
          0,
          1.119510293006897
        ],
        [
          9,
          0.9215750694274902
        ],
        [
          24,
          0.7163078784942627
        ],
        [
          49,
          0.5989309549331665
        ]
      ]
    },
    {
      "chain_idx": 8,
      "cb_pos": 9,
      "ev_pos": 5,
      "n_callback_tok": 5,
      "ce_writer": 4.861894130706787,
      "ce_floor": 4.8374152183532715,
      "ce_ttt": 4.917561054229736,
      "ev_loss_trace": [
        [
          0,
          1.1606590747833252
        ],
        [
          9,
          0.9617809653282166
        ],
        [
          24,
          0.7231209874153137
        ],
        [
          49,
          0.5904978513717651
        ]
      ]
    },
    {
      "chain_idx": 9,
      "cb_pos": 9,
      "ev_pos": 0,
      "n_callback_tok": 3,
      "ce_writer": 7.361077785491943,
      "ce_floor": 7.360345363616943,
      "ce_ttt": 7.230062007904053,
      "ev_loss_trace": [
        [
          0,
          1.1053361892700195
        ],
        [
          9,
          0.9141102433204651
        ],
        [
          24,
          0.7237970232963562
        ],
        [
          49,
          0.5555536150932312
        ]
      ]
    },
    {
      "chain_idx": 10,
      "cb_pos": 9,
      "ev_pos": 0,
      "n_callback_tok": 6,
      "ce_writer": 4.637724876403809,
      "ce_floor": 4.620565414428711,
      "ce_ttt": 4.569117546081543,
      "ev_loss_trace": [
        [
          0,
          1.1472179889678955
        ],
        [
          9,
          0.9265117645263672
        ],
        [
          24,
          0.7329174280166626
        ],
        [
          49,
          0.5868628621101379
        ]
      ]
    },
    {
      "chain_idx": 11,
      "cb_pos": 9,
      "ev_pos": 1,
      "n_callback_tok": 4,
      "ce_writer": 5.891256332397461,
      "ce_floor": 5.8430280685424805,
      "ce_ttt": 5.928620338439941,
      "ev_loss_trace": [
        [
          0,
          1.321675181388855
        ],
        [
          9,
          1.139490008354187
        ],
        [
          24,
          0.8941053152084351
        ],
        [
          49,
          0.705729067325592
        ]
      ]
    },
    {
      "chain_idx": 12,
      "cb_pos": 9,
      "ev_pos": 5,
      "n_callback_tok": 3,
      "ce_writer": 6.663825035095215,
      "ce_floor": 6.635941505432129,
      "ce_ttt": 6.595545768737793,
      "ev_loss_trace": [
        [
          0,
          1.3051271438598633
        ],
        [
          9,
          1.0953855514526367
        ],
        [
          24,
          0.8979591727256775
        ],
        [
          49,
          0.6757307648658752
        ]
      ]
    },
    {
      "chain_idx": 13,
      "cb_pos": 9,
      "ev_pos": 6,
      "n_callback_tok": 3,
      "ce_writer": 6.371377468109131,
      "ce_floor": 6.262042045593262,
      "ce_ttt": 6.4037628173828125,
      "ev_loss_trace": [
        [
          0,
          1.287596583366394
        ],
        [
          9,
          1.151742935180664
        ],
        [
          24,
          0.8872272968292236
        ],
        [
          49,
          0.7102010250091553
        ]
      ]
    },
    {
      "chain_idx": 14,
      "cb_pos": 9,
      "ev_pos": 3,
      "n_callback_tok": 3,
      "ce_writer": 8.3075590133667,
      "ce_floor": 8.290775299072266,
      "ce_ttt": 8.275952339172363,