{
  "ckpt": "output/chain_v15e_d4v2_1p7b_norm_local/best",
  "eval_corpus": "paper_artifacts/chains/synthd4v2_persona_callback_val_s512.pt",
  "init_mode": "writer",
  "ttt_steps": 50,
  "ttt_lr": 0.01,
  "n_chains_scored": 32,
  "ce_writer_mean": 4.460429426282644,
  "ce_floor_mean": 4.428436730057001,
  "ce_ttt_mean": 4.660974532365799,
  "ttt_lift_vs_floor": -0.23253780230879784,
  "ttt_lift_vs_writer": -0.20054510608315468,
  "verdict": "NEGATIVE: readout + LM-head subsystem cannot represent chain-specific recall regardless of M_c. ARCHITECTURE PIVOT REQUIRED. Do NOT launch writer-side cells (F2/sec1).",
  "per_chain": [
    {
      "chain_idx": 0,
      "cb_pos": 9,
      "ev_pos": 5,
      "n_callback_tok": 2,
      "ce_writer": 2.3106393814086914,
      "ce_floor": 2.082418203353882,
      "ce_ttt": 2.3195228576660156,
      "ev_loss_trace": [
        [
          0,
          5.174808502197266
        ],
        [
          9,
          4.770051956176758
        ],
        [
          24,
          4.193178653717041
        ],
        [
          49,
          3.7317113876342773
        ]
      ]
    },
    {
      "chain_idx": 1,
      "cb_pos": 9,
      "ev_pos": 2,
      "n_callback_tok": 1,
      "ce_writer": 5.096384048461914,
      "ce_floor": 4.957376480102539,
      "ce_ttt": 5.003090858459473,
      "ev_loss_trace": [
        [
          0,
          4.638545513153076
        ],
        [
          9,
          4.284023284912109
        ],
        [
          24,
          3.9593801498413086
        ],
        [
          49,
          3.4355573654174805
        ]
      ]
    },
    {
      "chain_idx": 2,
      "cb_pos": 9,
      "ev_pos": 0,
      "n_callback_tok": 2,
      "ce_writer": 2.9271903038024902,
      "ce_floor": 2.975125789642334,
      "ce_ttt": 2.8689188957214355,
      "ev_loss_trace": [
        [
          0,
          5.419581890106201
        ],
        [
          9,
          4.971909046173096
        ],
        [
          24,
          4.112442493438721
        ],
        [
          49,
          3.4996180534362793
        ]
      ]
    },
    {
      "chain_idx": 3,
      "cb_pos": 9,
      "ev_pos": 7,
      "n_callback_tok": 1,
      "ce_writer": 3.454143524169922,
      "ce_floor": 3.522777557373047,
      "ce_ttt": 3.5726137161254883,
      "ev_loss_trace": [
        [
          0,
          4.969673156738281
        ],
        [
          9,
          4.754637718200684
        ],
        [
          24,
          4.453533172607422
        ],
        [
          49,
          4.0057549476623535
        ]
      ]
    },
    {
      "chain_idx": 4,
      "cb_pos": 9,
      "ev_pos": 1,
      "n_callback_tok": 1,
      "ce_writer": 5.199498176574707,
      "ce_floor": 5.1670331954956055,
      "ce_ttt": 5.035792827606201,
      "ev_loss_trace": [
        [
          0,
          5.364319801330566
        ],
        [
          9,
          4.548648357391357
        ],
        [
          24,
          3.9216089248657227
        ],
        [
          49,
          3.347303628921509
        ]
      ]
    },
    {
      "chain_idx": 5,
      "cb_pos": 9,
      "ev_pos": 3,
      "n_callback_tok": 1,
      "ce_writer": 5.246129035949707,
      "ce_floor": 5.257674217224121,
      "ce_ttt": 5.654179573059082,
      "ev_loss_trace": [
        [
          0,
          4.432393550872803
        ],
        [
          9,
          4.185701370239258
        ],
        [
          24,
          3.7769768238067627
        ],
        [
          49,
          3.333686590194702
        ]
      ]
    },
    {
      "chain_idx": 6,
      "cb_pos": 9,
      "ev_pos": 0,
      "n_callback_tok": 1,
      "ce_writer": 3.6961309909820557,
      "ce_floor": 3.305272340774536,
      "ce_ttt": 3.7033047676086426,
      "ev_loss_trace": [
        [
          0,
          4.917779445648193
        ],
        [
          9,
          4.600453853607178
        ],
        [
          24,
          4.229836940765381
        ],
        [
          49,
          3.8718395233154297
        ]
      ]
    },
    {
      "chain_idx": 7,
      "cb_pos": 9,
      "ev_pos": 5,
      "n_callback_tok": 1,
      "ce_writer": 5.016829013824463,
      "ce_floor": 4.880982398986816,
      "ce_ttt": 4.756417274475098,
      "ev_loss_trace": [
        [
          0,
          4.785135269165039
        ],
        [
          9,
          4.361620903015137
        ],
        [
          24,
          3.8239083290100098
        ],
        [
          49,
          3.4991471767425537
        ]
      ]
    },
    {
      "chain_idx": 8,
      "cb_pos": 9,
      "ev_pos": 4,
      "n_callback_tok": 1,
      "ce_writer": 6.021906852722168,
      "ce_floor": 6.093186855316162,
      "ce_ttt": 6.301242828369141,
      "ev_loss_trace": [
        [
          0,
          5.282205581665039
        ],
        [
          9,
          4.6340508460998535
        ],
        [
          24,
          4.023230075836182
        ],
        [
          49,
          3.363391160964966
        ]
      ]
    },
    {
      "chain_idx": 9,
      "cb_pos": 9,
      "ev_pos": 3,
      "n_callback_tok": 2,
      "ce_writer": 3.56730055809021,
      "ce_floor": 3.3825230598449707,
      "ce_ttt": 4.037205219268799,
      "ev_loss_trace": [
        [
          0,
          5.28918981552124
        ],
        [
          9,
          4.750542163848877
        ],
        [
          24,
          3.954439163208008
        ],
        [
          49,
          3.4116721153259277
        ]
      ]
    },
    {
      "chain_idx": 10,
      "cb_pos": 9,
      "ev_pos": 1,
      "n_callback_tok": 2,
      "ce_writer": 4.428104877471924,
      "ce_floor": 4.579995155334473,
      "ce_ttt": 4.450760841369629,
      "ev_loss_trace": [
        [
          0,
          5.2839741706848145
        ],
        [
          9,
          4.841910362243652
        ],
        [
          24,
          4.4337897300720215
        ],
        [
          49,
          3.4733192920684814
        ]
      ]
    },
    {
      "chain_idx": 11,
      "cb_pos": 9,
      "ev_pos": 2,
      "n_callback_tok": 2,
      "ce_writer": 3.3978068828582764,
      "ce_floor": 3.4965932369232178,
      "ce_ttt": 3.8159046173095703,
      "ev_loss_trace": [
        [
          0,
          5.222219944000244
        ],
        [
          9,
          4.6824846267700195
        ],
        [
          24,
          4.119282245635986
        ],
        [
          49,
          3.3902242183685303
        ]
      ]
    },
    {
      "chain_idx": 12,
      "cb_pos": 9,
      "ev_pos": 1,
      "n_callback_tok": 1,
      "ce_writer": 4.291500091552734,
      "ce_floor": 4.457094192504883,
      "ce_ttt": 4.492467880249023,
      "ev_loss_trace": [
        [
          0,
          5.009166717529297
        ],
        [
          9,
          4.513990879058838
        ],
        [
          24,
          4.000751972198486
        ],
        [
          49,
          3.4991514682769775
        ]
      ]
    },
    {
      "chain_idx": 13,
      "cb_pos": 9,
      "ev_pos": 0,
      "n_callback_tok": 1,
      "ce_writer": 4.930032730102539,
      "ce_floor": 5.351846694946289,
      "ce_ttt": 5.32894229888916,
      "ev_loss_trace": [
        [
          0,
          5.24019718170166
        ],
        [
          9,
          4.921480178833008
        ],
        [
          24,
          4.369460582733154
        ],
        [
          49,
          3.8298981189727783
        ]
      ]
    },
    {
      "chain_idx": 14,
      "cb_pos": 9,
      "ev_pos": 3,
      "n_callback_tok": 2,
      "ce_writer": 2.916848659515381,
      "ce_floor": 3.0464444160461426,
      "ce_ttt": 3.3588991165161133,