{
  "ckpt": "output/chain_v15a_d4v2_norm_replicate_local/best",
  "eval_corpus": "paper_artifacts/chains/synthd4v2_persona_callback_val_s512.pt",
  "init_mode": "writer",
  "ttt_steps": 50,
  "ttt_lr": 0.01,
  "n_chains_scored": 32,
  "ce_writer_mean": 4.814362294971943,
  "ce_floor_mean": 4.736098922789097,
  "ce_ttt_mean": 4.968912370502949,
  "ttt_lift_vs_floor": -0.23281344771385193,
  "ttt_lift_vs_writer": -0.15455007553100586,
  "verdict": "NEGATIVE: readout + LM-head subsystem cannot represent chain-specific recall regardless of M_c. ARCHITECTURE PIVOT REQUIRED. Do NOT launch writer-side cells (F2/sec1).",
  "per_chain": [
    {
      "chain_idx": 0,
      "cb_pos": 9,
      "ev_pos": 5,
      "n_callback_tok": 2,
      "ce_writer": 2.211336851119995,
      "ce_floor": 2.0211009979248047,
      "ce_ttt": 3.0189075469970703,
      "ev_loss_trace": [
        [
          0,
          0.7627118229866028
        ],
        [
          9,
          0.6688895225524902
        ],
        [
          24,
          0.5471557974815369
        ],
        [
          49,
          0.4420023560523987
        ]
      ]
    },
    {
      "chain_idx": 1,
      "cb_pos": 9,
      "ev_pos": 2,
      "n_callback_tok": 1,
      "ce_writer": 3.9466302394866943,
      "ce_floor": 3.790142774581909,
      "ce_ttt": 3.626603603363037,
      "ev_loss_trace": [
        [
          0,
          0.5653349161148071
        ],
        [
          9,
          0.509204626083374
        ],
        [
          24,
          0.4443453252315521
        ],
        [
          49,
          0.35657939314842224
        ]
      ]
    },
    {
      "chain_idx": 2,
      "cb_pos": 9,
      "ev_pos": 0,
      "n_callback_tok": 2,
      "ce_writer": 3.700880765914917,
      "ce_floor": 3.709852933883667,
      "ce_ttt": 3.5224430561065674,
      "ev_loss_trace": [
        [
          0,
          0.6876093745231628
        ],
        [
          9,
          0.6232225894927979
        ],
        [
          24,
          0.594688892364502
        ],
        [
          49,
          0.4983727037906647
        ]
      ]
    },
    {
      "chain_idx": 3,
      "cb_pos": 9,
      "ev_pos": 7,
      "n_callback_tok": 1,
      "ce_writer": 4.854423999786377,
      "ce_floor": 4.215473175048828,
      "ce_ttt": 4.987149715423584,
      "ev_loss_trace": [
        [
          0,
          0.8008057475090027
        ],
        [
          9,
          0.5970863699913025
        ],
        [
          24,
          0.5401901602745056
        ],
        [
          49,
          0.4991605579853058
        ]
      ]
    },
    {
      "chain_idx": 4,
      "cb_pos": 9,
      "ev_pos": 1,
      "n_callback_tok": 1,
      "ce_writer": 3.9635207653045654,
      "ce_floor": 3.7842085361480713,
      "ce_ttt": 3.7847814559936523,
      "ev_loss_trace": [
        [
          0,
          0.6123602390289307
        ],
        [
          9,
          0.5630806684494019
        ],
        [
          24,
          0.4731966257095337
        ],
        [
          49,
          0.3802684247493744
        ]
      ]
    },
    {
      "chain_idx": 5,
      "cb_pos": 9,
      "ev_pos": 3,
      "n_callback_tok": 1,
      "ce_writer": 6.074891567230225,
      "ce_floor": 6.463644027709961,
      "ce_ttt": 6.35310697555542,
      "ev_loss_trace": [
        [
          0,
          0.6578383445739746
        ],
        [
          9,
          0.6153104305267334
        ],
        [
          24,
          0.5382058024406433
        ],
        [
          49,
          0.4376427233219147
        ]
      ]
    },
    {
      "chain_idx": 6,
      "cb_pos": 9,
      "ev_pos": 0,
      "n_callback_tok": 1,
      "ce_writer": 3.745671510696411,
      "ce_floor": 3.3603715896606445,
      "ce_ttt": 4.544529914855957,
      "ev_loss_trace": [
        [
          0,
          0.6317756175994873
        ],
        [
          9,
          0.5551920533180237
        ],
        [
          24,
          0.40513184666633606
        ],
        [
          49,
          0.3774438798427582
        ]
      ]
    },
    {
      "chain_idx": 7,
      "cb_pos": 9,
      "ev_pos": 5,
      "n_callback_tok": 1,
      "ce_writer": 5.844868183135986,
      "ce_floor": 5.655270099639893,
      "ce_ttt": 6.151766777038574,
      "ev_loss_trace": [
        [
          0,
          0.7547610402107239
        ],
        [
          9,
          0.6551471948623657
        ],
        [
          24,
          0.5676097273826599
        ],
        [
          49,
          0.5037073493003845
        ]
      ]
    },
    {
      "chain_idx": 8,
      "cb_pos": 9,
      "ev_pos": 4,
      "n_callback_tok": 1,
      "ce_writer": 7.4982829093933105,
      "ce_floor": 7.391988754272461,
      "ce_ttt": 7.399219512939453,
      "ev_loss_trace": [
        [
          0,
          0.6298800110816956
        ],
        [
          9,
          0.5604766011238098
        ],
        [
          24,
          0.4852493703365326
        ],
        [
          49,
          0.42560508847236633
        ]
      ]
    },
    {
      "chain_idx": 9,
      "cb_pos": 9,
      "ev_pos": 3,
      "n_callback_tok": 2,
      "ce_writer": 2.770421028137207,
      "ce_floor": 2.687016248703003,
      "ce_ttt": 2.635899543762207,
      "ev_loss_trace": [
        [
          0,
          0.6041463017463684
        ],
        [
          9,
          0.5875465869903564
        ],
        [
          24,
          0.5096385478973389
        ],
        [
          49,
          0.4654211699962616
        ]
      ]
    },
    {
      "chain_idx": 10,
      "cb_pos": 9,
      "ev_pos": 1,
      "n_callback_tok": 2,
      "ce_writer": 4.269419193267822,
      "ce_floor": 4.1987996101379395,
      "ce_ttt": 4.090630531311035,
      "ev_loss_trace": [
        [
          0,
          0.6117174029350281
        ],
        [
          9,
          0.5518911480903625
        ],
        [
          24,
          0.46839019656181335
        ],
        [
          49,
          0.37442532181739807
        ]
      ]
    },
    {
      "chain_idx": 11,
      "cb_pos": 9,
      "ev_pos": 2,
      "n_callback_tok": 2,
      "ce_writer": 3.13266921043396,
      "ce_floor": 3.147801637649536,
      "ce_ttt": 3.2886903285980225,
      "ev_loss_trace": [
        [
          0,
          0.6231209635734558
        ],
        [
          9,
          0.5460572838783264
        ],
        [
          24,
          0.46162503957748413
        ],
        [
          49,
          0.40128350257873535
        ]
      ]
    },
    {
      "chain_idx": 12,
      "cb_pos": 9,
      "ev_pos": 1,
      "n_callback_tok": 1,
      "ce_writer": 2.5232434272766113,
      "ce_floor": 2.337632179260254,
      "ce_ttt": 2.605102062225342,
      "ev_loss_trace": [
        [
          0,
          0.6379836201667786
        ],
        [
          9,
          0.557289719581604
        ],
        [
          24,
          0.4756926894187927
        ],
        [
          49,
          0.399752140045166
        ]
      ]
    },
    {
      "chain_idx": 13,
      "cb_pos": 9,
      "ev_pos": 0,
      "n_callback_tok": 1,
      "ce_writer": 4.582558631896973,
      "ce_floor": 4.667142868041992,
      "ce_ttt": 4.763101577758789,
      "ev_loss_trace": [
        [
          0,
          0.776271402835846
        ],
        [
          9,
          0.6941452622413635
        ],
        [
          24,
          0.6230286955833435
        ],
        [
          49,
          0.5249069929122925
        ]
      ]
    },
    {
      "chain_idx": 14,
      "cb_pos": 9,
      "ev_pos": 3,
      "n_callback_tok": 2,
      "ce_writer": 3.537658214569092,
      "ce_floor": 3.535595178604126,
      "ce_ttt": 3.6421172618865967,