{
  "ckpt": "output/chain_v18a_f3_codes_0p6b_frozen_local/best",
  "eval_corpus": "paper_artifacts/chains/synthd5_random_codes_val_s512.pt",
  "init_mode": "iid",
  "ttt_steps": 50,
  "ttt_lr": 0.01,
  "n_chains_scored": 32,
  "ce_writer_mean": 5.9450444132089615,
  "ce_floor_mean": 5.94491708278656,
  "ce_ttt_mean": 6.660083666443825,
  "ttt_lift_vs_floor": -0.7151665836572647,
  "ttt_lift_vs_writer": -0.7150392532348633,
  "verdict": "NEGATIVE: readout + LM-head subsystem cannot represent chain-specific recall regardless of M_c. ARCHITECTURE PIVOT REQUIRED. Do NOT launch writer-side cells (F2/sec1).",
  "per_chain": [
    {
      "chain_idx": 0,
      "cb_pos": 9,
      "ev_pos": 7,
      "n_callback_tok": 4,
      "ce_writer": 6.068116664886475,
      "ce_floor": 6.078530788421631,
      "ce_ttt": 6.749908447265625,
      "ev_loss_trace": [
        [
          0,
          0.9247304201126099
        ],
        [
          9,
          0.3503246009349823
        ],
        [
          24,
          0.2987269461154938
        ],
        [
          49,
          0.2581368386745453
        ]
      ]
    },
    {
      "chain_idx": 1,
      "cb_pos": 9,
      "ev_pos": 4,
      "n_callback_tok": 4,
      "ce_writer": 5.917645454406738,
      "ce_floor": 5.87506103515625,
      "ce_ttt": 5.645967960357666,
      "ev_loss_trace": [
        [
          0,
          1.1121618747711182
        ],
        [
          9,
          0.38466671109199524
        ],
        [
          24,
          0.3372792601585388
        ],
        [
          49,
          0.28399181365966797
        ]
      ]
    },
    {
      "chain_idx": 2,
      "cb_pos": 9,
      "ev_pos": 4,
      "n_callback_tok": 4,
      "ce_writer": 6.327641010284424,
      "ce_floor": 6.367889404296875,
      "ce_ttt": 6.846759796142578,
      "ev_loss_trace": [
        [
          0,
          0.90306556224823
        ],
        [
          9,
          0.34037837386131287
        ],
        [
          24,
          0.3026629388332367
        ],
        [
          49,
          0.27529409527778625
        ]
      ]
    },
    {
      "chain_idx": 3,
      "cb_pos": 9,
      "ev_pos": 5,
      "n_callback_tok": 3,
      "ce_writer": 6.948261260986328,
      "ce_floor": 6.974091529846191,
      "ce_ttt": 7.163905143737793,
      "ev_loss_trace": [
        [
          0,
          0.8680911660194397
        ],
        [
          9,
          0.3317332863807678
        ],
        [
          24,
          0.3017716109752655
        ],
        [
          49,
          0.2746437191963196
        ]
      ]
    },
    {
      "chain_idx": 4,
      "cb_pos": 9,
      "ev_pos": 0,
      "n_callback_tok": 5,
      "ce_writer": 4.231226444244385,
      "ce_floor": 4.263062953948975,
      "ce_ttt": 4.318219184875488,
      "ev_loss_trace": [
        [
          0,
          0.9316568970680237
        ],
        [
          9,
          0.40722793340682983
        ],
        [
          24,
          0.34940585494041443
        ],
        [
          49,
          0.2982223331928253
        ]
      ]
    },
    {
      "chain_idx": 5,
      "cb_pos": 9,
      "ev_pos": 3,
      "n_callback_tok": 3,
      "ce_writer": 7.961428642272949,
      "ce_floor": 8.004772186279297,
      "ce_ttt": 11.0436429977417,
      "ev_loss_trace": [
        [
          0,
          0.933379590511322
        ],
        [
          9,
          0.4205544888973236
        ],
        [
          24,
          0.3407999277114868
        ],
        [
          49,
          0.2914140820503235
        ]
      ]
    },
    {
      "chain_idx": 6,
      "cb_pos": 9,
      "ev_pos": 0,
      "n_callback_tok": 4,
      "ce_writer": 5.125316619873047,
      "ce_floor": 5.127755165100098,
      "ce_ttt": 5.917494773864746,
      "ev_loss_trace": [
        [
          0,
          0.8449327349662781
        ],
        [
          9,
          0.30553361773490906
        ],
        [
          24,
          0.2576838433742523
        ],
        [
          49,
          0.23405173420906067
        ]
      ]
    },
    {
      "chain_idx": 7,
      "cb_pos": 9,
      "ev_pos": 2,
      "n_callback_tok": 3,
      "ce_writer": 7.67773962020874,
      "ce_floor": 7.6387786865234375,
      "ce_ttt": 9.274283409118652,
      "ev_loss_trace": [
        [
          0,
          0.9349267482757568
        ],
        [
          9,
          0.3536721467971802
        ],
        [
          24,
          0.31275269389152527
        ],
        [
          49,
          0.26367780566215515
        ]
      ]
    },
    {
      "chain_idx": 8,
      "cb_pos": 9,
      "ev_pos": 5,
      "n_callback_tok": 5,
      "ce_writer": 4.770398139953613,
      "ce_floor": 4.743880748748779,
      "ce_ttt": 5.131630897521973,
      "ev_loss_trace": [
        [
          0,
          0.8581565618515015
        ],
        [
          9,
          0.3264034688472748
        ],
        [
          24,
          0.28721317648887634
        ],
        [
          49,
          0.2586478292942047
        ]
      ]
    },
    {
      "chain_idx": 9,
      "cb_pos": 9,
      "ev_pos": 0,
      "n_callback_tok": 3,
      "ce_writer": 7.12045955657959,
      "ce_floor": 7.116406440734863,
      "ce_ttt": 8.178629875183105,
      "ev_loss_trace": [
        [
          0,
          0.8733510375022888
        ],
        [
          9,
          0.3374866843223572
        ],
        [
          24,
          0.3051939606666565
        ],
        [
          49,
          0.28860729932785034
        ]
      ]
    },
    {
      "chain_idx": 10,
      "cb_pos": 9,
      "ev_pos": 0,
      "n_callback_tok": 6,
      "ce_writer": 4.200976371765137,
      "ce_floor": 4.207625389099121,
      "ce_ttt": 3.943101406097412,
      "ev_loss_trace": [
        [
          0,
          0.8206941485404968
        ],
        [
          9,
          0.3291241228580475
        ],
        [
          24,
          0.2880735695362091
        ],
        [
          49,
          0.25771546363830566
        ]
      ]
    },
    {
      "chain_idx": 11,
      "cb_pos": 9,
      "ev_pos": 1,
      "n_callback_tok": 4,
      "ce_writer": 5.548108100891113,
      "ce_floor": 5.5171918869018555,
      "ce_ttt": 6.206775188446045,
      "ev_loss_trace": [
        [
          0,
          1.0281504392623901
        ],
        [
          9,
          0.37061333656311035
        ],
        [
          24,
          0.3226093053817749
        ],
        [
          49,
          0.2747180461883545
        ]
      ]
    },
    {
      "chain_idx": 12,
      "cb_pos": 9,
      "ev_pos": 5,
      "n_callback_tok": 3,
      "ce_writer": 5.738339424133301,
      "ce_floor": 5.725247859954834,
      "ce_ttt": 6.512259483337402,
      "ev_loss_trace": [
        [
          0,
          1.2372938394546509
        ],
        [
          9,
          0.3639826774597168
        ],
        [
          24,
          0.30666181445121765
        ],
        [
          49,
          0.2672804594039917
        ]
      ]
    },
    {
      "chain_idx": 13,
      "cb_pos": 9,
      "ev_pos": 6,
      "n_callback_tok": 3,
      "ce_writer": 6.070107460021973,
      "ce_floor": 6.045748710632324,
      "ce_ttt": 8.064061164855957,
      "ev_loss_trace": [
        [
          0,
          1.280166506767273
        ],
        [
          9,
          0.5465491414070129
        ],
        [
          24,
          0.39677801728248596
        ],
        [
          49,
          0.32326018810272217
        ]
      ]
    },
    {
      "chain_idx": 14,
      "cb_pos": 9,
      "ev_pos": 3,
      "n_callback_tok": 3,
      "ce_writer": 8.241630554199219,
      "ce_floor": 8.175583839416504,
      "ce_ttt": 9.737998962402344,