{
  "ckpt": "output/chain_v18a_f3_codes_0p6b_frozen_local/best",
  "eval_corpus": "paper_artifacts/chains/synthd5_random_codes_val_s512.pt",
  "init_mode": "writer",
  "ttt_steps": 50,
  "ttt_lr": 0.01,
  "n_chains_scored": 32,
  "ce_writer_mean": 5.9450444132089615,
  "ce_floor_mean": 5.94491708278656,
  "ce_ttt_mean": 5.940266229212284,
  "ttt_lift_vs_floor": 0.0046508535742759705,
  "ttt_lift_vs_writer": 0.004778183996677399,
  "verdict": "MIXED: readout has partial capacity. Compose F2 with read-side intervention (sec4 probe-bypass loss or sec2 DeltaNet writer).",
  "per_chain": [
    {
      "chain_idx": 0,
      "cb_pos": 9,
      "ev_pos": 7,
      "n_callback_tok": 4,
      "ce_writer": 6.068116664886475,
      "ce_floor": 6.078530788421631,
      "ce_ttt": 5.976227760314941,
      "ev_loss_trace": [
        [
          0,
          0.8728300929069519
        ],
        [
          9,
          0.7696540355682373
        ],
        [
          24,
          0.7056254148483276
        ],
        [
          49,
          0.6191611886024475
        ]
      ]
    },
    {
      "chain_idx": 1,
      "cb_pos": 9,
      "ev_pos": 4,
      "n_callback_tok": 4,
      "ce_writer": 5.917645454406738,
      "ce_floor": 5.87506103515625,
      "ce_ttt": 5.926701068878174,
      "ev_loss_trace": [
        [
          0,
          1.0264084339141846
        ],
        [
          9,
          0.937323808670044
        ],
        [
          24,
          0.7627571821212769
        ],
        [
          49,
          0.6792526245117188
        ]
      ]
    },
    {
      "chain_idx": 2,
      "cb_pos": 9,
      "ev_pos": 4,
      "n_callback_tok": 4,
      "ce_writer": 6.327641010284424,
      "ce_floor": 6.367889404296875,
      "ce_ttt": 6.395345687866211,
      "ev_loss_trace": [
        [
          0,
          0.8054907321929932
        ],
        [
          9,
          0.754818320274353
        ],
        [
          24,
          0.6853188872337341
        ],
        [
          49,
          0.6039256453514099
        ]
      ]
    },
    {
      "chain_idx": 3,
      "cb_pos": 9,
      "ev_pos": 5,
      "n_callback_tok": 3,
      "ce_writer": 6.948261260986328,
      "ce_floor": 6.974091529846191,
      "ce_ttt": 6.8687896728515625,
      "ev_loss_trace": [
        [
          0,
          0.7520838379859924
        ],
        [
          9,
          0.7025315165519714
        ],
        [
          24,
          0.6325210332870483
        ],
        [
          49,
          0.5410230755805969
        ]
      ]
    },
    {
      "chain_idx": 4,
      "cb_pos": 9,
      "ev_pos": 0,
      "n_callback_tok": 5,
      "ce_writer": 4.231226444244385,
      "ce_floor": 4.263062953948975,
      "ce_ttt": 4.253574848175049,
      "ev_loss_trace": [
        [
          0,
          0.8295785188674927
        ],
        [
          9,
          0.748089075088501
        ],
        [
          24,
          0.6896674633026123
        ],
        [
          49,
          0.5649617314338684
        ]
      ]
    },
    {
      "chain_idx": 5,
      "cb_pos": 9,
      "ev_pos": 3,
      "n_callback_tok": 3,
      "ce_writer": 7.961428642272949,
      "ce_floor": 8.004772186279297,
      "ce_ttt": 7.909478187561035,
      "ev_loss_trace": [
        [
          0,
          0.8728758096694946
        ],
        [
          9,
          0.7960741519927979
        ],
        [
          24,
          0.7577440142631531
        ],
        [
          49,
          0.5782110691070557
        ]
      ]
    },
    {
      "chain_idx": 6,
      "cb_pos": 9,
      "ev_pos": 0,
      "n_callback_tok": 4,
      "ce_writer": 5.125316619873047,
      "ce_floor": 5.127755165100098,
      "ce_ttt": 5.237663269042969,
      "ev_loss_trace": [
        [
          0,
          0.7389011979103088
        ],
        [
          9,
          0.7044433355331421
        ],
        [
          24,
          0.6405037045478821
        ],
        [
          49,
          0.5370551347732544
        ]
      ]
    },
    {
      "chain_idx": 7,
      "cb_pos": 9,
      "ev_pos": 2,
      "n_callback_tok": 3,
      "ce_writer": 7.67773962020874,
      "ce_floor": 7.6387786865234375,
      "ce_ttt": 7.5553998947143555,
      "ev_loss_trace": [
        [
          0,
          0.803722620010376
        ],
        [
          9,
          0.7517270445823669
        ],
        [
          24,
          0.6750983595848083
        ],
        [
          49,
          0.5710267424583435
        ]
      ]
    },
    {
      "chain_idx": 8,
      "cb_pos": 9,
      "ev_pos": 5,
      "n_callback_tok": 5,
      "ce_writer": 4.770398139953613,
      "ce_floor": 4.743880748748779,
      "ce_ttt": 4.746184349060059,
      "ev_loss_trace": [
        [
          0,
          0.792439877986908
        ],
        [
          9,
          0.7289286851882935
        ],
        [
          24,
          0.6506812572479248
        ],
        [
          49,
          0.5791671276092529
        ]
      ]
    },
    {
      "chain_idx": 9,
      "cb_pos": 9,
      "ev_pos": 0,
      "n_callback_tok": 3,
      "ce_writer": 7.12045955657959,
      "ce_floor": 7.116406440734863,
      "ce_ttt": 7.003283977508545,
      "ev_loss_trace": [
        [
          0,
          0.7676799893379211
        ],
        [
          9,
          0.7032451629638672
        ],
        [
          24,
          0.6343574523925781
        ],
        [
          49,
          0.5093547701835632
        ]
      ]
    },
    {
      "chain_idx": 10,
      "cb_pos": 9,
      "ev_pos": 0,
      "n_callback_tok": 6,
      "ce_writer": 4.200976371765137,
      "ce_floor": 4.207625389099121,
      "ce_ttt": 4.207236289978027,
      "ev_loss_trace": [
        [
          0,
          0.8309817314147949
        ],
        [
          9,
          0.7253122329711914
        ],
        [
          24,
          0.6630457639694214
        ],
        [
          49,
          0.561352550983429
        ]
      ]
    },
    {
      "chain_idx": 11,
      "cb_pos": 9,
      "ev_pos": 1,
      "n_callback_tok": 4,
      "ce_writer": 5.548108100891113,
      "ce_floor": 5.5171918869018555,
      "ce_ttt": 5.591783046722412,
      "ev_loss_trace": [
        [
          0,
          0.8634173274040222
        ],
        [
          9,
          0.8111997246742249
        ],
        [
          24,
          0.7325059771537781
        ],
        [
          49,
          0.5654698014259338
        ]
      ]
    },
    {
      "chain_idx": 12,
      "cb_pos": 9,
      "ev_pos": 5,
      "n_callback_tok": 3,
      "ce_writer": 5.738339424133301,
      "ce_floor": 5.725247859954834,
      "ce_ttt": 6.226954936981201,
      "ev_loss_trace": [
        [
          0,
          1.2060521841049194
        ],
        [
          9,
          1.0897637605667114
        ],
        [
          24,
          0.8656502962112427
        ],
        [
          49,
          0.6920897960662842
        ]
      ]
    },
    {
      "chain_idx": 13,
      "cb_pos": 9,
      "ev_pos": 6,
      "n_callback_tok": 3,
      "ce_writer": 6.070107460021973,
      "ce_floor": 6.045748710632324,
      "ce_ttt": 6.227439880371094,
      "ev_loss_trace": [
        [
          0,
          1.115906834602356
        ],
        [
          9,
          1.0217816829681396
        ],
        [
          24,
          0.8879326581954956
        ],
        [
          49,
          0.7172913551330566
        ]
      ]
    },
    {
      "chain_idx": 14,
      "cb_pos": 9,
      "ev_pos": 3,
      "n_callback_tok": 3,
      "ce_writer": 8.241630554199219,
      "ce_floor": 8.175583839416504,
      "ce_ttt": 8.292811393737793,