{
  "ckpt": "output/chain_v18b_f2f3_codes_0p6b_frozen_local/best",
  "eval_corpus": "paper_artifacts/chains/synthd5_random_codes_val_s512.pt",
  "init_mode": "iid",
  "ttt_steps": 50,
  "ttt_lr": 0.01,
  "n_chains_scored": 32,
  "ce_writer_mean": 5.7361345663666725,
  "ce_floor_mean": 5.721914418041706,
  "ce_ttt_mean": 7.21070422232151,
  "ttt_lift_vs_floor": -1.4887898042798042,
  "ttt_lift_vs_writer": -1.4745696559548378,
  "verdict": "NEGATIVE: readout + LM-head subsystem cannot represent chain-specific recall regardless of M_c. ARCHITECTURE PIVOT REQUIRED. Do NOT launch writer-side cells (F2/sec1).",
  "per_chain": [
    {
      "chain_idx": 0,
      "cb_pos": 9,
      "ev_pos": 7,
      "n_callback_tok": 4,
      "ce_writer": 5.1503801345825195,
      "ce_floor": 5.12087345123291,
      "ce_ttt": 8.208048820495605,
      "ev_loss_trace": [
        [
          0,
          0.7925624847412109
        ],
        [
          9,
          0.3669610619544983
        ],
        [
          24,
          0.3017561435699463
        ],
        [
          49,
          0.25114136934280396
        ]
      ]
    },
    {
      "chain_idx": 1,
      "cb_pos": 9,
      "ev_pos": 4,
      "n_callback_tok": 4,
      "ce_writer": 5.8321943283081055,
      "ce_floor": 5.8039774894714355,
      "ce_ttt": 5.620716571807861,
      "ev_loss_trace": [
        [
          0,
          0.9129254817962646
        ],
        [
          9,
          0.41286709904670715
        ],
        [
          24,
          0.32390984892845154
        ],
        [
          49,
          0.2701870799064636
        ]
      ]
    },
    {
      "chain_idx": 2,
      "cb_pos": 9,
      "ev_pos": 4,
      "n_callback_tok": 4,
      "ce_writer": 6.397961139678955,
      "ce_floor": 6.386432647705078,
      "ce_ttt": 6.5865325927734375,
      "ev_loss_trace": [
        [
          0,
          0.8262057900428772
        ],
        [
          9,
          0.3956282138824463
        ],
        [
          24,
          0.31342437863349915
        ],
        [
          49,
          0.27612069249153137
        ]
      ]
    },
    {
      "chain_idx": 3,
      "cb_pos": 9,
      "ev_pos": 5,
      "n_callback_tok": 3,
      "ce_writer": 6.820886135101318,
      "ce_floor": 6.798936367034912,
      "ce_ttt": 8.995012283325195,
      "ev_loss_trace": [
        [
          0,
          0.7665952444076538
        ],
        [
          9,
          0.35651347041130066
        ],
        [
          24,
          0.3055344820022583
        ],
        [
          49,
          0.27272650599479675
        ]
      ]
    },
    {
      "chain_idx": 4,
      "cb_pos": 9,
      "ev_pos": 0,
      "n_callback_tok": 5,
      "ce_writer": 4.093682289123535,
      "ce_floor": 4.105319976806641,
      "ce_ttt": 4.246682643890381,
      "ev_loss_trace": [
        [
          0,
          0.8987601399421692
        ],
        [
          9,
          0.4704880714416504
        ],
        [
          24,
          0.37864333391189575
        ],
        [
          49,
          0.3224063813686371
        ]
      ]
    },
    {
      "chain_idx": 5,
      "cb_pos": 9,
      "ev_pos": 3,
      "n_callback_tok": 3,
      "ce_writer": 7.913701057434082,
      "ce_floor": 7.862444877624512,
      "ce_ttt": 10.238824844360352,
      "ev_loss_trace": [
        [
          0,
          0.8443788886070251
        ],
        [
          9,
          0.36882996559143066
        ],
        [
          24,
          0.3243005573749542
        ],
        [
          49,
          0.28355270624160767
        ]
      ]
    },
    {
      "chain_idx": 6,
      "cb_pos": 9,
      "ev_pos": 0,
      "n_callback_tok": 4,
      "ce_writer": 4.811678886413574,
      "ce_floor": 4.813397407531738,
      "ce_ttt": 6.132932662963867,
      "ev_loss_trace": [
        [
          0,
          0.7806799411773682
        ],
        [
          9,
          0.30423805117607117
        ],
        [
          24,
          0.24293819069862366
        ],
        [
          49,
          0.23237618803977966
        ]
      ]
    },
    {
      "chain_idx": 7,
      "cb_pos": 9,
      "ev_pos": 2,
      "n_callback_tok": 3,
      "ce_writer": 7.487184524536133,
      "ce_floor": 7.422597885131836,
      "ce_ttt": 10.991701126098633,
      "ev_loss_trace": [
        [
          0,
          0.8476323485374451
        ],
        [
          9,
          0.38286691904067993
        ],
        [
          24,
          0.3136574625968933
        ],
        [
          49,
          0.2767985463142395
        ]
      ]
    },
    {
      "chain_idx": 8,
      "cb_pos": 9,
      "ev_pos": 5,
      "n_callback_tok": 5,
      "ce_writer": 4.391007900238037,
      "ce_floor": 4.366917610168457,
      "ce_ttt": 5.006021976470947,
      "ev_loss_trace": [
        [
          0,
          0.7629404067993164
        ],
        [
          9,
          0.350135862827301
        ],
        [
          24,
          0.30164769291877747
        ],
        [
          49,
          0.2651878595352173
        ]
      ]
    },
    {
      "chain_idx": 9,
      "cb_pos": 9,
      "ev_pos": 0,
      "n_callback_tok": 3,
      "ce_writer": 6.863097667694092,
      "ce_floor": 6.781058311462402,
      "ce_ttt": 11.085081100463867,
      "ev_loss_trace": [
        [
          0,
          0.787283182144165
        ],
        [
          9,
          0.3394075036048889
        ],
        [
          24,
          0.28719112277030945
        ],
        [
          49,
          0.23720790445804596
        ]
      ]
    },
    {
      "chain_idx": 10,
      "cb_pos": 9,
      "ev_pos": 0,
      "n_callback_tok": 6,
      "ce_writer": 3.9081828594207764,
      "ce_floor": 3.9157283306121826,
      "ce_ttt": 4.736701488494873,
      "ev_loss_trace": [
        [
          0,
          0.858763575553894
        ],
        [
          9,
          0.32990092039108276
        ],
        [
          24,
          0.28983834385871887
        ],
        [
          49,
          0.2558938264846802
        ]
      ]
    },
    {
      "chain_idx": 11,
      "cb_pos": 9,
      "ev_pos": 1,
      "n_callback_tok": 4,
      "ce_writer": 5.468917369842529,
      "ce_floor": 5.43597412109375,
      "ce_ttt": 6.660121917724609,
      "ev_loss_trace": [
        [
          0,
          0.9449830055236816
        ],
        [
          9,
          0.36999160051345825
        ],
        [
          24,
          0.31697914004325867
        ],
        [
          49,
          0.28350722789764404
        ]
      ]
    },
    {
      "chain_idx": 12,
      "cb_pos": 9,
      "ev_pos": 5,
      "n_callback_tok": 3,
      "ce_writer": 5.531266689300537,
      "ce_floor": 5.579122066497803,
      "ce_ttt": 8.447090148925781,
      "ev_loss_trace": [
        [
          0,
          1.1222201585769653
        ],
        [
          9,
          0.3978465497493744
        ],
        [
          24,
          0.3309077322483063
        ],
        [
          49,
          0.2937045395374298
        ]
      ]
    },
    {
      "chain_idx": 13,
      "cb_pos": 9,
      "ev_pos": 6,
      "n_callback_tok": 3,
      "ce_writer": 5.7499613761901855,
      "ce_floor": 5.810264587402344,
      "ce_ttt": 10.175798416137695,
      "ev_loss_trace": [
        [
          0,
          1.1241601705551147
        ],
        [
          9,
          0.40523505210876465
        ],
        [
          24,
          0.3334627151489258
        ],
        [
          49,
          0.30113378167152405
        ]
      ]
    },
    {
      "chain_idx": 14,
      "cb_pos": 9,
      "ev_pos": 3,
      "n_callback_tok": 3,
      "ce_writer": 7.945265769958496,
      "ce_floor": 7.910470485687256,
      "ce_ttt": 9.613637924194336,