{
  "ckpt": "output/chain_v18b_f2f3_codes_0p6b_frozen_local/best",
  "eval_corpus": "paper_artifacts/chains/synthd5_random_codes_val_s512.pt",
  "init_mode": "writer",
  "ttt_steps": 50,
  "ttt_lr": 0.01,
  "n_chains_scored": 32,
  "ce_writer_mean": 5.7361345663666725,
  "ce_floor_mean": 5.721914418041706,
  "ce_ttt_mean": 5.912417769432068,
  "ttt_lift_vs_floor": -0.19050335139036179,
  "ttt_lift_vs_writer": -0.17628320306539536,
  "verdict": "NEGATIVE: readout + LM-head subsystem cannot represent chain-specific recall regardless of M_c. ARCHITECTURE PIVOT REQUIRED. Do NOT launch writer-side cells (F2/sec1).",
  "per_chain": [
    {
      "chain_idx": 0,
      "cb_pos": 9,
      "ev_pos": 7,
      "n_callback_tok": 4,
      "ce_writer": 5.1503801345825195,
      "ce_floor": 5.12087345123291,
      "ce_ttt": 5.2002034187316895,
      "ev_loss_trace": [
        [
          0,
          0.8013162612915039
        ],
        [
          9,
          0.7548465132713318
        ],
        [
          24,
          0.6978261470794678
        ],
        [
          49,
          0.6112388968467712
        ]
      ]
    },
    {
      "chain_idx": 1,
      "cb_pos": 9,
      "ev_pos": 4,
      "n_callback_tok": 4,
      "ce_writer": 5.8321943283081055,
      "ce_floor": 5.8039774894714355,
      "ce_ttt": 5.910866737365723,
      "ev_loss_trace": [
        [
          0,
          0.825060248374939
        ],
        [
          9,
          0.7790243029594421
        ],
        [
          24,
          0.7100124359130859
        ],
        [
          49,
          0.6058000922203064
        ]
      ]
    },
    {
      "chain_idx": 2,
      "cb_pos": 9,
      "ev_pos": 4,
      "n_callback_tok": 4,
      "ce_writer": 6.397961139678955,
      "ce_floor": 6.386432647705078,
      "ce_ttt": 6.372873306274414,
      "ev_loss_trace": [
        [
          0,
          0.7665385007858276
        ],
        [
          9,
          0.7278779745101929
        ],
        [
          24,
          0.6852163672447205
        ],
        [
          49,
          0.5746757388114929
        ]
      ]
    },
    {
      "chain_idx": 3,
      "cb_pos": 9,
      "ev_pos": 5,
      "n_callback_tok": 3,
      "ce_writer": 6.820886135101318,
      "ce_floor": 6.798936367034912,
      "ce_ttt": 7.038931846618652,
      "ev_loss_trace": [
        [
          0,
          0.7339597940444946
        ],
        [
          9,
          0.7023210525512695
        ],
        [
          24,
          0.6335575580596924
        ],
        [
          49,
          0.5365738868713379
        ]
      ]
    },
    {
      "chain_idx": 4,
      "cb_pos": 9,
      "ev_pos": 0,
      "n_callback_tok": 5,
      "ce_writer": 4.093682289123535,
      "ce_floor": 4.105319976806641,
      "ce_ttt": 4.075578212738037,
      "ev_loss_trace": [
        [
          0,
          0.824977457523346
        ],
        [
          9,
          0.7751489877700806
        ],
        [
          24,
          0.6997030973434448
        ],
        [
          49,
          0.6230872273445129
        ]
      ]
    },
    {
      "chain_idx": 5,
      "cb_pos": 9,
      "ev_pos": 3,
      "n_callback_tok": 3,
      "ce_writer": 7.913701057434082,
      "ce_floor": 7.862444877624512,
      "ce_ttt": 8.42286491394043,
      "ev_loss_trace": [
        [
          0,
          0.8187667727470398
        ],
        [
          9,
          0.7509868144989014
        ],
        [
          24,
          0.6785942316055298
        ],
        [
          49,
          0.579800546169281
        ]
      ]
    },
    {
      "chain_idx": 6,
      "cb_pos": 9,
      "ev_pos": 0,
      "n_callback_tok": 4,
      "ce_writer": 4.811678886413574,
      "ce_floor": 4.813397407531738,
      "ce_ttt": 5.543938159942627,
      "ev_loss_trace": [
        [
          0,
          0.7357679605484009
        ],
        [
          9,
          0.7111294269561768
        ],
        [
          24,
          0.6298488974571228
        ],
        [
          49,
          0.4833472669124603
        ]
      ]
    },
    {
      "chain_idx": 7,
      "cb_pos": 9,
      "ev_pos": 2,
      "n_callback_tok": 3,
      "ce_writer": 7.487184524536133,
      "ce_floor": 7.422597885131836,
      "ce_ttt": 7.453677654266357,
      "ev_loss_trace": [
        [
          0,
          0.8147025108337402
        ],
        [
          9,
          0.7514273524284363
        ],
        [
          24,
          0.704002320766449
        ],
        [
          49,
          0.6083731055259705
        ]
      ]
    },
    {
      "chain_idx": 8,
      "cb_pos": 9,
      "ev_pos": 5,
      "n_callback_tok": 5,
      "ce_writer": 4.391007900238037,
      "ce_floor": 4.366917610168457,
      "ce_ttt": 4.604588508605957,
      "ev_loss_trace": [
        [
          0,
          0.7864471077919006
        ],
        [
          9,
          0.7325576543807983
        ],
        [
          24,
          0.6761192083358765
        ],
        [
          49,
          0.5865881443023682
        ]
      ]
    },
    {
      "chain_idx": 9,
      "cb_pos": 9,
      "ev_pos": 0,
      "n_callback_tok": 3,
      "ce_writer": 6.863097667694092,
      "ce_floor": 6.781058311462402,
      "ce_ttt": 8.159706115722656,
      "ev_loss_trace": [
        [
          0,
          0.733749508857727
        ],
        [
          9,
          0.6860726475715637
        ],
        [
          24,
          0.6242968440055847
        ],
        [
          49,
          0.5176794528961182
        ]
      ]
    },
    {
      "chain_idx": 10,
      "cb_pos": 9,
      "ev_pos": 0,
      "n_callback_tok": 6,
      "ce_writer": 3.9081828594207764,
      "ce_floor": 3.9157283306121826,
      "ce_ttt": 4.171359062194824,
      "ev_loss_trace": [
        [
          0,
          0.8168566823005676
        ],
        [
          9,
          0.7829893827438354
        ],
        [
          24,
          0.6764877438545227
        ],
        [
          49,
          0.5321528911590576
        ]
      ]
    },
    {
      "chain_idx": 11,
      "cb_pos": 9,
      "ev_pos": 1,
      "n_callback_tok": 4,
      "ce_writer": 5.468917369842529,
      "ce_floor": 5.43597412109375,
      "ce_ttt": 5.473730087280273,
      "ev_loss_trace": [
        [
          0,
          0.8915091156959534
        ],
        [
          9,
          0.8472450375556946
        ],
        [
          24,
          0.7745586037635803
        ],
        [
          49,
          0.6663151979446411
        ]
      ]
    },
    {
      "chain_idx": 12,
      "cb_pos": 9,
      "ev_pos": 5,
      "n_callback_tok": 3,
      "ce_writer": 5.531266689300537,
      "ce_floor": 5.579122066497803,
      "ce_ttt": 6.143073081970215,
      "ev_loss_trace": [
        [
          0,
          1.1550847291946411
        ],
        [
          9,
          1.0497097969055176
        ],
        [
          24,
          0.8629677295684814
        ],
        [
          49,
          0.6893715262413025
        ]
      ]
    },
    {
      "chain_idx": 13,
      "cb_pos": 9,
      "ev_pos": 6,
      "n_callback_tok": 3,
      "ce_writer": 5.7499613761901855,
      "ce_floor": 5.810264587402344,
      "ce_ttt": 6.044634819030762,
      "ev_loss_trace": [
        [
          0,
          1.0833340883255005
        ],
        [
          9,
          0.9915351867675781
        ],
        [
          24,
          0.7803819179534912
        ],
        [
          49,
          0.6838856935501099
        ]
      ]
    },
    {
      "chain_idx": 14,
      "cb_pos": 9,
      "ev_pos": 3,
      "n_callback_tok": 3,
      "ce_writer": 7.945265769958496,
      "ce_floor": 7.910470485687256,
      "ce_ttt": 8.019953727722168,