{
  "ckpt": "output/chain_v19a_f3_d2_codes_0p6b_frozen_local/best",
  "eval_corpus": "paper_artifacts/chains/synthd5_random_codes_val_s512.pt",
  "init_mode": "writer",
  "ttt_steps": 50,
  "ttt_lr": 0.01,
  "n_chains_scored": 32,
  "ce_writer_mean": 6.159771375358105,
  "ce_floor_mean": 6.163541667163372,
  "ce_ttt_mean": 6.15427353233099,
  "ttt_lift_vs_floor": 0.009268134832382202,
  "ttt_lift_vs_writer": 0.005497843027114868,
  "verdict": "MIXED: readout has partial capacity. Compose F2 with read-side intervention (sec4 probe-bypass loss or sec2 DeltaNet writer).",
  "per_chain": [
    {
      "chain_idx": 0,
      "cb_pos": 9,
      "ev_pos": 7,
      "n_callback_tok": 4,
      "ce_writer": 5.988913536071777,
      "ce_floor": 6.078083038330078,
      "ce_ttt": 5.9733123779296875,
      "ev_loss_trace": [
        [
          0,
          0.7858211398124695
        ],
        [
          9,
          0.600691020488739
        ],
        [
          24,
          0.4774324893951416
        ],
        [
          49,
          0.34744465351104736
        ]
      ]
    },
    {
      "chain_idx": 1,
      "cb_pos": 9,
      "ev_pos": 4,
      "n_callback_tok": 4,
      "ce_writer": 5.843825340270996,
      "ce_floor": 5.895098686218262,
      "ce_ttt": 5.786011219024658,
      "ev_loss_trace": [
        [
          0,
          0.8751576542854309
        ],
        [
          9,
          0.6746065616607666
        ],
        [
          24,
          0.49805325269699097
        ],
        [
          49,
          0.3587304949760437
        ]
      ]
    },
    {
      "chain_idx": 2,
      "cb_pos": 9,
      "ev_pos": 4,
      "n_callback_tok": 4,
      "ce_writer": 6.628209114074707,
      "ce_floor": 6.629948616027832,
      "ce_ttt": 6.721490859985352,
      "ev_loss_trace": [
        [
          0,
          0.7172340750694275
        ],
        [
          9,
          0.5548824667930603
        ],
        [
          24,
          0.42984166741371155
        ],
        [
          49,
          0.33050477504730225
        ]
      ]
    },
    {
      "chain_idx": 3,
      "cb_pos": 9,
      "ev_pos": 5,
      "n_callback_tok": 3,
      "ce_writer": 7.157021999359131,
      "ce_floor": 7.131125450134277,
      "ce_ttt": 7.168416500091553,
      "ev_loss_trace": [
        [
          0,
          0.7245902419090271
        ],
        [
          9,
          0.5498635172843933
        ],
        [
          24,
          0.4107431173324585
        ],
        [
          49,
          0.3190431296825409
        ]
      ]
    },
    {
      "chain_idx": 4,
      "cb_pos": 9,
      "ev_pos": 0,
      "n_callback_tok": 5,
      "ce_writer": 4.36964750289917,
      "ce_floor": 4.380199432373047,
      "ce_ttt": 4.382457256317139,
      "ev_loss_trace": [
        [
          0,
          0.792373538017273
        ],
        [
          9,
          0.5875694155693054
        ],
        [
          24,
          0.4348911941051483
        ],
        [
          49,
          0.33197277784347534
        ]
      ]
    },
    {
      "chain_idx": 5,
      "cb_pos": 9,
      "ev_pos": 3,
      "n_callback_tok": 3,
      "ce_writer": 9.403278350830078,
      "ce_floor": 9.33053207397461,
      "ce_ttt": 9.267051696777344,
      "ev_loss_trace": [
        [
          0,
          0.7869676351547241
        ],
        [
          9,
          0.5620893836021423
        ],
        [
          24,
          0.43294185400009155
        ],
        [
          49,
          0.3295530080795288
        ]
      ]
    },
    {
      "chain_idx": 6,
      "cb_pos": 9,
      "ev_pos": 0,
      "n_callback_tok": 4,
      "ce_writer": 5.250733375549316,
      "ce_floor": 5.257856369018555,
      "ce_ttt": 5.231696128845215,
      "ev_loss_trace": [
        [
          0,
          0.7025923132896423
        ],
        [
          9,
          0.5568282604217529
        ],
        [
          24,
          0.39037585258483887
        ],
        [
          49,
          0.31255146861076355
        ]
      ]
    },
    {
      "chain_idx": 7,
      "cb_pos": 9,
      "ev_pos": 2,
      "n_callback_tok": 3,
      "ce_writer": 7.715638637542725,
      "ce_floor": 7.692005157470703,
      "ce_ttt": 7.861079216003418,
      "ev_loss_trace": [
        [
          0,
          0.7542778253555298
        ],
        [
          9,
          0.5811426043510437
        ],
        [
          24,
          0.4291994869709015
        ],
        [
          49,
          0.33668938279151917
        ]
      ]
    },
    {
      "chain_idx": 8,
      "cb_pos": 9,
      "ev_pos": 5,
      "n_callback_tok": 5,
      "ce_writer": 4.914276123046875,
      "ce_floor": 4.893645763397217,
      "ce_ttt": 4.884997844696045,
      "ev_loss_trace": [
        [
          0,
          0.7408843636512756
        ],
        [
          9,
          0.5943185687065125
        ],
        [
          24,
          0.4355415999889374
        ],
        [
          49,
          0.3416304290294647
        ]
      ]
    },
    {
      "chain_idx": 9,
      "cb_pos": 9,
      "ev_pos": 0,
      "n_callback_tok": 3,
      "ce_writer": 7.417445182800293,
      "ce_floor": 7.451838493347168,
      "ce_ttt": 7.311524868011475,
      "ev_loss_trace": [
        [
          0,
          0.6685219407081604
        ],
        [
          9,
          0.5246209502220154
        ],
        [
          24,
          0.40409964323043823
        ],
        [
          49,
          0.3153955042362213
        ]
      ]
    },
    {
      "chain_idx": 10,
      "cb_pos": 9,
      "ev_pos": 0,
      "n_callback_tok": 6,
      "ce_writer": 4.2674360275268555,
      "ce_floor": 4.259227275848389,
      "ce_ttt": 4.332366943359375,
      "ev_loss_trace": [
        [
          0,
          0.7705256342887878
        ],
        [
          9,
          0.599606454372406
        ],
        [
          24,
          0.42130669951438904
        ],
        [
          49,
          0.3240991532802582
        ]
      ]
    },
    {
      "chain_idx": 11,
      "cb_pos": 9,
      "ev_pos": 1,
      "n_callback_tok": 4,
      "ce_writer": 5.426283359527588,
      "ce_floor": 5.439034461975098,
      "ce_ttt": 5.589053153991699,
      "ev_loss_trace": [
        [
          0,
          0.8689546585083008
        ],
        [
          9,
          0.6610440015792847
        ],
        [
          24,
          0.4929749071598053
        ],
        [
          49,
          0.36440736055374146
        ]
      ]
    },
    {
      "chain_idx": 12,
      "cb_pos": 9,
      "ev_pos": 5,
      "n_callback_tok": 3,
      "ce_writer": 6.380379676818848,
      "ce_floor": 6.290473461151123,
      "ce_ttt": 6.380843162536621,
      "ev_loss_trace": [
        [
          0,
          0.8785483837127686
        ],
        [
          9,
          0.6751278042793274
        ],
        [
          24,
          0.4994449019432068
        ],
        [
          49,
          0.3741069734096527
        ]
      ]
    },
    {
      "chain_idx": 13,
      "cb_pos": 9,
      "ev_pos": 6,
      "n_callback_tok": 3,
      "ce_writer": 6.616205215454102,
      "ce_floor": 6.610593318939209,
      "ce_ttt": 6.648592948913574,
      "ev_loss_trace": [
        [
          0,
          0.9187099933624268
        ],
        [
          9,
          0.6711127758026123
        ],
        [
          24,
          0.4823673665523529
        ],
        [
          49,
          0.35040611028671265
        ]
      ]
    },
    {
      "chain_idx": 14,
      "cb_pos": 9,
      "ev_pos": 3,
      "n_callback_tok": 3,
      "ce_writer": 8.55207633972168,
      "ce_floor": 8.523561477661133,
      "ce_ttt": 8.286678314208984,