{
  "ckpt": "output/chain_v19a_f3_d2_codes_0p6b_frozen_local/best",
  "eval_corpus": "paper_artifacts/chains/synthd5_random_codes_val_s512.pt",
  "init_mode": "iid",
  "ttt_steps": 50,
  "ttt_lr": 0.01,
  "n_chains_scored": 32,
  "ce_writer_mean": 6.159771375358105,
  "ce_floor_mean": 6.163541667163372,
  "ce_ttt_mean": 6.210853025317192,
  "ttt_lift_vs_floor": -0.04731135815382004,
  "ttt_lift_vs_writer": -0.05108164995908737,
  "verdict": "NEGATIVE: readout + LM-head subsystem cannot represent chain-specific recall regardless of M_c. ARCHITECTURE PIVOT REQUIRED. Do NOT launch writer-side cells (F2/sec1).",
  "per_chain": [
    {
      "chain_idx": 0,
      "cb_pos": 9,
      "ev_pos": 7,
      "n_callback_tok": 4,
      "ce_writer": 5.988913536071777,
      "ce_floor": 6.078083038330078,
      "ce_ttt": 5.910706520080566,
      "ev_loss_trace": [
        [
          0,
          0.7128955125808716
        ],
        [
          9,
          0.2798796594142914
        ],
        [
          24,
          0.2571777105331421
        ],
        [
          49,
          0.24200017750263214
        ]
      ]
    },
    {
      "chain_idx": 1,
      "cb_pos": 9,
      "ev_pos": 4,
      "n_callback_tok": 4,
      "ce_writer": 5.843825340270996,
      "ce_floor": 5.895098686218262,
      "ce_ttt": 5.965031623840332,
      "ev_loss_trace": [
        [
          0,
          0.9969990253448486
        ],
        [
          9,
          0.30953511595726013
        ],
        [
          24,
          0.28135350346565247
        ],
        [
          49,
          0.2448224425315857
        ]
      ]
    },
    {
      "chain_idx": 2,
      "cb_pos": 9,
      "ev_pos": 4,
      "n_callback_tok": 4,
      "ce_writer": 6.628209114074707,
      "ce_floor": 6.629948616027832,
      "ce_ttt": 6.763724327087402,
      "ev_loss_trace": [
        [
          0,
          0.8539044260978699
        ],
        [
          9,
          0.276638388633728
        ],
        [
          24,
          0.2559354603290558
        ],
        [
          49,
          0.24145321547985077
        ]
      ]
    },
    {
      "chain_idx": 3,
      "cb_pos": 9,
      "ev_pos": 5,
      "n_callback_tok": 3,
      "ce_writer": 7.157021999359131,
      "ce_floor": 7.131125450134277,
      "ce_ttt": 7.1355204582214355,
      "ev_loss_trace": [
        [
          0,
          0.7710493803024292
        ],
        [
          9,
          0.2805394232273102
        ],
        [
          24,
          0.25858643651008606
        ],
        [
          49,
          0.23624031245708466
        ]
      ]
    },
    {
      "chain_idx": 4,
      "cb_pos": 9,
      "ev_pos": 0,
      "n_callback_tok": 5,
      "ce_writer": 4.36964750289917,
      "ce_floor": 4.380199432373047,
      "ce_ttt": 4.3071112632751465,
      "ev_loss_trace": [
        [
          0,
          0.98069167137146
        ],
        [
          9,
          0.29156094789505005
        ],
        [
          24,
          0.2686784267425537
        ],
        [
          49,
          0.24305331707000732
        ]
      ]
    },
    {
      "chain_idx": 5,
      "cb_pos": 9,
      "ev_pos": 3,
      "n_callback_tok": 3,
      "ce_writer": 9.403278350830078,
      "ce_floor": 9.33053207397461,
      "ce_ttt": 9.188984870910645,
      "ev_loss_trace": [
        [
          0,
          0.7585324048995972
        ],
        [
          9,
          0.3009098172187805
        ],
        [
          24,
          0.2748364210128784
        ],
        [
          49,
          0.24460762739181519
        ]
      ]
    },
    {
      "chain_idx": 6,
      "cb_pos": 9,
      "ev_pos": 0,
      "n_callback_tok": 4,
      "ce_writer": 5.250733375549316,
      "ce_floor": 5.257856369018555,
      "ce_ttt": 5.4535322189331055,
      "ev_loss_trace": [
        [
          0,
          0.7219218015670776
        ],
        [
          9,
          0.2615509331226349
        ],
        [
          24,
          0.24626578390598297
        ],
        [
          49,
          0.22818320989608765
        ]
      ]
    },
    {
      "chain_idx": 7,
      "cb_pos": 9,
      "ev_pos": 2,
      "n_callback_tok": 3,
      "ce_writer": 7.715638637542725,
      "ce_floor": 7.692005157470703,
      "ce_ttt": 7.784270763397217,
      "ev_loss_trace": [
        [
          0,
          0.7168529033660889
        ],
        [
          9,
          0.267031192779541
        ],
        [
          24,
          0.25750988721847534
        ],
        [
          49,
          0.23775695264339447
        ]
      ]
    },
    {
      "chain_idx": 8,
      "cb_pos": 9,
      "ev_pos": 5,
      "n_callback_tok": 5,
      "ce_writer": 4.914276123046875,
      "ce_floor": 4.893645763397217,
      "ce_ttt": 4.753133296966553,
      "ev_loss_trace": [
        [
          0,
          0.8085008263587952
        ],
        [
          9,
          0.29608362913131714
        ],
        [
          24,
          0.2706158757209778
        ],
        [
          49,
          0.24530985951423645
        ]
      ]
    },
    {
      "chain_idx": 9,
      "cb_pos": 9,
      "ev_pos": 0,
      "n_callback_tok": 3,
      "ce_writer": 7.417445182800293,
      "ce_floor": 7.451838493347168,
      "ce_ttt": 7.72678279876709,
      "ev_loss_trace": [
        [
          0,
          0.7594507932662964
        ],
        [
          9,
          0.2869349420070648
        ],
        [
          24,
          0.26124343276023865
        ],
        [
          49,
          0.24167980253696442
        ]
      ]
    },
    {
      "chain_idx": 10,
      "cb_pos": 9,
      "ev_pos": 0,
      "n_callback_tok": 6,
      "ce_writer": 4.2674360275268555,
      "ce_floor": 4.259227275848389,
      "ce_ttt": 4.473320960998535,
      "ev_loss_trace": [
        [
          0,
          0.7659730315208435
        ],
        [
          9,
          0.2667554020881653
        ],
        [
          24,
          0.24284999072551727
        ],
        [
          49,
          0.2353537678718567
        ]
      ]
    },
    {
      "chain_idx": 11,
      "cb_pos": 9,
      "ev_pos": 1,
      "n_callback_tok": 4,
      "ce_writer": 5.426283359527588,
      "ce_floor": 5.439034461975098,
      "ce_ttt": 5.842217445373535,
      "ev_loss_trace": [
        [
          0,
          1.138925313949585
        ],
        [
          9,
          0.32180511951446533
        ],
        [
          24,
          0.2664070129394531
        ],
        [
          49,
          0.23848964273929596
        ]
      ]
    },
    {
      "chain_idx": 12,
      "cb_pos": 9,
      "ev_pos": 5,
      "n_callback_tok": 3,
      "ce_writer": 6.380379676818848,
      "ce_floor": 6.290473461151123,
      "ce_ttt": 6.32926082611084,
      "ev_loss_trace": [
        [
          0,
          0.9088600277900696
        ],
        [
          9,
          0.2727760970592499
        ],
        [
          24,
          0.2512032687664032
        ],
        [
          49,
          0.23173871636390686
        ]
      ]
    },
    {
      "chain_idx": 13,
      "cb_pos": 9,
      "ev_pos": 6,
      "n_callback_tok": 3,
      "ce_writer": 6.616205215454102,
      "ce_floor": 6.610593318939209,
      "ce_ttt": 6.988249778747559,
      "ev_loss_trace": [
        [
          0,
          1.154861330986023
        ],
        [
          9,
          0.3122987747192383
        ],
        [
          24,
          0.27112624049186707
        ],
        [
          49,
          0.2468235194683075
        ]
      ]
    },
    {
      "chain_idx": 14,
      "cb_pos": 9,
      "ev_pos": 3,
      "n_callback_tok": 3,
      "ce_writer": 8.55207633972168,
      "ce_floor": 8.523561477661133,
      "ce_ttt": 8.394457817077637,