{
  "ckpt": "output/chain_v19b_f3_d4_codes_0p6b_frozen_local/best",
  "eval_corpus": "paper_artifacts/chains/synthd5_random_codes_val_s512.pt",
  "init_mode": "writer",
  "ttt_steps": 50,
  "ttt_lr": 0.01,
  "n_chains_scored": 32,
  "ce_writer_mean": 6.868214100599289,
  "ce_floor_mean": 6.884384959936142,
  "ce_ttt_mean": 6.88786156475544,
  "ttt_lift_vs_floor": -0.0034766048192977905,
  "ttt_lift_vs_writer": -0.019647464156150818,
  "verdict": "NEGATIVE: readout + LM-head subsystem cannot represent chain-specific recall regardless of M_c. ARCHITECTURE PIVOT REQUIRED. Do NOT launch writer-side cells (F2/sec1).",
  "per_chain": [
    {
      "chain_idx": 0,
      "cb_pos": 9,
      "ev_pos": 7,
      "n_callback_tok": 4,
      "ce_writer": 6.700905799865723,
      "ce_floor": 6.728496551513672,
      "ce_ttt": 6.662326812744141,
      "ev_loss_trace": [
        [
          0,
          3.7269492149353027
        ],
        [
          9,
          2.949479579925537
        ],
        [
          24,
          1.9922586679458618
        ],
        [
          49,
          1.1670621633529663
        ]
      ]
    },
    {
      "chain_idx": 1,
      "cb_pos": 9,
      "ev_pos": 4,
      "n_callback_tok": 4,
      "ce_writer": 6.635095596313477,
      "ce_floor": 6.64412784576416,
      "ce_ttt": 6.618689060211182,
      "ev_loss_trace": [
        [
          0,
          4.033377170562744
        ],
        [
          9,
          3.2955162525177
        ],
        [
          24,
          2.6091248989105225
        ],
        [
          49,
          1.4435791969299316
        ]
      ]
    },
    {
      "chain_idx": 2,
      "cb_pos": 9,
      "ev_pos": 4,
      "n_callback_tok": 4,
      "ce_writer": 7.764745712280273,
      "ce_floor": 7.795704364776611,
      "ce_ttt": 7.933994293212891,
      "ev_loss_trace": [
        [
          0,
          3.283958673477173
        ],
        [
          9,
          2.5698130130767822
        ],
        [
          24,
          1.8872038125991821
        ],
        [
          49,
          1.1148409843444824
        ]
      ]
    },
    {
      "chain_idx": 3,
      "cb_pos": 9,
      "ev_pos": 5,
      "n_callback_tok": 3,
      "ce_writer": 7.295017242431641,
      "ce_floor": 7.231781959533691,
      "ce_ttt": 7.235431671142578,
      "ev_loss_trace": [
        [
          0,
          3.4380404949188232
        ],
        [
          9,
          2.6189112663269043
        ],
        [
          24,
          1.746167778968811
        ],
        [
          49,
          1.0183485746383667
        ]
      ]
    },
    {
      "chain_idx": 4,
      "cb_pos": 9,
      "ev_pos": 0,
      "n_callback_tok": 5,
      "ce_writer": 4.857587814331055,
      "ce_floor": 4.871385097503662,
      "ce_ttt": 4.88392972946167,
      "ev_loss_trace": [
        [
          0,
          3.41980242729187
        ],
        [
          9,
          2.8274929523468018
        ],
        [
          24,
          2.1017038822174072
        ],
        [
          49,
          1.290555477142334
        ]
      ]
    },
    {
      "chain_idx": 5,
      "cb_pos": 9,
      "ev_pos": 3,
      "n_callback_tok": 3,
      "ce_writer": 9.517481803894043,
      "ce_floor": 9.563246726989746,
      "ce_ttt": 9.186945915222168,
      "ev_loss_trace": [
        [
          0,
          3.3461692333221436
        ],
        [
          9,
          2.7106173038482666
        ],
        [
          24,
          2.0589003562927246
        ],
        [
          49,
          1.177243947982788
        ]
      ]
    },
    {
      "chain_idx": 6,
      "cb_pos": 9,
      "ev_pos": 0,
      "n_callback_tok": 4,
      "ce_writer": 5.562441349029541,
      "ce_floor": 5.573988914489746,
      "ce_ttt": 5.620793342590332,
      "ev_loss_trace": [
        [
          0,
          3.2192542552948
        ],
        [
          9,
          2.607754707336426
        ],
        [
          24,
          1.8524988889694214
        ],
        [
          49,
          1.1913398504257202
        ]
      ]
    },
    {
      "chain_idx": 7,
      "cb_pos": 9,
      "ev_pos": 2,
      "n_callback_tok": 3,
      "ce_writer": 9.14596939086914,
      "ce_floor": 9.199947357177734,
      "ce_ttt": 9.116874694824219,
      "ev_loss_trace": [
        [
          0,
          3.1372830867767334
        ],
        [
          9,
          2.5462663173675537
        ],
        [
          24,
          1.7145862579345703
        ],
        [
          49,
          1.0396193265914917
        ]
      ]
    },
    {
      "chain_idx": 8,
      "cb_pos": 9,
      "ev_pos": 5,
      "n_callback_tok": 5,
      "ce_writer": 5.4830641746521,
      "ce_floor": 5.569866180419922,
      "ce_ttt": 5.6395182609558105,
      "ev_loss_trace": [
        [
          0,
          3.1433961391448975
        ],
        [
          9,
          2.288137674331665
        ],
        [
          24,
          1.5077738761901855
        ],
        [
          49,
          0.9595457315444946
        ]
      ]
    },
    {
      "chain_idx": 9,
      "cb_pos": 9,
      "ev_pos": 0,
      "n_callback_tok": 3,
      "ce_writer": 8.814470291137695,
      "ce_floor": 8.82748031616211,
      "ce_ttt": 8.873884201049805,
      "ev_loss_trace": [
        [
          0,
          3.405677556991577
        ],
        [
          9,
          2.649451732635498
        ],
        [
          24,
          1.9782466888427734
        ],
        [
          49,
          1.2140247821807861
        ]
      ]
    },
    {
      "chain_idx": 10,
      "cb_pos": 9,
      "ev_pos": 0,
      "n_callback_tok": 6,
      "ce_writer": 4.985980987548828,
      "ce_floor": 5.010506629943848,
      "ce_ttt": 5.019357681274414,
      "ev_loss_trace": [
        [
          0,
          3.4464287757873535
        ],
        [
          9,
          2.7724313735961914
        ],
        [
          24,
          2.0263962745666504
        ],
        [
          49,
          1.1445119380950928
        ]
      ]
    },
    {
      "chain_idx": 11,
      "cb_pos": 9,
      "ev_pos": 1,
      "n_callback_tok": 4,
      "ce_writer": 7.112728595733643,
      "ce_floor": 7.125133037567139,
      "ce_ttt": 7.154979228973389,
      "ev_loss_trace": [
        [
          0,
          3.841519594192505
        ],
        [
          9,
          3.282794237136841
        ],
        [
          24,
          2.5226809978485107
        ],
        [
          49,
          1.6108468770980835
        ]
      ]
    },
    {
      "chain_idx": 12,
      "cb_pos": 9,
      "ev_pos": 5,
      "n_callback_tok": 3,
      "ce_writer": 7.490325450897217,
      "ce_floor": 7.443101406097412,
      "ce_ttt": 7.494579315185547,
      "ev_loss_trace": [
        [
          0,
          3.804232597351074
        ],
        [
          9,
          3.145495891571045
        ],
        [
          24,
          2.5649166107177734
        ],
        [
          49,
          1.6237343549728394
        ]
      ]
    },
    {
      "chain_idx": 13,
      "cb_pos": 9,
      "ev_pos": 6,
      "n_callback_tok": 3,
      "ce_writer": 7.500324249267578,
      "ce_floor": 7.637077331542969,
      "ce_ttt": 7.645562648773193,
      "ev_loss_trace": [
        [
          0,
          3.9667749404907227
        ],
        [
          9,
          3.3907887935638428
        ],
        [
          24,
          2.848092555999756
        ],
        [
          49,
          1.908239483833313
        ]
      ]
    },
    {
      "chain_idx": 14,
      "cb_pos": 9,
      "ev_pos": 3,
      "n_callback_tok": 3,
      "ce_writer": 8.223373413085938,
      "ce_floor": 8.179280281066895,
      "ce_ttt": 8.0573091506958,