{
  "ckpt": "output/chain_v19b_f3_d4_codes_0p6b_frozen_local/best",
  "eval_corpus": "paper_artifacts/chains/synthd5_random_codes_val_s512.pt",
  "init_mode": "iid",
  "ttt_steps": 50,
  "ttt_lr": 0.01,
  "n_chains_scored": 32,
  "ce_writer_mean": 6.868214100599289,
  "ce_floor_mean": 6.884384959936142,
  "ce_ttt_mean": 7.146400570869446,
  "ttt_lift_vs_floor": -0.26201561093330383,
  "ttt_lift_vs_writer": -0.27818647027015686,
  "verdict": "NEGATIVE: readout + LM-head subsystem cannot represent chain-specific recall regardless of M_c. ARCHITECTURE PIVOT REQUIRED. Do NOT launch writer-side cells (F2/sec1).",
  "per_chain": [
    {
      "chain_idx": 0,
      "cb_pos": 9,
      "ev_pos": 7,
      "n_callback_tok": 4,
      "ce_writer": 6.700905799865723,
      "ce_floor": 6.728496551513672,
      "ce_ttt": 7.326938629150391,
      "ev_loss_trace": [
        [
          0,
          2.9093754291534424
        ],
        [
          9,
          0.4120354950428009
        ],
        [
          24,
          0.3672385513782501
        ],
        [
          49,
          0.3395419120788574
        ]
      ]
    },
    {
      "chain_idx": 1,
      "cb_pos": 9,
      "ev_pos": 4,
      "n_callback_tok": 4,
      "ce_writer": 6.635095596313477,
      "ce_floor": 6.64412784576416,
      "ce_ttt": 6.991370677947998,
      "ev_loss_trace": [
        [
          0,
          4.112297534942627
        ],
        [
          9,
          0.45755454897880554
        ],
        [
          24,
          0.3814258277416229
        ],
        [
          49,
          0.33202117681503296
        ]
      ]
    },
    {
      "chain_idx": 2,
      "cb_pos": 9,
      "ev_pos": 4,
      "n_callback_tok": 4,
      "ce_writer": 7.764745712280273,
      "ce_floor": 7.795704364776611,
      "ce_ttt": 8.010876655578613,
      "ev_loss_trace": [
        [
          0,
          2.5976474285125732
        ],
        [
          9,
          0.4367229640483856
        ],
        [
          24,
          0.36377641558647156
        ],
        [
          49,
          0.31985238194465637
        ]
      ]
    },
    {
      "chain_idx": 3,
      "cb_pos": 9,
      "ev_pos": 5,
      "n_callback_tok": 3,
      "ce_writer": 7.295017242431641,
      "ce_floor": 7.231781959533691,
      "ce_ttt": 7.59033203125,
      "ev_loss_trace": [
        [
          0,
          2.852696418762207
        ],
        [
          9,
          0.45437872409820557
        ],
        [
          24,
          0.3786514699459076
        ],
        [
          49,
          0.32008787989616394
        ]
      ]
    },
    {
      "chain_idx": 4,
      "cb_pos": 9,
      "ev_pos": 0,
      "n_callback_tok": 5,
      "ce_writer": 4.857587814331055,
      "ce_floor": 4.871385097503662,
      "ce_ttt": 4.770662307739258,
      "ev_loss_trace": [
        [
          0,
          3.033278703689575
        ],
        [
          9,
          0.5827042460441589
        ],
        [
          24,
          0.47380194067955017
        ],
        [
          49,
          0.40543970465660095
        ]
      ]
    },
    {
      "chain_idx": 5,
      "cb_pos": 9,
      "ev_pos": 3,
      "n_callback_tok": 3,
      "ce_writer": 9.517481803894043,
      "ce_floor": 9.563246726989746,
      "ce_ttt": 8.65713119506836,
      "ev_loss_trace": [
        [
          0,
          3.625070333480835
        ],
        [
          9,
          0.4778067469596863
        ],
        [
          24,
          0.4016898572444916
        ],
        [
          49,
          0.3416067361831665
        ]
      ]
    },
    {
      "chain_idx": 6,
      "cb_pos": 9,
      "ev_pos": 0,
      "n_callback_tok": 4,
      "ce_writer": 5.562441349029541,
      "ce_floor": 5.573988914489746,
      "ce_ttt": 5.809077262878418,
      "ev_loss_trace": [
        [
          0,
          2.684292793273926
        ],
        [
          9,
          0.5376636981964111
        ],
        [
          24,
          0.4351068437099457
        ],
        [
          49,
          0.3822258710861206
        ]
      ]
    },
    {
      "chain_idx": 7,
      "cb_pos": 9,
      "ev_pos": 2,
      "n_callback_tok": 3,
      "ce_writer": 9.14596939086914,
      "ce_floor": 9.199947357177734,
      "ce_ttt": 9.764631271362305,
      "ev_loss_trace": [
        [
          0,
          2.797490119934082
        ],
        [
          9,
          0.4401662349700928
        ],
        [
          24,
          0.3847420811653137
        ],
        [
          49,
          0.34372636675834656
        ]
      ]
    },
    {
      "chain_idx": 8,
      "cb_pos": 9,
      "ev_pos": 5,
      "n_callback_tok": 5,
      "ce_writer": 5.4830641746521,
      "ce_floor": 5.569866180419922,
      "ce_ttt": 5.9350714683532715,
      "ev_loss_trace": [
        [
          0,
          2.760627031326294
        ],
        [
          9,
          0.510166347026825
        ],
        [
          24,
          0.43981149792671204
        ],
        [
          49,
          0.3844296932220459
        ]
      ]
    },
    {
      "chain_idx": 9,
      "cb_pos": 9,
      "ev_pos": 0,
      "n_callback_tok": 3,
      "ce_writer": 8.814470291137695,
      "ce_floor": 8.82748031616211,
      "ce_ttt": 9.217855453491211,
      "ev_loss_trace": [
        [
          0,
          2.719059467315674
        ],
        [
          9,
          0.4167217016220093
        ],
        [
          24,
          0.36575913429260254
        ],
        [
          49,
          0.329271525144577
        ]
      ]
    },
    {
      "chain_idx": 10,
      "cb_pos": 9,
      "ev_pos": 0,
      "n_callback_tok": 6,
      "ce_writer": 4.985980987548828,
      "ce_floor": 5.010506629943848,
      "ce_ttt": 5.176065444946289,
      "ev_loss_trace": [
        [
          0,
          1.8326168060302734
        ],
        [
          9,
          0.4263947010040283
        ],
        [
          24,
          0.36470291018486023
        ],
        [
          49,
          0.3366365432739258
        ]
      ]
    },
    {
      "chain_idx": 11,
      "cb_pos": 9,
      "ev_pos": 1,
      "n_callback_tok": 4,
      "ce_writer": 7.112728595733643,
      "ce_floor": 7.125133037567139,
      "ce_ttt": 7.2480268478393555,
      "ev_loss_trace": [
        [
          0,
          3.9846909046173096
        ],
        [
          9,
          0.5047325491905212
        ],
        [
          24,
          0.4003955125808716
        ],
        [
          49,
          0.35200726985931396
        ]
      ]
    },
    {
      "chain_idx": 12,
      "cb_pos": 9,
      "ev_pos": 5,
      "n_callback_tok": 3,
      "ce_writer": 7.490325450897217,
      "ce_floor": 7.443101406097412,
      "ce_ttt": 7.516931056976318,
      "ev_loss_trace": [
        [
          0,
          3.760711193084717
        ],
        [
          9,
          0.5102741122245789
        ],
        [
          24,
          0.43179184198379517
        ],
        [
          49,
          0.3694652020931244
        ]
      ]
    },
    {
      "chain_idx": 13,
      "cb_pos": 9,
      "ev_pos": 6,
      "n_callback_tok": 3,
      "ce_writer": 7.500324249267578,
      "ce_floor": 7.637077331542969,
      "ce_ttt": 8.274492263793945,
      "ev_loss_trace": [
        [
          0,
          4.20803689956665
        ],
        [
          9,
          0.6157823801040649
        ],
        [
          24,
          0.48263347148895264
        ],
        [
          49,
          0.3907719850540161
        ]
      ]
    },
    {
      "chain_idx": 14,
      "cb_pos": 9,
      "ev_pos": 3,
      "n_callback_tok": 3,
      "ce_writer": 8.223373413085938,
      "ce_floor": 8.179280281066895,
      "ce_ttt": 7.980205535888672,