{
  "ckpt": "output/chain_v21a_f3_d4_rezero_codes_0p6b_frozen_local/best",
  "eval_corpus": "paper_artifacts/chains/synthd5_random_codes_val_s512.pt",
  "init_mode": "writer",
  "ttt_steps": 50,
  "ttt_lr": 0.01,
  "n_chains_scored": 32,
  "ce_writer_mean": 5.990485325455666,
  "ce_floor_mean": 5.9826712012290955,
  "ce_ttt_mean": 6.031491130590439,
  "ttt_lift_vs_floor": -0.048819929361343384,
  "ttt_lift_vs_writer": -0.041005805134773254,
  "verdict": "NEGATIVE: readout + LM-head subsystem cannot represent chain-specific recall regardless of M_c. ARCHITECTURE PIVOT REQUIRED. Do NOT launch writer-side cells (F2/sec1).",
  "per_chain": [
    {
      "chain_idx": 0,
      "cb_pos": 9,
      "ev_pos": 7,
      "n_callback_tok": 4,
      "ce_writer": 6.121151924133301,
      "ce_floor": 6.122872352600098,
      "ce_ttt": 6.280630111694336,
      "ev_loss_trace": [
        [
          0,
          8.937576293945312
        ],
        [
          9,
          5.926239967346191
        ],
        [
          24,
          3.3490633964538574
        ],
        [
          49,
          1.643227458000183
        ]
      ]
    },
    {
      "chain_idx": 1,
      "cb_pos": 9,
      "ev_pos": 4,
      "n_callback_tok": 4,
      "ce_writer": 5.760854721069336,
      "ce_floor": 5.686667442321777,
      "ce_ttt": 5.5378289222717285,
      "ev_loss_trace": [
        [
          0,
          9.517782211303711
        ],
        [
          9,
          5.50361967086792
        ],
        [
          24,
          3.160001516342163
        ],
        [
          49,
          1.3131103515625
        ]
      ]
    },
    {
      "chain_idx": 2,
      "cb_pos": 9,
      "ev_pos": 4,
      "n_callback_tok": 4,
      "ce_writer": 7.114554405212402,
      "ce_floor": 6.96287727355957,
      "ce_ttt": 6.762132167816162,
      "ev_loss_trace": [
        [
          0,
          6.362968921661377
        ],
        [
          9,
          4.689492702484131
        ],
        [
          24,
          2.170386791229248
        ],
        [
          49,
          0.9012517929077148
        ]
      ]
    },
    {
      "chain_idx": 3,
      "cb_pos": 9,
      "ev_pos": 5,
      "n_callback_tok": 3,
      "ce_writer": 7.6695709228515625,
      "ce_floor": 7.653346538543701,
      "ce_ttt": 7.821559906005859,
      "ev_loss_trace": [
        [
          0,
          6.074294090270996
        ],
        [
          9,
          3.966747760772705
        ],
        [
          24,
          1.705310344696045
        ],
        [
          49,
          0.8010952472686768
        ]
      ]
    },
    {
      "chain_idx": 4,
      "cb_pos": 9,
      "ev_pos": 0,
      "n_callback_tok": 5,
      "ce_writer": 4.18752908706665,
      "ce_floor": 4.31613302230835,
      "ce_ttt": 4.053394317626953,
      "ev_loss_trace": [
        [
          0,
          6.997657775878906
        ],
        [
          9,
          4.138051509857178
        ],
        [
          24,
          2.419489860534668
        ],
        [
          49,
          1.1707098484039307
        ]
      ]
    },
    {
      "chain_idx": 5,
      "cb_pos": 9,
      "ev_pos": 3,
      "n_callback_tok": 3,
      "ce_writer": 7.507645606994629,
      "ce_floor": 7.656198024749756,
      "ce_ttt": 7.645648956298828,
      "ev_loss_trace": [
        [
          0,
          8.840717315673828
        ],
        [
          9,
          6.004345417022705
        ],
        [
          24,
          3.6270058155059814
        ],
        [
          49,
          1.4781616926193237
        ]
      ]
    },
    {
      "chain_idx": 6,
      "cb_pos": 9,
      "ev_pos": 0,
      "n_callback_tok": 4,
      "ce_writer": 5.090421199798584,
      "ce_floor": 5.133466720581055,
      "ce_ttt": 5.225809574127197,
      "ev_loss_trace": [
        [
          0,
          8.39694595336914
        ],
        [
          9,
          5.4186625480651855
        ],
        [
          24,
          2.8333146572113037
        ],
        [
          49,
          0.9970054626464844
        ]
      ]
    },
    {
      "chain_idx": 7,
      "cb_pos": 9,
      "ev_pos": 2,
      "n_callback_tok": 3,
      "ce_writer": 8.476402282714844,
      "ce_floor": 8.6726713180542,
      "ce_ttt": 8.705728530883789,
      "ev_loss_trace": [
        [
          0,
          6.515921115875244
        ],
        [
          9,
          3.74418306350708
        ],
        [
          24,
          1.9548250436782837
        ],
        [
          49,
          0.8636457324028015
        ]
      ]
    },
    {
      "chain_idx": 8,
      "cb_pos": 9,
      "ev_pos": 5,
      "n_callback_tok": 5,
      "ce_writer": 4.678828716278076,
      "ce_floor": 4.640129089355469,
      "ce_ttt": 4.752435207366943,
      "ev_loss_trace": [
        [
          0,
          7.042176723480225
        ],
        [
          9,
          4.799485206604004
        ],
        [
          24,
          3.0005433559417725
        ],
        [
          49,
          1.2767060995101929
        ]
      ]
    },
    {
      "chain_idx": 9,
      "cb_pos": 9,
      "ev_pos": 0,
      "n_callback_tok": 3,
      "ce_writer": 8.499813079833984,
      "ce_floor": 8.230107307434082,
      "ce_ttt": 8.321765899658203,
      "ev_loss_trace": [
        [
          0,
          8.026673316955566
        ],
        [
          9,
          4.3353753089904785
        ],
        [
          24,
          2.4022839069366455
        ],
        [
          49,
          1.0435242652893066
        ]
      ]
    },
    {
      "chain_idx": 10,
      "cb_pos": 9,
      "ev_pos": 0,
      "n_callback_tok": 6,
      "ce_writer": 3.7167491912841797,
      "ce_floor": 3.7996463775634766,
      "ce_ttt": 3.8652610778808594,
      "ev_loss_trace": [
        [
          0,
          6.7904744148254395
        ],
        [
          9,
          4.922187328338623
        ],
        [
          24,
          2.3338372707366943
        ],
        [
          49,
          1.0153567790985107
        ]
      ]
    },
    {
      "chain_idx": 11,
      "cb_pos": 9,
      "ev_pos": 1,
      "n_callback_tok": 4,
      "ce_writer": 5.465287685394287,
      "ce_floor": 5.589195251464844,
      "ce_ttt": 5.55772590637207,
      "ev_loss_trace": [
        [
          0,
          9.776535987854004
        ],
        [
          9,
          6.232357025146484
        ],
        [
          24,
          3.676893949508667
        ],
        [
          49,
          1.9063109159469604
        ]
      ]
    },
    {
      "chain_idx": 12,
      "cb_pos": 9,
      "ev_pos": 5,
      "n_callback_tok": 3,
      "ce_writer": 5.837714672088623,
      "ce_floor": 5.844005584716797,
      "ce_ttt": 5.974992275238037,
      "ev_loss_trace": [
        [
          0,
          11.468710899353027
        ],
        [
          9,
          7.60670804977417
        ],
        [
          24,
          4.897177696228027
        ],
        [
          49,
          1.772923469543457
        ]
      ]
    },
    {
      "chain_idx": 13,
      "cb_pos": 9,
      "ev_pos": 6,
      "n_callback_tok": 3,
      "ce_writer": 6.95224666595459,
      "ce_floor": 6.47699499130249,
      "ce_ttt": 6.612860679626465,
      "ev_loss_trace": [
        [
          0,
          9.865717887878418
        ],
        [
          9,
          6.5492095947265625
        ],
        [
          24,
          3.878203868865967
        ],
        [
          49,
          1.42299222946167
        ]
      ]
    },
    {
      "chain_idx": 14,
      "cb_pos": 9,
      "ev_pos": 3,
      "n_callback_tok": 3,
      "ce_writer": 7.535384654998779,
      "ce_floor": 7.57890510559082,
      "ce_ttt": 7.371779441833496,