{
  "ckpt": "output/chain_v21a_f3_d4_rezero_codes_0p6b_frozen_local/best",
  "eval_corpus": "paper_artifacts/chains/synthd5_random_codes_val_s512.pt",
  "init_mode": "iid",
  "ttt_steps": 50,
  "ttt_lr": 0.01,
  "n_chains_scored": 32,
  "ce_writer_mean": 5.990485325455666,
  "ce_floor_mean": 5.9826712012290955,
  "ce_ttt_mean": 6.5092369094491005,
  "ttt_lift_vs_floor": -0.526565708220005,
  "ttt_lift_vs_writer": -0.5187515839934349,
  "verdict": "NEGATIVE: readout + LM-head subsystem cannot represent chain-specific recall regardless of M_c. ARCHITECTURE PIVOT REQUIRED. Do NOT launch writer-side cells (F2/sec1).",
  "per_chain": [
    {
      "chain_idx": 0,
      "cb_pos": 9,
      "ev_pos": 7,
      "n_callback_tok": 4,
      "ce_writer": 6.121151924133301,
      "ce_floor": 6.122872352600098,
      "ce_ttt": 6.482076644897461,
      "ev_loss_trace": [
        [
          0,
          1.3566185235977173
        ],
        [
          9,
          1.5443904399871826
        ],
        [
          24,
          1.3455408811569214
        ],
        [
          49,
          1.2017396688461304
        ]
      ]
    },
    {
      "chain_idx": 1,
      "cb_pos": 9,
      "ev_pos": 4,
      "n_callback_tok": 4,
      "ce_writer": 5.760854721069336,
      "ce_floor": 5.686667442321777,
      "ce_ttt": 5.9837141036987305,
      "ev_loss_trace": [
        [
          0,
          1.3255020380020142
        ],
        [
          9,
          1.3957371711730957
        ],
        [
          24,
          0.4607631266117096
        ],
        [
          49,
          0.32283952832221985
        ]
      ]
    },
    {
      "chain_idx": 2,
      "cb_pos": 9,
      "ev_pos": 4,
      "n_callback_tok": 4,
      "ce_writer": 7.114554405212402,
      "ce_floor": 6.96287727355957,
      "ce_ttt": 7.812167167663574,
      "ev_loss_trace": [
        [
          0,
          0.9182555079460144
        ],
        [
          9,
          1.9385840892791748
        ],
        [
          24,
          0.6675897836685181
        ],
        [
          49,
          0.38768407702445984
        ]
      ]
    },
    {
      "chain_idx": 3,
      "cb_pos": 9,
      "ev_pos": 5,
      "n_callback_tok": 3,
      "ce_writer": 7.6695709228515625,
      "ce_floor": 7.653346538543701,
      "ce_ttt": 7.580168724060059,
      "ev_loss_trace": [
        [
          0,
          0.8162142038345337
        ],
        [
          9,
          0.6957093477249146
        ],
        [
          24,
          0.69272381067276
        ],
        [
          49,
          0.6562578678131104
        ]
      ]
    },
    {
      "chain_idx": 4,
      "cb_pos": 9,
      "ev_pos": 0,
      "n_callback_tok": 5,
      "ce_writer": 4.18752908706665,
      "ce_floor": 4.31613302230835,
      "ce_ttt": 3.556933641433716,
      "ev_loss_trace": [
        [
          0,
          0.9056367874145508
        ],
        [
          9,
          2.246974468231201
        ],
        [
          24,
          0.5233957767486572
        ],
        [
          49,
          0.35492923855781555
        ]
      ]
    },
    {
      "chain_idx": 5,
      "cb_pos": 9,
      "ev_pos": 3,
      "n_callback_tok": 3,
      "ce_writer": 7.507645606994629,
      "ce_floor": 7.656198024749756,
      "ce_ttt": 10.109017372131348,
      "ev_loss_trace": [
        [
          0,
          1.0005282163619995
        ],
        [
          9,
          0.6196963787078857
        ],
        [
          24,
          0.487170934677124
        ],
        [
          49,
          0.3609854280948639
        ]
      ]
    },
    {
      "chain_idx": 6,
      "cb_pos": 9,
      "ev_pos": 0,
      "n_callback_tok": 4,
      "ce_writer": 5.090421199798584,
      "ce_floor": 5.133466720581055,
      "ce_ttt": 5.6781110763549805,
      "ev_loss_trace": [
        [
          0,
          1.0282632112503052
        ],
        [
          9,
          1.2550772428512573
        ],
        [
          24,
          1.1126819849014282
        ],
        [
          49,
          0.9881361126899719
        ]
      ]
    },
    {
      "chain_idx": 7,
      "cb_pos": 9,
      "ev_pos": 2,
      "n_callback_tok": 3,
      "ce_writer": 8.476402282714844,
      "ce_floor": 8.6726713180542,
      "ce_ttt": 7.933236122131348,
      "ev_loss_trace": [
        [
          0,
          0.8193020820617676
        ],
        [
          9,
          0.8079967498779297
        ],
        [
          24,
          0.4006236791610718
        ],
        [
          49,
          0.29911303520202637
        ]
      ]
    },
    {
      "chain_idx": 8,
      "cb_pos": 9,
      "ev_pos": 5,
      "n_callback_tok": 5,
      "ce_writer": 4.678828716278076,
      "ce_floor": 4.640129089355469,
      "ce_ttt": 5.091310977935791,
      "ev_loss_trace": [
        [
          0,
          0.8653200268745422
        ],
        [
          9,
          0.4857313930988312
        ],
        [
          24,
          0.41134199500083923
        ],
        [
          49,
          0.3412393629550934
        ]
      ]
    },
    {
      "chain_idx": 9,
      "cb_pos": 9,
      "ev_pos": 0,
      "n_callback_tok": 3,
      "ce_writer": 8.499813079833984,
      "ce_floor": 8.230107307434082,
      "ce_ttt": 7.981966972351074,
      "ev_loss_trace": [
        [
          0,
          0.9615192413330078
        ],
        [
          9,
          0.6671102046966553
        ],
        [
          24,
          0.3747759759426117
        ],
        [
          49,
          0.2788104712963104
        ]
      ]
    },
    {
      "chain_idx": 10,
      "cb_pos": 9,
      "ev_pos": 0,
      "n_callback_tok": 6,
      "ce_writer": 3.7167491912841797,
      "ce_floor": 3.7996463775634766,
      "ce_ttt": 4.242954730987549,
      "ev_loss_trace": [
        [
          0,
          0.7949787378311157
        ],
        [
          9,
          1.3542187213897705
        ],
        [
          24,
          0.5288021564483643
        ],
        [
          49,
          0.33632999658584595
        ]
      ]
    },
    {
      "chain_idx": 11,
      "cb_pos": 9,
      "ev_pos": 1,
      "n_callback_tok": 4,
      "ce_writer": 5.465287685394287,
      "ce_floor": 5.589195251464844,
      "ce_ttt": 6.2215070724487305,
      "ev_loss_trace": [
        [
          0,
          1.1362859010696411
        ],
        [
          9,
          1.0263078212738037
        ],
        [
          24,
          0.39834064245224
        ],
        [
          49,
          0.2958849370479584
        ]
      ]
    },
    {
      "chain_idx": 12,
      "cb_pos": 9,
      "ev_pos": 5,
      "n_callback_tok": 3,
      "ce_writer": 5.837714672088623,
      "ce_floor": 5.844005584716797,
      "ce_ttt": 6.33404541015625,
      "ev_loss_trace": [
        [
          0,
          2.1125895977020264
        ],
        [
          9,
          0.8173664808273315
        ],
        [
          24,
          0.37334901094436646
        ],
        [
          49,
          0.32344305515289307
        ]
      ]
    },
    {
      "chain_idx": 13,
      "cb_pos": 9,
      "ev_pos": 6,
      "n_callback_tok": 3,
      "ce_writer": 6.95224666595459,
      "ce_floor": 6.47699499130249,
      "ce_ttt": 7.80128812789917,
      "ev_loss_trace": [
        [
          0,
          1.4203447103500366
        ],
        [
          9,
          2.162794351577759
        ],
        [
          24,
          1.800815463066101
        ],
        [
          49,
          1.3693252801895142
        ]
      ]
    },
    {
      "chain_idx": 14,
      "cb_pos": 9,
      "ev_pos": 3,
      "n_callback_tok": 3,
      "ce_writer": 7.535384654998779,
      "ce_floor": 7.57890510559082,
      "ce_ttt": 8.984956741333008,