{
  "ckpt": "output/chain_v21c_f3_d4_pw05_codes_0p6b_frozen_local/best",
  "eval_corpus": "paper_artifacts/chains/synthd5_random_codes_val_s512.pt",
  "init_mode": "iid",
  "ttt_steps": 50,
  "ttt_lr": 0.01,
  "n_chains_scored": 32,
  "ce_writer_mean": 5.734177879989147,
  "ce_floor_mean": 5.720125295221806,
  "ce_ttt_mean": 6.458349496126175,
  "ttt_lift_vs_floor": -0.7382242009043694,
  "ttt_lift_vs_writer": -0.7241716161370277,
  "verdict": "NEGATIVE: readout + LM-head subsystem cannot represent chain-specific recall regardless of M_c. ARCHITECTURE PIVOT REQUIRED. Do NOT launch writer-side cells (F2/sec1).",
  "per_chain": [
    {
      "chain_idx": 0,
      "cb_pos": 9,
      "ev_pos": 7,
      "n_callback_tok": 4,
      "ce_writer": 5.631139755249023,
      "ce_floor": 5.665206432342529,
      "ce_ttt": 6.646653175354004,
      "ev_loss_trace": [
        [
          0,
          0.8776775598526001
        ],
        [
          9,
          0.33804962038993835
        ],
        [
          24,
          0.28808099031448364
        ],
        [
          49,
          0.2536536455154419
        ]
      ]
    },
    {
      "chain_idx": 1,
      "cb_pos": 9,
      "ev_pos": 4,
      "n_callback_tok": 4,
      "ce_writer": 5.94592809677124,
      "ce_floor": 5.968371868133545,
      "ce_ttt": 6.091886043548584,
      "ev_loss_trace": [
        [
          0,
          1.2959328889846802
        ],
        [
          9,
          0.46476876735687256
        ],
        [
          24,
          0.4135492444038391
        ],
        [
          49,
          0.33852505683898926
        ]
      ]
    },
    {
      "chain_idx": 2,
      "cb_pos": 9,
      "ev_pos": 4,
      "n_callback_tok": 4,
      "ce_writer": 6.088226318359375,
      "ce_floor": 6.000136375427246,
      "ce_ttt": 6.86585807800293,
      "ev_loss_trace": [
        [
          0,
          0.8770315647125244
        ],
        [
          9,
          0.32524505257606506
        ],
        [
          24,
          0.2798859775066376
        ],
        [
          49,
          0.24926577508449554
        ]
      ]
    },
    {
      "chain_idx": 3,
      "cb_pos": 9,
      "ev_pos": 5,
      "n_callback_tok": 3,
      "ce_writer": 6.925464153289795,
      "ce_floor": 6.938289642333984,
      "ce_ttt": 7.37828254699707,
      "ev_loss_trace": [
        [
          0,
          0.7725008130073547
        ],
        [
          9,
          0.28920096158981323
        ],
        [
          24,
          0.2506057918071747
        ],
        [
          49,
          0.22005392611026764
        ]
      ]
    },
    {
      "chain_idx": 4,
      "cb_pos": 9,
      "ev_pos": 0,
      "n_callback_tok": 5,
      "ce_writer": 4.398698806762695,
      "ce_floor": 4.303896903991699,
      "ce_ttt": 4.43623685836792,
      "ev_loss_trace": [
        [
          0,
          1.18254816532135
        ],
        [
          9,
          0.36781710386276245
        ],
        [
          24,
          0.2982448935508728
        ],
        [
          49,
          0.25051361322402954
        ]
      ]
    },
    {
      "chain_idx": 5,
      "cb_pos": 9,
      "ev_pos": 3,
      "n_callback_tok": 3,
      "ce_writer": 7.952274322509766,
      "ce_floor": 8.143717765808105,
      "ce_ttt": 8.961742401123047,
      "ev_loss_trace": [
        [
          0,
          1.135776162147522
        ],
        [
          9,
          0.27779337763786316
        ],
        [
          24,
          0.24526502192020416
        ],
        [
          49,
          0.224328875541687
        ]
      ]
    },
    {
      "chain_idx": 6,
      "cb_pos": 9,
      "ev_pos": 0,
      "n_callback_tok": 4,
      "ce_writer": 5.20643424987793,
      "ce_floor": 5.150856018066406,
      "ce_ttt": 5.991672515869141,
      "ev_loss_trace": [
        [
          0,
          0.7555679082870483
        ],
        [
          9,
          0.25621920824050903
        ],
        [
          24,
          0.23094984889030457
        ],
        [
          49,
          0.20435883104801178
        ]
      ]
    },
    {
      "chain_idx": 7,
      "cb_pos": 9,
      "ev_pos": 2,
      "n_callback_tok": 3,
      "ce_writer": 7.30735969543457,
      "ce_floor": 7.39552116394043,
      "ce_ttt": 8.820947647094727,
      "ev_loss_trace": [
        [
          0,
          0.8817653656005859
        ],
        [
          9,
          0.2880573868751526
        ],
        [
          24,
          0.25629928708076477
        ],
        [
          49,
          0.240220844745636
        ]
      ]
    },
    {
      "chain_idx": 8,
      "cb_pos": 9,
      "ev_pos": 5,
      "n_callback_tok": 5,
      "ce_writer": 4.271029949188232,
      "ce_floor": 4.162558555603027,
      "ce_ttt": 5.072314739227295,
      "ev_loss_trace": [
        [
          0,
          0.9698290228843689
        ],
        [
          9,
          0.37312981486320496
        ],
        [
          24,
          0.31214818358421326
        ],
        [
          49,
          0.26724502444267273
        ]
      ]
    },
    {
      "chain_idx": 9,
      "cb_pos": 9,
      "ev_pos": 0,
      "n_callback_tok": 3,
      "ce_writer": 6.569568634033203,
      "ce_floor": 6.6157732009887695,
      "ce_ttt": 8.282390594482422,
      "ev_loss_trace": [
        [
          0,
          0.8999100923538208
        ],
        [
          9,
          0.2731590270996094
        ],
        [
          24,
          0.2500128746032715
        ],
        [
          49,
          0.2249555140733719
        ]
      ]
    },
    {
      "chain_idx": 10,
      "cb_pos": 9,
      "ev_pos": 0,
      "n_callback_tok": 6,
      "ce_writer": 3.8071742057800293,
      "ce_floor": 3.7967162132263184,
      "ce_ttt": 4.542353630065918,
      "ev_loss_trace": [
        [
          0,
          0.74135422706604
        ],
        [
          9,
          0.24343982338905334
        ],
        [
          24,
          0.22530026733875275
        ],
        [
          49,
          0.20882727205753326
        ]
      ]
    },
    {
      "chain_idx": 11,
      "cb_pos": 9,
      "ev_pos": 1,
      "n_callback_tok": 4,
      "ce_writer": 6.238210678100586,
      "ce_floor": 6.046629905700684,
      "ce_ttt": 6.388574600219727,
      "ev_loss_trace": [
        [
          0,
          1.3660075664520264
        ],
        [
          9,
          0.2658248841762543
        ],
        [
          24,
          0.22498933970928192
        ],
        [
          49,
          0.20286248624324799
        ]
      ]
    },
    {
      "chain_idx": 12,
      "cb_pos": 9,
      "ev_pos": 5,
      "n_callback_tok": 3,
      "ce_writer": 5.7817912101745605,
      "ce_floor": 5.87189245223999,
      "ce_ttt": 6.482172966003418,
      "ev_loss_trace": [
        [
          0,
          1.5198155641555786
        ],
        [
          9,
          0.30985793471336365
        ],
        [
          24,
          0.2631304860115051
        ],
        [
          49,
          0.2371058464050293
        ]
      ]
    },
    {
      "chain_idx": 13,
      "cb_pos": 9,
      "ev_pos": 6,
      "n_callback_tok": 3,
      "ce_writer": 5.543227195739746,
      "ce_floor": 5.545320510864258,
      "ce_ttt": 7.269414901733398,
      "ev_loss_trace": [
        [
          0,
          1.131579875946045
        ],
        [
          9,
          0.3082718849182129
        ],
        [
          24,
          0.26728448271751404
        ],
        [
          49,
          0.2345503568649292
        ]
      ]
    },
    {
      "chain_idx": 14,
      "cb_pos": 9,
      "ev_pos": 3,
      "n_callback_tok": 3,
      "ce_writer": 8.244263648986816,
      "ce_floor": 8.032785415649414,
      "ce_ttt": 8.422454833984375,