{
  "ckpt": "output/chain_v21c_f3_d4_pw05_codes_0p6b_frozen_local/best",
  "eval_corpus": "paper_artifacts/chains/synthd5_random_codes_val_s512.pt",
  "init_mode": "writer",
  "ttt_steps": 50,
  "ttt_lr": 0.01,
  "n_chains_scored": 32,
  "ce_writer_mean": 5.734177879989147,
  "ce_floor_mean": 5.720125295221806,
  "ce_ttt_mean": 5.8523479253053665,
  "ttt_lift_vs_floor": -0.13222263008356094,
  "ttt_lift_vs_writer": -0.11817004531621933,
  "verdict": "NEGATIVE: readout + LM-head subsystem cannot represent chain-specific recall regardless of M_c. ARCHITECTURE PIVOT REQUIRED. Do NOT launch writer-side cells (F2/sec1).",
  "per_chain": [
    {
      "chain_idx": 0,
      "cb_pos": 9,
      "ev_pos": 7,
      "n_callback_tok": 4,
      "ce_writer": 5.631139755249023,
      "ce_floor": 5.665206432342529,
      "ce_ttt": 5.690852165222168,
      "ev_loss_trace": [
        [
          0,
          1.6757304668426514
        ],
        [
          9,
          1.0422475337982178
        ],
        [
          24,
          0.62314772605896
        ],
        [
          49,
          0.4214683473110199
        ]
      ]
    },
    {
      "chain_idx": 1,
      "cb_pos": 9,
      "ev_pos": 4,
      "n_callback_tok": 4,
      "ce_writer": 5.94592809677124,
      "ce_floor": 5.968371868133545,
      "ce_ttt": 5.978423595428467,
      "ev_loss_trace": [
        [
          0,
          2.0184314250946045
        ],
        [
          9,
          1.255825400352478
        ],
        [
          24,
          0.7160083055496216
        ],
        [
          49,
          0.4121987819671631
        ]
      ]
    },
    {
      "chain_idx": 2,
      "cb_pos": 9,
      "ev_pos": 4,
      "n_callback_tok": 4,
      "ce_writer": 6.088226318359375,
      "ce_floor": 6.000136375427246,
      "ce_ttt": 6.235544204711914,
      "ev_loss_trace": [
        [
          0,
          1.6508851051330566
        ],
        [
          9,
          1.007350206375122
        ],
        [
          24,
          0.6332149505615234
        ],
        [
          49,
          0.41393157839775085
        ]
      ]
    },
    {
      "chain_idx": 3,
      "cb_pos": 9,
      "ev_pos": 5,
      "n_callback_tok": 3,
      "ce_writer": 6.925464153289795,
      "ce_floor": 6.938289642333984,
      "ce_ttt": 7.143825054168701,
      "ev_loss_trace": [
        [
          0,
          1.6373118162155151
        ],
        [
          9,
          0.9626908898353577
        ],
        [
          24,
          0.5785626173019409
        ],
        [
          49,
          0.3812236785888672
        ]
      ]
    },
    {
      "chain_idx": 4,
      "cb_pos": 9,
      "ev_pos": 0,
      "n_callback_tok": 5,
      "ce_writer": 4.398698806762695,
      "ce_floor": 4.303896903991699,
      "ce_ttt": 4.107787609100342,
      "ev_loss_trace": [
        [
          0,
          1.4074026346206665
        ],
        [
          9,
          0.8904671669006348
        ],
        [
          24,
          0.5734791159629822
        ],
        [
          49,
          0.3949168622493744
        ]
      ]
    },
    {
      "chain_idx": 5,
      "cb_pos": 9,
      "ev_pos": 3,
      "n_callback_tok": 3,
      "ce_writer": 7.952274322509766,
      "ce_floor": 8.143717765808105,
      "ce_ttt": 8.341265678405762,
      "ev_loss_trace": [
        [
          0,
          1.4252852201461792
        ],
        [
          9,
          0.8745364546775818
        ],
        [
          24,
          0.5851055383682251
        ],
        [
          49,
          0.3844737708568573
        ]
      ]
    },
    {
      "chain_idx": 6,
      "cb_pos": 9,
      "ev_pos": 0,
      "n_callback_tok": 4,
      "ce_writer": 5.20643424987793,
      "ce_floor": 5.150856018066406,
      "ce_ttt": 5.53732967376709,
      "ev_loss_trace": [
        [
          0,
          1.6036001443862915
        ],
        [
          9,
          1.0495798587799072
        ],
        [
          24,
          0.6282570362091064
        ],
        [
          49,
          0.4053264558315277
        ]
      ]
    },
    {
      "chain_idx": 7,
      "cb_pos": 9,
      "ev_pos": 2,
      "n_callback_tok": 3,
      "ce_writer": 7.30735969543457,
      "ce_floor": 7.39552116394043,
      "ce_ttt": 7.398531913757324,
      "ev_loss_trace": [
        [
          0,
          1.842682123184204
        ],
        [
          9,
          1.0946937799453735
        ],
        [
          24,
          0.6223061680793762
        ],
        [
          49,
          0.4156567454338074
        ]
      ]
    },
    {
      "chain_idx": 8,
      "cb_pos": 9,
      "ev_pos": 5,
      "n_callback_tok": 5,
      "ce_writer": 4.271029949188232,
      "ce_floor": 4.162558555603027,
      "ce_ttt": 4.4021759033203125,
      "ev_loss_trace": [
        [
          0,
          1.5143842697143555
        ],
        [
          9,
          0.8956721425056458
        ],
        [
          24,
          0.5637403130531311
        ],
        [
          49,
          0.3983451724052429
        ]
      ]
    },
    {
      "chain_idx": 9,
      "cb_pos": 9,
      "ev_pos": 0,
      "n_callback_tok": 3,
      "ce_writer": 6.569568634033203,
      "ce_floor": 6.6157732009887695,
      "ce_ttt": 6.575888633728027,
      "ev_loss_trace": [
        [
          0,
          1.459797739982605
        ],
        [
          9,
          0.9017341136932373
        ],
        [
          24,
          0.5821892619132996
        ],
        [
          49,
          0.3893463611602783
        ]
      ]
    },
    {
      "chain_idx": 10,
      "cb_pos": 9,
      "ev_pos": 0,
      "n_callback_tok": 6,
      "ce_writer": 3.8071742057800293,
      "ce_floor": 3.7967162132263184,
      "ce_ttt": 4.098485469818115,
      "ev_loss_trace": [
        [
          0,
          1.506248950958252
        ],
        [
          9,
          0.9544163942337036
        ],
        [
          24,
          0.644353449344635
        ],
        [
          49,
          0.44793444871902466
        ]
      ]
    },
    {
      "chain_idx": 11,
      "cb_pos": 9,
      "ev_pos": 1,
      "n_callback_tok": 4,
      "ce_writer": 6.238210678100586,
      "ce_floor": 6.046629905700684,
      "ce_ttt": 6.025326728820801,
      "ev_loss_trace": [
        [
          0,
          1.9611116647720337
        ],
        [
          9,
          1.2020400762557983
        ],
        [
          24,
          0.7013676166534424
        ],
        [
          49,
          0.43648308515548706
        ]
      ]
    },
    {
      "chain_idx": 12,
      "cb_pos": 9,
      "ev_pos": 5,
      "n_callback_tok": 3,
      "ce_writer": 5.7817912101745605,
      "ce_floor": 5.87189245223999,
      "ce_ttt": 6.386940002441406,
      "ev_loss_trace": [
        [
          0,
          1.6735321283340454
        ],
        [
          9,
          1.0334689617156982
        ],
        [
          24,
          0.6354413032531738
        ],
        [
          49,
          0.43230992555618286
        ]
      ]
    },
    {
      "chain_idx": 13,
      "cb_pos": 9,
      "ev_pos": 6,
      "n_callback_tok": 3,
      "ce_writer": 5.543227195739746,
      "ce_floor": 5.545320510864258,
      "ce_ttt": 5.211906433105469,
      "ev_loss_trace": [
        [
          0,
          1.9831809997558594
        ],
        [
          9,
          1.259346604347229
        ],
        [
          24,
          0.6819109320640564
        ],
        [
          49,
          0.45253050327301025
        ]
      ]
    },
    {
      "chain_idx": 14,
      "cb_pos": 9,
      "ev_pos": 3,
      "n_callback_tok": 3,
      "ce_writer": 8.244263648986816,
      "ce_floor": 8.032785415649414,
      "ce_ttt": 8.059802055358887,