{
  "ckpt": "Runs/chain_v15a_d4v2_norm_replicate_local/best",
  "eval_corpus": "paper_artifacts/chains/synthd4v2_persona_callback_val_s512.pt",
  "init_mode": "writer",
  "readout_unfreeze": "qkv",
  "ttt_steps": 80,
  "ttt_lr_mc": 0.01,
  "ttt_lr_readout": 0.001,
  "n_chains_scored": 16,
  "ce_writer_mean": 4.083694562315941,
  "ce_floor_mean": 4.027712270617485,
  "ce_ttt_mean": 4.924307614564896,
  "ttt_lift_vs_floor": -0.8965953439474106,
  "ttt_lift_vs_writer": -0.8406130522489548,
  "verdict": "NEGATIVE: read-side architecture itself cannot represent chain-specific recall. Multi-layer readout depth becomes load-bearing on top of probe loss.",
  "per_chain": [
    {
      "chain_idx": 0,
      "cb_pos": 9,
      "ev_pos": 5,
      "n_callback_tok": 2,
      "ce_writer": 2.211336851119995,
      "ce_floor": 2.0211009979248047,
      "ce_ttt": 2.932742118835449,
      "ev_loss_trace": [
        [
          0,
          0.7627118229866028
        ],
        [
          9,
          0.31403839588165283
        ],
        [
          24,
          0.2361520528793335
        ],
        [
          49,
          0.15677525103092194
        ],
        [
          79,
          0.1231619194149971
        ]
      ]
    },
    {
      "chain_idx": 1,
      "cb_pos": 9,
      "ev_pos": 2,
      "n_callback_tok": 1,
      "ce_writer": 3.9466302394866943,
      "ce_floor": 3.790142774581909,
      "ce_ttt": 5.15313196182251,
      "ev_loss_trace": [
        [
          0,
          0.5653349161148071
        ],
        [
          9,
          0.3306252956390381
        ],
        [
          24,
          0.21264785528182983
        ],
        [
          49,
          0.1710558384656906
        ],
        [
          79,
          0.14951789379119873
        ]
      ]
    },
    {
      "chain_idx": 2,
      "cb_pos": 9,
      "ev_pos": 0,
      "n_callback_tok": 2,
      "ce_writer": 3.700880765914917,
      "ce_floor": 3.591780662536621,
      "ce_ttt": 3.7335703372955322,
      "ev_loss_trace": [
        [
          0,
          0.6876093745231628
        ],
        [
          9,
          0.34332531690597534
        ],
        [
          24,
          0.26989731192588806
        ],
        [
          49,
          0.2078852355480194
        ],
        [
          79,
          0.1695353239774704
        ]
      ]
    },
    {
      "chain_idx": 3,
      "cb_pos": 9,
      "ev_pos": 7,
      "n_callback_tok": 1,
      "ce_writer": 4.854423999786377,
      "ce_floor": 4.065972328186035,
      "ce_ttt": 6.030627250671387,
      "ev_loss_trace": [
        [
          0,
          0.8008057475090027
        ],
        [
          9,
          0.4370781183242798
        ],
        [
          24,
          0.2716675102710724
        ],
        [
          49,
          0.20300352573394775
        ],
        [
          79,
          0.16638104617595673
        ]
      ]
    },
    {
      "chain_idx": 4,
      "cb_pos": 9,
      "ev_pos": 1,
      "n_callback_tok": 1,
      "ce_writer": 3.9635207653045654,
      "ce_floor": 3.909372568130493,
      "ce_ttt": 6.933262825012207,
      "ev_loss_trace": [
        [
          0,
          0.6123602390289307
        ],
        [
          9,
          0.3060983419418335
        ],
        [
          24,
          0.2201547920703888
        ],
        [
          49,
          0.17158609628677368
        ],
        [
          79,
          0.14144769310951233
        ]
      ]
    },
    {
      "chain_idx": 5,
      "cb_pos": 9,
      "ev_pos": 3,
      "n_callback_tok": 1,
      "ce_writer": 6.074891567230225,
      "ce_floor": 6.4085893630981445,
      "ce_ttt": 6.288975715637207,
      "ev_loss_trace": [
        [
          0,
          0.6578383445739746
        ],
        [
          9,
          0.41346409916877747
        ],
        [
          24,
          0.32812219858169556
        ],
        [
          49,
          0.2374446541070938
        ],
        [
          79,
          0.17838118970394135
        ]
      ]
    },
    {
      "chain_idx": 6,
      "cb_pos": 9,
      "ev_pos": 0,
      "n_callback_tok": 1,
      "ce_writer": 3.745671510696411,
      "ce_floor": 4.199429988861084,
      "ce_ttt": 4.595685958862305,
      "ev_loss_trace": [
        [
          0,
          0.6317756175994873
        ],
        [
          9,
          0.2585071325302124
        ],
        [
          24,
          0.19624917209148407
        ],
        [
          49,
          0.15363392233848572
        ],
        [
          79,
          0.12813816964626312
        ]
      ]
    },
    {
      "chain_idx": 7,
      "cb_pos": 9,
      "ev_pos": 5,
      "n_callback_tok": 1,
      "ce_writer": 5.844868183135986,
      "ce_floor": 6.072470664978027,
      "ce_ttt": 6.2212605476379395,
      "ev_loss_trace": [
        [
          0,
          0.7547610402107239
        ],
        [
          9,
          0.2684056758880615
        ],
        [
          24,
          0.2010573148727417
        ],
        [
          49,
          0.1431097537279129
        ],
        [
          79,
          0.12525948882102966
        ]
      ]
    },
    {
      "chain_idx": 8,
      "cb_pos": 9,
      "ev_pos": 4,
      "n_callback_tok": 1,
      "ce_writer": 7.4982829093933105,
      "ce_floor": 7.280608177185059,
      "ce_ttt": 7.595408916473389,
      "ev_loss_trace": [
        [
          0,
          0.6298800110816956
        ],
        [
          9,
          0.28207534551620483
        ],
        [
          24,
          0.20012947916984558
        ],
        [
          49,
          0.145400270819664
        ],
        [
          79,
          0.12126737833023071
        ]
      ]
    },
    {
      "chain_idx": 9,
      "cb_pos": 9,
      "ev_pos": 3,
      "n_callback_tok": 2,
      "ce_writer": 2.770421028137207,
      "ce_floor": 2.7509000301361084,
      "ce_ttt": 3.8592605590820312,
      "ev_loss_trace": [
        [
          0,
          0.6041463017463684
        ],
        [
          9,
          0.3418942093849182
        ],
        [
          24,
          0.24193629622459412
        ],
        [
          49,
          0.17181649804115295
        ],
        [
          79,
          0.14451828598976135
        ]
      ]
    },
    {
      "chain_idx": 10,
      "cb_pos": 9,
      "ev_pos": 1,
      "n_callback_tok": 2,
      "ce_writer": 4.269419193267822,
      "ce_floor": 4.219859600067139,
      "ce_ttt": 4.596883773803711,
      "ev_loss_trace": [
        [
          0,
          0.6117174029350281
        ],
        [
          9,
          0.2988550662994385
        ],
        [
          24,
          0.22627222537994385
        ],
        [
          49,
          0.15383780002593994
        ],
        [
          79,
          0.1177348643541336
        ]
      ]
    },
    {
      "chain_idx": 11,
      "cb_pos": 9,
      "ev_pos": 2,
      "n_callback_tok": 2,
      "ce_writer": 3.13266921043396,
      "ce_floor": 3.130091905593872,
      "ce_ttt": 4.451676845550537,
      "ev_loss_trace": [
        [
          0,
          0.6231209635734558
        ],
        [
          9,
          0.3339599370956421
        ],
        [
          24,
          0.2296704798936844
        ],
        [
          49,
          0.17544326186180115
        ],
        [
          79,
          0.13530884683132172
        ]
      ]
    },
    {
      "chain_idx": 12,
      "cb_pos": 9,
      "ev_pos": 1,
      "n_callback_tok": 1,
      "ce_writer": 2.5232434272766113,
      "ce_floor": 2.454543113708496,
      "ce_ttt": 3.5875604152679443,