{
  "ckpt": "Runs/chain_v15a_d4v2_norm_replicate_local/best",
  "eval_corpus": "paper_artifacts/chains/synthd4v2_persona_callback_val_s512.pt",
  "init_mode": "writer",
  "readout_unfreeze": "qkv_reset",
  "ttt_steps": 80,
  "ttt_lr_mc": 0.01,
  "ttt_lr_readout": 0.001,
  "n_chains_scored": 16,
  "ce_writer_mean": 4.083694562315941,
  "ce_floor_mean": 4.027712270617485,
  "ce_ttt_mean": 5.046151176095009,
  "ttt_lift_vs_floor": -1.0184389054775238,
  "ttt_lift_vs_writer": -0.962456613779068,
  "verdict": "NEGATIVE: read-side architecture itself cannot represent chain-specific recall. Multi-layer readout depth becomes load-bearing on top of probe loss.",
  "per_chain": [
    {
      "chain_idx": 0,
      "cb_pos": 9,
      "ev_pos": 5,
      "n_callback_tok": 2,
      "ce_writer": 2.211336851119995,
      "ce_floor": 2.0211009979248047,
      "ce_ttt": 3.049187660217285,
      "ev_loss_trace": [
        [
          0,
          0.5695189237594604
        ],
        [
          9,
          0.24174994230270386
        ],
        [
          24,
          0.18260687589645386
        ],
        [
          49,
          0.1447477489709854
        ],
        [
          79,
          0.12379953265190125
        ]
      ]
    },
    {
      "chain_idx": 1,
      "cb_pos": 9,
      "ev_pos": 2,
      "n_callback_tok": 1,
      "ce_writer": 3.9466302394866943,
      "ce_floor": 3.790142774581909,
      "ce_ttt": 5.1431074142456055,
      "ev_loss_trace": [
        [
          0,
          0.4871114194393158
        ],
        [
          9,
          0.19843554496765137
        ],
        [
          24,
          0.159367635846138
        ],
        [
          49,
          0.1250906139612198
        ],
        [
          79,
          0.10744424164295197
        ]
      ]
    },
    {
      "chain_idx": 2,
      "cb_pos": 9,
      "ev_pos": 0,
      "n_callback_tok": 2,
      "ce_writer": 3.700880765914917,
      "ce_floor": 3.591780662536621,
      "ce_ttt": 3.9987518787384033,
      "ev_loss_trace": [
        [
          0,
          0.4983023703098297
        ],
        [
          9,
          0.2840360701084137
        ],
        [
          24,
          0.202892005443573
        ],
        [
          49,
          0.16146105527877808
        ],
        [
          79,
          0.13908055424690247
        ]
      ]
    },
    {
      "chain_idx": 3,
      "cb_pos": 9,
      "ev_pos": 7,
      "n_callback_tok": 1,
      "ce_writer": 4.854423999786377,
      "ce_floor": 4.065972328186035,
      "ce_ttt": 6.163896083831787,
      "ev_loss_trace": [
        [
          0,
          0.5291031002998352
        ],
        [
          9,
          0.19633391499519348
        ],
        [
          24,
          0.15470850467681885
        ],
        [
          49,
          0.13469533622264862
        ],
        [
          79,
          0.11570388078689575
        ]
      ]
    },
    {
      "chain_idx": 4,
      "cb_pos": 9,
      "ev_pos": 1,
      "n_callback_tok": 1,
      "ce_writer": 3.9635207653045654,
      "ce_floor": 3.909372568130493,
      "ce_ttt": 4.913578987121582,
      "ev_loss_trace": [
        [
          0,
          0.49142688512802124
        ],
        [
          9,
          0.21320722997188568
        ],
        [
          24,
          0.1576666533946991
        ],
        [
          49,
          0.1291351318359375
        ],
        [
          79,
          0.10327908396720886
        ]
      ]
    },
    {
      "chain_idx": 5,
      "cb_pos": 9,
      "ev_pos": 3,
      "n_callback_tok": 1,
      "ce_writer": 6.074891567230225,
      "ce_floor": 6.4085893630981445,
      "ce_ttt": 6.880553245544434,
      "ev_loss_trace": [
        [
          0,
          0.4908566474914551
        ],
        [
          9,
          0.298544317483902
        ],
        [
          24,
          0.24605727195739746
        ],
        [
          49,
          0.20639625191688538
        ],
        [
          79,
          0.1775805652141571
        ]
      ]
    },
    {
      "chain_idx": 6,
      "cb_pos": 9,
      "ev_pos": 0,
      "n_callback_tok": 1,
      "ce_writer": 3.745671510696411,
      "ce_floor": 4.199429988861084,
      "ce_ttt": 5.1430535316467285,
      "ev_loss_trace": [
        [
          0,
          0.45822155475616455
        ],
        [
          9,
          0.20323005318641663
        ],
        [
          24,
          0.15260471403598785
        ],
        [
          49,
          0.11434546858072281
        ],
        [
          79,
          0.10159387439489365
        ]
      ]
    },
    {
      "chain_idx": 7,
      "cb_pos": 9,
      "ev_pos": 5,
      "n_callback_tok": 1,
      "ce_writer": 5.844868183135986,
      "ce_floor": 6.072470664978027,
      "ce_ttt": 7.579254627227783,
      "ev_loss_trace": [
        [
          0,
          0.5234797596931458
        ],
        [
          9,
          0.24402450025081635
        ],
        [
          24,
          0.1744278222322464
        ],
        [
          49,
          0.14156149327754974
        ],
        [
          79,
          0.12384546548128128
        ]
      ]
    },
    {
      "chain_idx": 8,
      "cb_pos": 9,
      "ev_pos": 4,
      "n_callback_tok": 1,
      "ce_writer": 7.4982829093933105,
      "ce_floor": 7.280608177185059,
      "ce_ttt": 7.3859100341796875,
      "ev_loss_trace": [
        [
          0,
          0.4720750153064728
        ],
        [
          9,
          0.21168339252471924
        ],
        [
          24,
          0.17101594805717468
        ],
        [
          49,
          0.1383504718542099
        ],
        [
          79,
          0.12489711493253708
        ]
      ]
    },
    {
      "chain_idx": 9,
      "cb_pos": 9,
      "ev_pos": 3,
      "n_callback_tok": 2,
      "ce_writer": 2.770421028137207,
      "ce_floor": 2.7509000301361084,
      "ce_ttt": 3.7703490257263184,
      "ev_loss_trace": [
        [
          0,
          0.47482815384864807
        ],
        [
          9,
          0.24212206900119781
        ],
        [
          24,
          0.1791357696056366
        ],
        [
          49,
          0.15010462701320648
        ],
        [
          79,
          0.12414823472499847
        ]
      ]
    },
    {
      "chain_idx": 10,
      "cb_pos": 9,
      "ev_pos": 1,
      "n_callback_tok": 2,
      "ce_writer": 4.269419193267822,
      "ce_floor": 4.219859600067139,
      "ce_ttt": 4.792585849761963,
      "ev_loss_trace": [
        [
          0,
          0.46151959896087646
        ],
        [
          9,
          0.22464574873447418
        ],
        [
          24,
          0.19562941789627075
        ],
        [
          49,
          0.16953124105930328
        ],
        [
          79,
          0.13607265055179596
        ]
      ]
    },
    {
      "chain_idx": 11,
      "cb_pos": 9,
      "ev_pos": 2,
      "n_callback_tok": 2,
      "ce_writer": 3.13266921043396,
      "ce_floor": 3.130091905593872,
      "ce_ttt": 4.961623191833496,
      "ev_loss_trace": [
        [
          0,
          0.45420417189598083
        ],
        [
          9,
          0.26963379979133606
        ],
        [
          24,
          0.22201383113861084
        ],
        [
          49,
          0.17985378205776215
        ],
        [
          79,
          0.16784751415252686
        ]
      ]
    },
    {
      "chain_idx": 12,
      "cb_pos": 9,
      "ev_pos": 1,
      "n_callback_tok": 1,
      "ce_writer": 2.5232434272766113,
      "ce_floor": 2.454543113708496,
      "ce_ttt": 3.7382540702819824,