{
  "ckpt": "Runs/chain_v15a_d4v2_norm_replicate_local/best",
  "eval_corpus": "paper_artifacts/chains/synthd4v2_persona_callback_val_s512.pt",
  "init_mode": "iid",
  "readout_unfreeze": "qkv",
  "ttt_steps": 80,
  "ttt_lr_mc": 0.01,
  "ttt_lr_readout": 0.001,
  "n_chains_scored": 16,
  "ce_writer_mean": 4.083694562315941,
  "ce_floor_mean": 4.027712270617485,
  "ce_ttt_mean": 5.288505643606186,
  "ttt_lift_vs_floor": -1.2607933729887009,
  "ttt_lift_vs_writer": -1.204811081290245,
  "verdict": "NEGATIVE: read-side architecture itself cannot represent chain-specific recall. Multi-layer readout depth becomes load-bearing on top of probe loss.",
  "per_chain": [
    {
      "chain_idx": 0,
      "cb_pos": 9,
      "ev_pos": 5,
      "n_callback_tok": 2,
      "ce_writer": 2.211336851119995,
      "ce_floor": 2.0211009979248047,
      "ce_ttt": 3.4867148399353027,
      "ev_loss_trace": [
        [
          0,
          0.5585970878601074
        ],
        [
          9,
          0.2975996732711792
        ],
        [
          24,
          0.22244854271411896
        ],
        [
          49,
          0.18329893052577972
        ],
        [
          79,
          0.1616247147321701
        ]
      ]
    },
    {
      "chain_idx": 1,
      "cb_pos": 9,
      "ev_pos": 2,
      "n_callback_tok": 1,
      "ce_writer": 3.9466302394866943,
      "ce_floor": 3.790142774581909,
      "ce_ttt": 5.188239097595215,
      "ev_loss_trace": [
        [
          0,
          0.4978869557380676
        ],
        [
          9,
          0.24780502915382385
        ],
        [
          24,
          0.1969631314277649
        ],
        [
          49,
          0.1603570133447647
        ],
        [
          79,
          0.151687353849411
        ]
      ]
    },
    {
      "chain_idx": 2,
      "cb_pos": 9,
      "ev_pos": 0,
      "n_callback_tok": 2,
      "ce_writer": 3.700880765914917,
      "ce_floor": 3.591780662536621,
      "ce_ttt": 5.700499534606934,
      "ev_loss_trace": [
        [
          0,
          0.5222922563552856
        ],
        [
          9,
          0.2524183690547943
        ],
        [
          24,
          0.19206756353378296
        ],
        [
          49,
          0.17227604985237122
        ],
        [
          79,
          0.15123502910137177
        ]
      ]
    },
    {
      "chain_idx": 3,
      "cb_pos": 9,
      "ev_pos": 7,
      "n_callback_tok": 1,
      "ce_writer": 4.854423999786377,
      "ce_floor": 4.065972328186035,
      "ce_ttt": 5.957280158996582,
      "ev_loss_trace": [
        [
          0,
          0.5799621343612671
        ],
        [
          9,
          0.37293604016304016
        ],
        [
          24,
          0.2684462368488312
        ],
        [
          49,
          0.2036176174879074
        ],
        [
          79,
          0.17288222908973694
        ]
      ]
    },
    {
      "chain_idx": 4,
      "cb_pos": 9,
      "ev_pos": 1,
      "n_callback_tok": 1,
      "ce_writer": 3.9635207653045654,
      "ce_floor": 3.909372568130493,
      "ce_ttt": 5.108395099639893,
      "ev_loss_trace": [
        [
          0,
          0.4971403181552887
        ],
        [
          9,
          0.31291666626930237
        ],
        [
          24,
          0.22204405069351196
        ],
        [
          49,
          0.2191690355539322
        ],
        [
          79,
          0.17423363029956818
        ]
      ]
    },
    {
      "chain_idx": 5,
      "cb_pos": 9,
      "ev_pos": 3,
      "n_callback_tok": 1,
      "ce_writer": 6.074891567230225,
      "ce_floor": 6.4085893630981445,
      "ce_ttt": 6.567730903625488,
      "ev_loss_trace": [
        [
          0,
          0.5046196579933167
        ],
        [
          9,
          0.3614702820777893
        ],
        [
          24,
          0.24684053659439087
        ],
        [
          49,
          0.1915675848722458
        ],
        [
          79,
          0.16756568849086761
        ]
      ]
    },
    {
      "chain_idx": 6,
      "cb_pos": 9,
      "ev_pos": 0,
      "n_callback_tok": 1,
      "ce_writer": 3.745671510696411,
      "ce_floor": 4.199429988861084,
      "ce_ttt": 6.340741157531738,
      "ev_loss_trace": [
        [
          0,
          0.46025243401527405
        ],
        [
          9,
          0.28136053681373596
        ],
        [
          24,
          0.194069966673851
        ],
        [
          49,
          0.14535902440547943
        ],
        [
          79,
          0.12223970890045166
        ]
      ]
    },
    {
      "chain_idx": 7,
      "cb_pos": 9,
      "ev_pos": 5,
      "n_callback_tok": 1,
      "ce_writer": 5.844868183135986,
      "ce_floor": 6.072470664978027,
      "ce_ttt": 7.284418106079102,
      "ev_loss_trace": [
        [
          0,
          0.5246145725250244
        ],
        [
          9,
          0.22385412454605103
        ],
        [
          24,
          0.18561281263828278
        ],
        [
          49,
          0.16168266534805298
        ],
        [
          79,
          0.15109604597091675
        ]
      ]
    },
    {
      "chain_idx": 8,
      "cb_pos": 9,
      "ev_pos": 4,
      "n_callback_tok": 1,
      "ce_writer": 7.4982829093933105,
      "ce_floor": 7.280608177185059,
      "ce_ttt": 7.491922855377197,
      "ev_loss_trace": [
        [
          0,
          0.5235083103179932
        ],
        [
          9,
          0.33643606305122375
        ],
        [
          24,
          0.25081801414489746
        ],
        [
          49,
          0.19180908799171448
        ],
        [
          79,
          0.17901605367660522
        ]
      ]
    },
    {
      "chain_idx": 9,
      "cb_pos": 9,
      "ev_pos": 3,
      "n_callback_tok": 2,
      "ce_writer": 2.770421028137207,
      "ce_floor": 2.7509000301361084,
      "ce_ttt": 4.251518726348877,
      "ev_loss_trace": [
        [
          0,
          0.49596264958381653
        ],
        [
          9,
          0.3579358160495758
        ],
        [
          24,
          0.25216028094291687
        ],
        [
          49,
          0.1821477711200714
        ],
        [
          79,
          0.17394918203353882
        ]
      ]
    },
    {
      "chain_idx": 10,
      "cb_pos": 9,
      "ev_pos": 1,
      "n_callback_tok": 2,
      "ce_writer": 4.269419193267822,
      "ce_floor": 4.219859600067139,
      "ce_ttt": 4.555487155914307,
      "ev_loss_trace": [
        [
          0,
          0.455407053232193
        ],
        [
          9,
          0.25440511107444763
        ],
        [
          24,
          0.2044643759727478
        ],
        [
          49,
          0.18186917901039124
        ],
        [
          79,
          0.18157176673412323
        ]
      ]
    },
    {
      "chain_idx": 11,
      "cb_pos": 9,
      "ev_pos": 2,
      "n_callback_tok": 2,
      "ce_writer": 3.13266921043396,
      "ce_floor": 3.130091905593872,
      "ce_ttt": 4.728816032409668,
      "ev_loss_trace": [
        [
          0,
          0.44954782724380493
        ],
        [
          9,
          0.2951619625091553
        ],
        [
          24,
          0.21011333167552948
        ],
        [
          49,
          0.17936305701732635
        ],
        [
          79,
          0.14599278569221497
        ]
      ]
    },
    {
      "chain_idx": 12,
      "cb_pos": 9,
      "ev_pos": 1,
      "n_callback_tok": 1,
      "ce_writer": 2.5232434272766113,
      "ce_floor": 2.454543113708496,
      "ce_ttt": 4.2335205078125,