{
  "ckpt": "Runs/chain_v15a_d4v2_norm_replicate_local/best",
  "eval_corpus": "paper_artifacts/chains/synthd4v2_persona_callback_val_s512.pt",
  "init_mode": "iid",
  "readout_unfreeze": "qkv_reset",
  "ttt_steps": 80,
  "ttt_lr_mc": 0.01,
  "ttt_lr_readout": 0.001,
  "n_chains_scored": 16,
  "ce_writer_mean": 4.083694562315941,
  "ce_floor_mean": 4.027712270617485,
  "ce_ttt_mean": 5.064470484852791,
  "ttt_lift_vs_floor": -1.0367582142353058,
  "ttt_lift_vs_writer": -0.98077592253685,
  "verdict": "NEGATIVE: read-side architecture itself cannot represent chain-specific recall. Multi-layer readout depth becomes load-bearing on top of probe loss.",
  "per_chain": [
    {
      "chain_idx": 0,
      "cb_pos": 9,
      "ev_pos": 5,
      "n_callback_tok": 2,
      "ce_writer": 2.211336851119995,
      "ce_floor": 2.0211009979248047,
      "ce_ttt": 2.827306032180786,
      "ev_loss_trace": [
        [
          0,
          0.5891710519790649
        ],
        [
          9,
          0.23927012085914612
        ],
        [
          24,
          0.20157845318317413
        ],
        [
          49,
          0.17147429287433624
        ],
        [
          79,
          0.15908384323120117
        ]
      ]
    },
    {
      "chain_idx": 1,
      "cb_pos": 9,
      "ev_pos": 2,
      "n_callback_tok": 1,
      "ce_writer": 3.9466302394866943,
      "ce_floor": 3.790142774581909,
      "ce_ttt": 6.442905426025391,
      "ev_loss_trace": [
        [
          0,
          0.46608689427375793
        ],
        [
          9,
          0.2515559196472168
        ],
        [
          24,
          0.19629357755184174
        ],
        [
          49,
          0.18062596023082733
        ],
        [
          79,
          0.14534255862236023
        ]
      ]
    },
    {
      "chain_idx": 2,
      "cb_pos": 9,
      "ev_pos": 0,
      "n_callback_tok": 2,
      "ce_writer": 3.700880765914917,
      "ce_floor": 3.591780662536621,
      "ce_ttt": 3.9471235275268555,
      "ev_loss_trace": [
        [
          0,
          0.5701199173927307
        ],
        [
          9,
          0.2969458997249603
        ],
        [
          24,
          0.22999317944049835
        ],
        [
          49,
          0.1811126172542572
        ],
        [
          79,
          0.1796654462814331
        ]
      ]
    },
    {
      "chain_idx": 3,
      "cb_pos": 9,
      "ev_pos": 7,
      "n_callback_tok": 1,
      "ce_writer": 4.854423999786377,
      "ce_floor": 4.065972328186035,
      "ce_ttt": 6.078681945800781,
      "ev_loss_trace": [
        [
          0,
          0.5727203488349915
        ],
        [
          9,
          0.2759658098220825
        ],
        [
          24,
          0.1996493637561798
        ],
        [
          49,
          0.16863101720809937
        ],
        [
          79,
          0.16625438630580902
        ]
      ]
    },
    {
      "chain_idx": 4,
      "cb_pos": 9,
      "ev_pos": 1,
      "n_callback_tok": 1,
      "ce_writer": 3.9635207653045654,
      "ce_floor": 3.909372568130493,
      "ce_ttt": 5.270013809204102,
      "ev_loss_trace": [
        [
          0,
          0.5005247592926025
        ],
        [
          9,
          0.28104960918426514
        ],
        [
          24,
          0.2061186283826828
        ],
        [
          49,
          0.15267229080200195
        ],
        [
          79,
          0.16174542903900146
        ]
      ]
    },
    {
      "chain_idx": 5,
      "cb_pos": 9,
      "ev_pos": 3,
      "n_callback_tok": 1,
      "ce_writer": 6.074891567230225,
      "ce_floor": 6.4085893630981445,
      "ce_ttt": 6.576694488525391,
      "ev_loss_trace": [
        [
          0,
          0.5202587842941284
        ],
        [
          9,
          0.3639208972454071
        ],
        [
          24,
          0.27504995465278625
        ],
        [
          49,
          0.21138866245746613
        ],
        [
          79,
          0.18110764026641846
        ]
      ]
    },
    {
      "chain_idx": 6,
      "cb_pos": 9,
      "ev_pos": 0,
      "n_callback_tok": 1,
      "ce_writer": 3.745671510696411,
      "ce_floor": 4.199429988861084,
      "ce_ttt": 4.884514331817627,
      "ev_loss_trace": [
        [
          0,
          0.45980849862098694
        ],
        [
          9,
          0.22458675503730774
        ],
        [
          24,
          0.20359936356544495
        ],
        [
          49,
          0.16646216809749603
        ],
        [
          79,
          0.1492304503917694
        ]
      ]
    },
    {
      "chain_idx": 7,
      "cb_pos": 9,
      "ev_pos": 5,
      "n_callback_tok": 1,
      "ce_writer": 5.844868183135986,
      "ce_floor": 6.072470664978027,
      "ce_ttt": 6.970412254333496,
      "ev_loss_trace": [
        [
          0,
          0.5149895548820496
        ],
        [
          9,
          0.3438863456249237
        ],
        [
          24,
          0.22993335127830505
        ],
        [
          49,
          0.18662969768047333
        ],
        [
          79,
          0.19085052609443665
        ]
      ]
    },
    {
      "chain_idx": 8,
      "cb_pos": 9,
      "ev_pos": 4,
      "n_callback_tok": 1,
      "ce_writer": 7.4982829093933105,
      "ce_floor": 7.280608177185059,
      "ce_ttt": 7.485983848571777,
      "ev_loss_trace": [
        [
          0,
          0.5380569100379944
        ],
        [
          9,
          0.28325480222702026
        ],
        [
          24,
          0.22573377192020416
        ],
        [
          49,
          0.19347506761550903
        ],
        [
          79,
          0.17871128022670746
        ]
      ]
    },
    {
      "chain_idx": 9,
      "cb_pos": 9,
      "ev_pos": 3,
      "n_callback_tok": 2,
      "ce_writer": 2.770421028137207,
      "ce_floor": 2.7509000301361084,
      "ce_ttt": 3.5121686458587646,
      "ev_loss_trace": [
        [
          0,
          0.4774776101112366
        ],
        [
          9,
          0.38430678844451904
        ],
        [
          24,
          0.3280588984489441
        ],
        [
          49,
          0.2488066554069519
        ],
        [
          79,
          0.1928514689207077
        ]
      ]
    },
    {
      "chain_idx": 10,
      "cb_pos": 9,
      "ev_pos": 1,
      "n_callback_tok": 2,
      "ce_writer": 4.269419193267822,
      "ce_floor": 4.219859600067139,
      "ce_ttt": 4.496062278747559,
      "ev_loss_trace": [
        [
          0,
          0.4469894766807556
        ],
        [
          9,
          0.21840731799602509
        ],
        [
          24,
          0.18851013481616974
        ],
        [
          49,
          0.1553032100200653
        ],
        [
          79,
          0.14372336864471436
        ]
      ]
    },
    {
      "chain_idx": 11,
      "cb_pos": 9,
      "ev_pos": 2,
      "n_callback_tok": 2,
      "ce_writer": 3.13266921043396,
      "ce_floor": 3.130091905593872,
      "ce_ttt": 5.040836811065674,
      "ev_loss_trace": [
        [
          0,
          0.4976944923400879
        ],
        [
          9,
          0.3294735848903656
        ],
        [
          24,
          0.22153936326503754
        ],
        [
          49,
          0.18074819445610046
        ],
        [
          79,
          0.15839001536369324
        ]
      ]
    },
    {
      "chain_idx": 12,
      "cb_pos": 9,
      "ev_pos": 1,
      "n_callback_tok": 1,
      "ce_writer": 2.5232434272766113,
      "ce_floor": 2.454543113708496,
      "ce_ttt": 4.103198051452637,