{
  "ckpt": "Runs/chain_v17a_f2_codes_0p6b_frozen_local/best",
  "eval_corpus": "paper_artifacts/chains/synthd5_random_codes_val_s512.pt",
  "init_mode": "writer",
  "readout_unfreeze": "qkv_reset",
  "ttt_steps": 80,
  "ttt_lr_mc": 0.01,
  "ttt_lr_readout": 0.001,
  "n_chains_scored": 16,
  "ce_writer_mean": 6.418654590845108,
  "ce_floor_mean": 6.418785035610199,
  "ce_ttt_mean": 6.829337924718857,
  "ttt_lift_vs_floor": -0.41055288910865784,
  "ttt_lift_vs_writer": -0.4106833338737488,
  "verdict": "NEGATIVE: read-side architecture itself cannot represent chain-specific recall. Multi-layer readout depth becomes load-bearing on top of probe loss.",
  "per_chain": [
    {
      "chain_idx": 0,
      "cb_pos": 9,
      "ev_pos": 7,
      "n_callback_tok": 4,
      "ce_writer": 6.277863025665283,
      "ce_floor": 6.242581367492676,
      "ce_ttt": 6.7893290519714355,
      "ev_loss_trace": [
        [
          0,
          1.2629262208938599
        ],
        [
          9,
          0.35882166028022766
        ],
        [
          24,
          0.2762081027030945
        ],
        [
          49,
          0.24402378499507904
        ],
        [
          79,
          0.22751131653785706
        ]
      ]
    },
    {
      "chain_idx": 1,
      "cb_pos": 9,
      "ev_pos": 4,
      "n_callback_tok": 4,
      "ce_writer": 6.284887313842773,
      "ce_floor": 6.321580410003662,
      "ce_ttt": 6.263977527618408,
      "ev_loss_trace": [
        [
          0,
          1.4197819232940674
        ],
        [
          9,
          0.3534216284751892
        ],
        [
          24,
          0.2771822512149811
        ],
        [
          49,
          0.22618010640144348
        ],
        [
          79,
          0.20670929551124573
        ]
      ]
    },
    {
      "chain_idx": 2,
      "cb_pos": 9,
      "ev_pos": 4,
      "n_callback_tok": 4,
      "ce_writer": 6.857517719268799,
      "ce_floor": 6.847212314605713,
      "ce_ttt": 7.111239910125732,
      "ev_loss_trace": [
        [
          0,
          1.188045620918274
        ],
        [
          9,
          0.3395250141620636
        ],
        [
          24,
          0.2965618371963501
        ],
        [
          49,
          0.2680611312389374
        ],
        [
          79,
          0.242762491106987
        ]
      ]
    },
    {
      "chain_idx": 3,
      "cb_pos": 9,
      "ev_pos": 5,
      "n_callback_tok": 3,
      "ce_writer": 7.336455821990967,
      "ce_floor": 7.28244161605835,
      "ce_ttt": 7.505424499511719,
      "ev_loss_trace": [
        [
          0,
          1.0162506103515625
        ],
        [
          9,
          0.3114159405231476
        ],
        [
          24,
          0.2570570111274719
        ],
        [
          49,
          0.2330368161201477
        ],
        [
          79,
          0.22273343801498413
        ]
      ]
    },
    {
      "chain_idx": 4,
      "cb_pos": 9,
      "ev_pos": 0,
      "n_callback_tok": 5,
      "ce_writer": 4.508488178253174,
      "ce_floor": 4.537812232971191,
      "ce_ttt": 4.510929584503174,
      "ev_loss_trace": [
        [
          0,
          1.298254132270813
        ],
        [
          9,
          0.3239145874977112
        ],
        [
          24,
          0.25390034914016724
        ],
        [
          49,
          0.23689915239810944
        ],
        [
          79,
          0.21788257360458374
        ]
      ]
    },
    {
      "chain_idx": 5,
      "cb_pos": 9,
      "ev_pos": 3,
      "n_callback_tok": 3,
      "ce_writer": 9.40334415435791,
      "ce_floor": 9.416389465332031,
      "ce_ttt": 9.63000774383545,
      "ev_loss_trace": [
        [
          0,
          1.113168716430664
        ],
        [
          9,
          0.31713902950286865
        ],
        [
          24,
          0.25578638911247253
        ],
        [
          49,
          0.23483917117118835
        ],
        [
          79,
          0.23264507949352264
        ]
      ]
    },
    {
      "chain_idx": 6,
      "cb_pos": 9,
      "ev_pos": 0,
      "n_callback_tok": 4,
      "ce_writer": 5.52565336227417,
      "ce_floor": 5.5319390296936035,
      "ce_ttt": 5.602338790893555,
      "ev_loss_trace": [
        [
          0,
          1.0533478260040283
        ],
        [
          9,
          0.302953839302063
        ],
        [
          24,
          0.2718614637851715
        ],
        [
          49,
          0.23263858258724213
        ],
        [
          79,
          0.2085953801870346
        ]
      ]
    },
    {
      "chain_idx": 7,
      "cb_pos": 9,
      "ev_pos": 2,
      "n_callback_tok": 3,
      "ce_writer": 7.857358455657959,
      "ce_floor": 7.905511379241943,
      "ce_ttt": 8.689695358276367,
      "ev_loss_trace": [
        [
          0,
          1.1199841499328613
        ],
        [
          9,
          0.3346673548221588
        ],
        [
          24,
          0.28058022260665894
        ],
        [
          49,
          0.2478586584329605
        ],
        [
          79,
          0.22251345217227936
        ]
      ]
    },
    {
      "chain_idx": 8,
      "cb_pos": 9,
      "ev_pos": 5,
      "n_callback_tok": 5,
      "ce_writer": 4.861894130706787,
      "ce_floor": 4.858026027679443,
      "ce_ttt": 5.162147521972656,
      "ev_loss_trace": [
        [
          0,
          1.2279537916183472
        ],
        [
          9,
          0.34315022826194763
        ],
        [
          24,
          0.2670272886753082
        ],
        [
          49,
          0.24386964738368988
        ],
        [
          79,
          0.22436761856079102
        ]
      ]
    },
    {
      "chain_idx": 9,
      "cb_pos": 9,
      "ev_pos": 0,
      "n_callback_tok": 3,
      "ce_writer": 7.361077785491943,
      "ce_floor": 7.3406572341918945,
      "ce_ttt": 8.84732723236084,
      "ev_loss_trace": [
        [
          0,
          1.130000114440918
        ],
        [
          9,
          0.2914712429046631
        ],
        [
          24,
          0.2520740032196045
        ],
        [
          49,
          0.24198223650455475
        ],
        [
          79,
          0.22228434681892395
        ]
      ]
    },
    {
      "chain_idx": 10,
      "cb_pos": 9,
      "ev_pos": 0,
      "n_callback_tok": 6,
      "ce_writer": 4.637724876403809,
      "ce_floor": 4.602877616882324,
      "ce_ttt": 4.534970283508301,
      "ev_loss_trace": [
        [
          0,
          1.2265839576721191
        ],
        [
          9,
          0.31501245498657227
        ],
        [
          24,
          0.26510655879974365
        ],
        [
          49,
          0.24609726667404175
        ],
        [
          79,
          0.2291327565908432
        ]
      ]
    },
    {
      "chain_idx": 11,
      "cb_pos": 9,
      "ev_pos": 1,
      "n_callback_tok": 4,
      "ce_writer": 5.891256332397461,
      "ce_floor": 5.899847030639648,
      "ce_ttt": 6.583392143249512,
      "ev_loss_trace": [
        [
          0,
          1.4548180103302002
        ],
        [
          9,
          0.3742212951183319
        ],
        [
          24,
          0.25699272751808167
        ],
        [
          49,
          0.2137836068868637
        ],
        [
          79,
          0.17887042462825775
        ]
      ]
    },
    {
      "chain_idx": 12,
      "cb_pos": 9,
      "ev_pos": 5,
      "n_callback_tok": 3,
      "ce_writer": 6.663825035095215,
      "ce_floor": 6.678391456604004,
      "ce_ttt": 7.155215740203857,