{
  "ckpt": "Runs/chain_v17a_f2_codes_0p6b_frozen_local/best",
  "eval_corpus": "paper_artifacts/chains/synthd5_random_codes_val_s512.pt",
  "init_mode": "writer",
  "readout_unfreeze": "qkv",
  "ttt_steps": 80,
  "ttt_lr_mc": 0.01,
  "ttt_lr_readout": 0.001,
  "n_chains_scored": 16,
  "ce_writer_mean": 6.418654590845108,
  "ce_floor_mean": 6.418785035610199,
  "ce_ttt_mean": 6.756277441978455,
  "ttt_lift_vs_floor": -0.3374924063682556,
  "ttt_lift_vs_writer": -0.33762285113334656,
  "verdict": "NEGATIVE: read-side architecture itself cannot represent chain-specific recall. Multi-layer readout depth becomes load-bearing on top of probe loss.",
  "per_chain": [
    {
      "chain_idx": 0,
      "cb_pos": 9,
      "ev_pos": 7,
      "n_callback_tok": 4,
      "ce_writer": 6.277863025665283,
      "ce_floor": 6.242581367492676,
      "ce_ttt": 6.566264629364014,
      "ev_loss_trace": [
        [
          0,
          1.0613067150115967
        ],
        [
          9,
          0.36840927600860596
        ],
        [
          24,
          0.2851730287075043
        ],
        [
          49,
          0.2537275552749634
        ],
        [
          79,
          0.22787657380104065
        ]
      ]
    },
    {
      "chain_idx": 1,
      "cb_pos": 9,
      "ev_pos": 4,
      "n_callback_tok": 4,
      "ce_writer": 6.284887313842773,
      "ce_floor": 6.321580410003662,
      "ce_ttt": 6.349608898162842,
      "ev_loss_trace": [
        [
          0,
          1.2859821319580078
        ],
        [
          9,
          0.45565277338027954
        ],
        [
          24,
          0.318045049905777
        ],
        [
          49,
          0.25506776571273804
        ],
        [
          79,
          0.22097402811050415
        ]
      ]
    },
    {
      "chain_idx": 2,
      "cb_pos": 9,
      "ev_pos": 4,
      "n_callback_tok": 4,
      "ce_writer": 6.857517719268799,
      "ce_floor": 6.847212314605713,
      "ce_ttt": 7.12506103515625,
      "ev_loss_trace": [
        [
          0,
          1.1774344444274902
        ],
        [
          9,
          0.4237860143184662
        ],
        [
          24,
          0.31572920083999634
        ],
        [
          49,
          0.2815151512622833
        ],
        [
          79,
          0.24900506436824799
        ]
      ]
    },
    {
      "chain_idx": 3,
      "cb_pos": 9,
      "ev_pos": 5,
      "n_callback_tok": 3,
      "ce_writer": 7.336455821990967,
      "ce_floor": 7.28244161605835,
      "ce_ttt": 7.4557600021362305,
      "ev_loss_trace": [
        [
          0,
          1.0864969491958618
        ],
        [
          9,
          0.42618316411972046
        ],
        [
          24,
          0.3044334948062897
        ],
        [
          49,
          0.26507332921028137
        ],
        [
          79,
          0.23139746487140656
        ]
      ]
    },
    {
      "chain_idx": 4,
      "cb_pos": 9,
      "ev_pos": 0,
      "n_callback_tok": 5,
      "ce_writer": 4.508488178253174,
      "ce_floor": 4.537812232971191,
      "ce_ttt": 4.576710224151611,
      "ev_loss_trace": [
        [
          0,
          1.207112193107605
        ],
        [
          9,
          0.4190208613872528
        ],
        [
          24,
          0.31206098198890686
        ],
        [
          49,
          0.26213011145591736
        ],
        [
          79,
          0.23613251745700836
        ]
      ]
    },
    {
      "chain_idx": 5,
      "cb_pos": 9,
      "ev_pos": 3,
      "n_callback_tok": 3,
      "ce_writer": 9.40334415435791,
      "ce_floor": 9.416389465332031,
      "ce_ttt": 9.715559959411621,
      "ev_loss_trace": [
        [
          0,
          1.020136833190918
        ],
        [
          9,
          0.4062080383300781
        ],
        [
          24,
          0.3294707238674164
        ],
        [
          49,
          0.29091858863830566
        ],
        [
          79,
          0.2537328004837036
        ]
      ]
    },
    {
      "chain_idx": 6,
      "cb_pos": 9,
      "ev_pos": 0,
      "n_callback_tok": 4,
      "ce_writer": 5.52565336227417,
      "ce_floor": 5.5319390296936035,
      "ce_ttt": 5.512600421905518,
      "ev_loss_trace": [
        [
          0,
          1.1305783987045288
        ],
        [
          9,
          0.3615238666534424
        ],
        [
          24,
          0.28321143984794617
        ],
        [
          49,
          0.2350887507200241
        ],
        [
          79,
          0.20765987038612366
        ]
      ]
    },
    {
      "chain_idx": 7,
      "cb_pos": 9,
      "ev_pos": 2,
      "n_callback_tok": 3,
      "ce_writer": 7.857358455657959,
      "ce_floor": 7.905511379241943,
      "ce_ttt": 8.632816314697266,
      "ev_loss_trace": [
        [
          0,
          1.119510293006897
        ],
        [
          9,
          0.347873330116272
        ],
        [
          24,
          0.26448264718055725
        ],
        [
          49,
          0.24081966280937195
        ],
        [
          79,
          0.21517369151115417
        ]
      ]
    },
    {
      "chain_idx": 8,
      "cb_pos": 9,
      "ev_pos": 5,
      "n_callback_tok": 5,
      "ce_writer": 4.861894130706787,
      "ce_floor": 4.858026027679443,
      "ce_ttt": 5.01400899887085,
      "ev_loss_trace": [
        [
          0,
          1.1606590747833252
        ],
        [
          9,
          0.4215649962425232
        ],
        [
          24,
          0.3036041557788849
        ],
        [
          49,
          0.24583888053894043
        ],
        [
          79,
          0.22777122259140015
        ]
      ]
    },
    {
      "chain_idx": 9,
      "cb_pos": 9,
      "ev_pos": 0,
      "n_callback_tok": 3,
      "ce_writer": 7.361077785491943,
      "ce_floor": 7.3406572341918945,
      "ce_ttt": 8.410722732543945,
      "ev_loss_trace": [
        [
          0,
          1.1053361892700195
        ],
        [
          9,
          0.37950095534324646
        ],
        [
          24,
          0.2960944175720215
        ],
        [
          49,
          0.246743842959404
        ],
        [
          79,
          0.23163118958473206
        ]
      ]
    },
    {
      "chain_idx": 10,
      "cb_pos": 9,
      "ev_pos": 0,
      "n_callback_tok": 6,
      "ce_writer": 4.637724876403809,
      "ce_floor": 4.602877616882324,
      "ce_ttt": 4.686068534851074,
      "ev_loss_trace": [
        [
          0,
          1.1472179889678955
        ],
        [
          9,
          0.37583792209625244
        ],
        [
          24,
          0.28877443075180054
        ],
        [
          49,
          0.25067049264907837
        ],
        [
          79,
          0.21822048723697662
        ]
      ]
    },
    {
      "chain_idx": 11,
      "cb_pos": 9,
      "ev_pos": 1,
      "n_callback_tok": 4,
      "ce_writer": 5.891256332397461,
      "ce_floor": 5.899847030639648,
      "ce_ttt": 6.527194976806641,
      "ev_loss_trace": [
        [
          0,
          1.321675181388855
        ],
        [
          9,
          0.39812755584716797
        ],
        [
          24,
          0.287319540977478
        ],
        [
          49,
          0.22905248403549194
        ],
        [
          79,
          0.20954422652721405
        ]
      ]
    },
    {
      "chain_idx": 12,
      "cb_pos": 9,
      "ev_pos": 5,
      "n_callback_tok": 3,
      "ce_writer": 6.663825035095215,
      "ce_floor": 6.678391456604004,
      "ce_ttt": 6.9671735763549805,