{
  "ckpt": "Runs/chain_v17a_f2_codes_0p6b_frozen_local/best",
  "eval_corpus": "paper_artifacts/chains/synthd5_random_codes_val_s512.pt",
  "init_mode": "iid",
  "readout_unfreeze": "qkv_reset",
  "ttt_steps": 80,
  "ttt_lr_mc": 0.01,
  "ttt_lr_readout": 0.001,
  "n_chains_scored": 16,
  "ce_writer_mean": 6.418654590845108,
  "ce_floor_mean": 6.418785035610199,
  "ce_ttt_mean": 6.791317999362946,
  "ttt_lift_vs_floor": -0.3725329637527466,
  "ttt_lift_vs_writer": -0.3726634085178375,
  "verdict": "NEGATIVE: read-side architecture itself cannot represent chain-specific recall. Multi-layer readout depth becomes load-bearing on top of probe loss.",
  "per_chain": [
    {
      "chain_idx": 0,
      "cb_pos": 9,
      "ev_pos": 7,
      "n_callback_tok": 4,
      "ce_writer": 6.277863025665283,
      "ce_floor": 6.242581367492676,
      "ce_ttt": 6.597320556640625,
      "ev_loss_trace": [
        [
          0,
          1.2834687232971191
        ],
        [
          9,
          0.3139835596084595
        ],
        [
          24,
          0.2877379357814789
        ],
        [
          49,
          0.2725018560886383
        ],
        [
          79,
          0.2663397789001465
        ]
      ]
    },
    {
      "chain_idx": 1,
      "cb_pos": 9,
      "ev_pos": 4,
      "n_callback_tok": 4,
      "ce_writer": 6.284887313842773,
      "ce_floor": 6.321580410003662,
      "ce_ttt": 6.482475280761719,
      "ev_loss_trace": [
        [
          0,
          1.3004143238067627
        ],
        [
          9,
          0.3294868767261505
        ],
        [
          24,
          0.27561327815055847
        ],
        [
          49,
          0.2716875374317169
        ],
        [
          79,
          0.25646141171455383
        ]
      ]
    },
    {
      "chain_idx": 2,
      "cb_pos": 9,
      "ev_pos": 4,
      "n_callback_tok": 4,
      "ce_writer": 6.857517719268799,
      "ce_floor": 6.847212314605713,
      "ce_ttt": 7.480988502502441,
      "ev_loss_trace": [
        [
          0,
          1.2552316188812256
        ],
        [
          9,
          0.3038078844547272
        ],
        [
          24,
          0.26632437109947205
        ],
        [
          49,
          0.25500649213790894
        ],
        [
          79,
          0.2516134977340698
        ]
      ]
    },
    {
      "chain_idx": 3,
      "cb_pos": 9,
      "ev_pos": 5,
      "n_callback_tok": 3,
      "ce_writer": 7.336455821990967,
      "ce_floor": 7.28244161605835,
      "ce_ttt": 7.5331130027771,
      "ev_loss_trace": [
        [
          0,
          1.0682498216629028
        ],
        [
          9,
          0.30547547340393066
        ],
        [
          24,
          0.26392868161201477
        ],
        [
          49,
          0.25027215480804443
        ],
        [
          79,
          0.2515108287334442
        ]
      ]
    },
    {
      "chain_idx": 4,
      "cb_pos": 9,
      "ev_pos": 0,
      "n_callback_tok": 5,
      "ce_writer": 4.508488178253174,
      "ce_floor": 4.537812232971191,
      "ce_ttt": 4.48956823348999,
      "ev_loss_trace": [
        [
          0,
          1.1908401250839233
        ],
        [
          9,
          0.29657647013664246
        ],
        [
          24,
          0.26360514760017395
        ],
        [
          49,
          0.24918462336063385
        ],
        [
          79,
          0.24609136581420898
        ]
      ]
    },
    {
      "chain_idx": 5,
      "cb_pos": 9,
      "ev_pos": 3,
      "n_callback_tok": 3,
      "ce_writer": 9.40334415435791,
      "ce_floor": 9.416389465332031,
      "ce_ttt": 9.654951095581055,
      "ev_loss_trace": [
        [
          0,
          1.2130860090255737
        ],
        [
          9,
          0.30503103137016296
        ],
        [
          24,
          0.2758012115955353
        ],
        [
          49,
          0.25984060764312744
        ],
        [
          79,
          0.2553282082080841
        ]
      ]
    },
    {
      "chain_idx": 6,
      "cb_pos": 9,
      "ev_pos": 0,
      "n_callback_tok": 4,
      "ce_writer": 5.52565336227417,
      "ce_floor": 5.5319390296936035,
      "ce_ttt": 5.751275062561035,
      "ev_loss_trace": [
        [
          0,
          1.0510233640670776
        ],
        [
          9,
          0.2908613383769989
        ],
        [
          24,
          0.2676149606704712
        ],
        [
          49,
          0.2521553337574005
        ],
        [
          79,
          0.25094878673553467
        ]
      ]
    },
    {
      "chain_idx": 7,
      "cb_pos": 9,
      "ev_pos": 2,
      "n_callback_tok": 3,
      "ce_writer": 7.857358455657959,
      "ce_floor": 7.905511379241943,
      "ce_ttt": 8.345579147338867,
      "ev_loss_trace": [
        [
          0,
          1.1815725564956665
        ],
        [
          9,
          0.2986428141593933
        ],
        [
          24,
          0.26965704560279846
        ],
        [
          49,
          0.25131967663764954
        ],
        [
          79,
          0.2405690848827362
        ]
      ]
    },
    {
      "chain_idx": 8,
      "cb_pos": 9,
      "ev_pos": 5,
      "n_callback_tok": 5,
      "ce_writer": 4.861894130706787,
      "ce_floor": 4.858026027679443,
      "ce_ttt": 5.209718227386475,
      "ev_loss_trace": [
        [
          0,
          1.1912072896957397
        ],
        [
          9,
          0.28204113245010376
        ],
        [
          24,
          0.2547728419303894
        ],
        [
          49,
          0.24861156940460205
        ],
        [
          79,
          0.24167481064796448
        ]
      ]
    },
    {
      "chain_idx": 9,
      "cb_pos": 9,
      "ev_pos": 0,
      "n_callback_tok": 3,
      "ce_writer": 7.361077785491943,
      "ce_floor": 7.3406572341918945,
      "ce_ttt": 8.537879943847656,
      "ev_loss_trace": [
        [
          0,
          1.0790133476257324
        ],
        [
          9,
          0.28204983472824097
        ],
        [
          24,
          0.2599239945411682
        ],
        [
          49,
          0.25304290652275085
        ],
        [
          79,
          0.24977318942546844
        ]
      ]
    },
    {
      "chain_idx": 10,
      "cb_pos": 9,
      "ev_pos": 0,
      "n_callback_tok": 6,
      "ce_writer": 4.637724876403809,
      "ce_floor": 4.602877616882324,
      "ce_ttt": 4.478938102722168,
      "ev_loss_trace": [
        [
          0,
          1.118818759918213
        ],
        [
          9,
          0.2887248992919922
        ],
        [
          24,
          0.2601982057094574
        ],
        [
          49,
          0.25346454977989197
        ],
        [
          79,
          0.24408726394176483
        ]
      ]
    },
    {
      "chain_idx": 11,
      "cb_pos": 9,
      "ev_pos": 1,
      "n_callback_tok": 4,
      "ce_writer": 5.891256332397461,
      "ce_floor": 5.899847030639648,
      "ce_ttt": 6.339076995849609,
      "ev_loss_trace": [
        [
          0,
          1.3407096862792969
        ],
        [
          9,
          0.2921794354915619
        ],
        [
          24,
          0.26176735758781433
        ],
        [
          49,
          0.23955832421779633
        ],
        [
          79,
          0.23588015139102936
        ]
      ]
    },
    {
      "chain_idx": 12,
      "cb_pos": 9,
      "ev_pos": 5,
      "n_callback_tok": 3,
      "ce_writer": 6.663825035095215,
      "ce_floor": 6.678391456604004,
      "ce_ttt": 7.199230194091797,