{
  "ckpt": "Runs/chain_v17a_f2_codes_0p6b_frozen_local/best",
  "eval_corpus": "paper_artifacts/chains/synthd5_random_codes_val_s512.pt",
  "init_mode": "iid",
  "readout_unfreeze": "qkv",
  "ttt_steps": 80,
  "ttt_lr_mc": 0.01,
  "ttt_lr_readout": 0.001,
  "n_chains_scored": 16,
  "ce_writer_mean": 6.418654590845108,
  "ce_floor_mean": 6.418785035610199,
  "ce_ttt_mean": 6.811130732297897,
  "ttt_lift_vs_floor": -0.39234569668769836,
  "ttt_lift_vs_writer": -0.3924761414527893,
  "verdict": "NEGATIVE: read-side architecture itself cannot represent chain-specific recall. Multi-layer readout depth becomes load-bearing on top of probe loss.",
  "per_chain": [
    {
      "chain_idx": 0,
      "cb_pos": 9,
      "ev_pos": 7,
      "n_callback_tok": 4,
      "ce_writer": 6.277863025665283,
      "ce_floor": 6.242581367492676,
      "ce_ttt": 6.799744606018066,
      "ev_loss_trace": [
        [
          0,
          1.14235520362854
        ],
        [
          9,
          0.3270217478275299
        ],
        [
          24,
          0.27718308568000793
        ],
        [
          49,
          0.26919159293174744
        ],
        [
          79,
          0.2602331340312958
        ]
      ]
    },
    {
      "chain_idx": 1,
      "cb_pos": 9,
      "ev_pos": 4,
      "n_callback_tok": 4,
      "ce_writer": 6.284887313842773,
      "ce_floor": 6.321580410003662,
      "ce_ttt": 6.321087837219238,
      "ev_loss_trace": [
        [
          0,
          1.531510591506958
        ],
        [
          9,
          0.34077566862106323
        ],
        [
          24,
          0.30318596959114075
        ],
        [
          49,
          0.2729649245738983
        ],
        [
          79,
          0.25636932253837585
        ]
      ]
    },
    {
      "chain_idx": 2,
      "cb_pos": 9,
      "ev_pos": 4,
      "n_callback_tok": 4,
      "ce_writer": 6.857517719268799,
      "ce_floor": 6.847212314605713,
      "ce_ttt": 7.584604263305664,
      "ev_loss_trace": [
        [
          0,
          1.1754872798919678
        ],
        [
          9,
          0.2902883291244507
        ],
        [
          24,
          0.26490873098373413
        ],
        [
          49,
          0.24949133396148682
        ],
        [
          79,
          0.25758394598960876
        ]
      ]
    },
    {
      "chain_idx": 3,
      "cb_pos": 9,
      "ev_pos": 5,
      "n_callback_tok": 3,
      "ce_writer": 7.336455821990967,
      "ce_floor": 7.28244161605835,
      "ce_ttt": 7.533393859863281,
      "ev_loss_trace": [
        [
          0,
          1.166429877281189
        ],
        [
          9,
          0.2853257358074188
        ],
        [
          24,
          0.257098913192749
        ],
        [
          49,
          0.24159590899944305
        ],
        [
          79,
          0.24062438309192657
        ]
      ]
    },
    {
      "chain_idx": 4,
      "cb_pos": 9,
      "ev_pos": 0,
      "n_callback_tok": 5,
      "ce_writer": 4.508488178253174,
      "ce_floor": 4.537812232971191,
      "ce_ttt": 4.550048351287842,
      "ev_loss_trace": [
        [
          0,
          1.1790003776550293
        ],
        [
          9,
          0.2964831590652466
        ],
        [
          24,
          0.27176517248153687
        ],
        [
          49,
          0.24752004444599152
        ],
        [
          79,
          0.2347484827041626
        ]
      ]
    },
    {
      "chain_idx": 5,
      "cb_pos": 9,
      "ev_pos": 3,
      "n_callback_tok": 3,
      "ce_writer": 9.40334415435791,
      "ce_floor": 9.416389465332031,
      "ce_ttt": 9.624300956726074,
      "ev_loss_trace": [
        [
          0,
          1.1945401430130005
        ],
        [
          9,
          0.3238847255706787
        ],
        [
          24,
          0.2737831175327301
        ],
        [
          49,
          0.26355281472206116
        ],
        [
          79,
          0.26567190885543823
        ]
      ]
    },
    {
      "chain_idx": 6,
      "cb_pos": 9,
      "ev_pos": 0,
      "n_callback_tok": 4,
      "ce_writer": 5.52565336227417,
      "ce_floor": 5.5319390296936035,
      "ce_ttt": 5.544772624969482,
      "ev_loss_trace": [
        [
          0,
          1.0519747734069824
        ],
        [
          9,
          0.29550260305404663
        ],
        [
          24,
          0.2706465423107147
        ],
        [
          49,
          0.2395854890346527
        ],
        [
          79,
          0.22989407181739807
        ]
      ]
    },
    {
      "chain_idx": 7,
      "cb_pos": 9,
      "ev_pos": 2,
      "n_callback_tok": 3,
      "ce_writer": 7.857358455657959,
      "ce_floor": 7.905511379241943,
      "ce_ttt": 8.247493743896484,
      "ev_loss_trace": [
        [
          0,
          1.1987826824188232
        ],
        [
          9,
          0.29188811779022217
        ],
        [
          24,
          0.2636536955833435
        ],
        [
          49,
          0.24904859066009521
        ],
        [
          79,
          0.2357218712568283
        ]
      ]
    },
    {
      "chain_idx": 8,
      "cb_pos": 9,
      "ev_pos": 5,
      "n_callback_tok": 5,
      "ce_writer": 4.861894130706787,
      "ce_floor": 4.858026027679443,
      "ce_ttt": 5.060256004333496,
      "ev_loss_trace": [
        [
          0,
          1.16965913772583
        ],
        [
          9,
          0.2893851697444916
        ],
        [
          24,
          0.26400601863861084
        ],
        [
          49,
          0.24699999392032623
        ],
        [
          79,
          0.24450130760669708
        ]
      ]
    },
    {
      "chain_idx": 9,
      "cb_pos": 9,
      "ev_pos": 0,
      "n_callback_tok": 3,
      "ce_writer": 7.361077785491943,
      "ce_floor": 7.3406572341918945,
      "ce_ttt": 8.570289611816406,
      "ev_loss_trace": [
        [
          0,
          1.174206018447876
        ],
        [
          9,
          0.30825376510620117
        ],
        [
          24,
          0.27255022525787354
        ],
        [
          49,
          0.25491178035736084
        ],
        [
          79,
          0.2518177628517151
        ]
      ]
    },
    {
      "chain_idx": 10,
      "cb_pos": 9,
      "ev_pos": 0,
      "n_callback_tok": 6,
      "ce_writer": 4.637724876403809,
      "ce_floor": 4.602877616882324,
      "ce_ttt": 4.759501934051514,
      "ev_loss_trace": [
        [
          0,
          1.1807785034179688
        ],
        [
          9,
          0.3192569315433502
        ],
        [
          24,
          0.27403026819229126
        ],
        [
          49,
          0.2587309181690216
        ],
        [
          79,
          0.2561453878879547
        ]
      ]
    },
    {
      "chain_idx": 11,
      "cb_pos": 9,
      "ev_pos": 1,
      "n_callback_tok": 4,
      "ce_writer": 5.891256332397461,
      "ce_floor": 5.899847030639648,
      "ce_ttt": 6.319441795349121,
      "ev_loss_trace": [
        [
          0,
          1.4197211265563965
        ],
        [
          9,
          0.284192830324173
        ],
        [
          24,
          0.2568677067756653
        ],
        [
          49,
          0.23812174797058105
        ],
        [
          79,
          0.23397161066532135
        ]
      ]
    },
    {
      "chain_idx": 12,
      "cb_pos": 9,
      "ev_pos": 5,
      "n_callback_tok": 3,
      "ce_writer": 6.663825035095215,
      "ce_floor": 6.678391456604004,
      "ce_ttt": 7.055245876312256,
      "ev_loss_trace": [
        [
          0,
          1.5620886087417603
        ],
        [
          9,
          0.35601669549942017
        ],
        [
          24,
          0.31642332673072815
        ],
        [
          49,
          0.29139119386672974
        ],
        [
          79,
          0.2764984369277954
        ]
      ]
    },
    {
      "chain_idx": 13,