{
  "ckpt": "output/chain_v23c_v21c_seed7_codes_0p6b_frozen_gh200/best",
  "eval_corpus": "paper_artifacts/chains/synthd5_random_codes_val_s512.pt",
  "init_mode": "writer",
  "ttt_steps": 50,
  "ttt_lr": 0.01,
  "n_chains_scored": 32,
  "ce_writer_mean": 6.14794996380806,
  "ce_floor_mean": 6.151763156056404,
  "ce_ttt_mean": 6.276568964123726,
  "ttt_lift_vs_floor": -0.12480580806732178,
  "ttt_lift_vs_writer": -0.1286190003156662,
  "verdict": "NEGATIVE: readout + LM-head subsystem cannot represent chain-specific recall regardless of M_c. ARCHITECTURE PIVOT REQUIRED. Do NOT launch writer-side cells (F2/sec1).",
  "per_chain": [
    {
      "chain_idx": 0,
      "cb_pos": 9,
      "ev_pos": 7,
      "n_callback_tok": 4,
      "ce_writer": 5.939083099365234,
      "ce_floor": 5.966036796569824,
      "ce_ttt": 6.209074020385742,
      "ev_loss_trace": [
        [
          0,
          1.1484485864639282
        ],
        [
          9,
          0.5262009501457214
        ],
        [
          24,
          0.34648245573043823
        ],
        [
          49,
          0.27236610651016235
        ]
      ]
    },
    {
      "chain_idx": 1,
      "cb_pos": 9,
      "ev_pos": 4,
      "n_callback_tok": 4,
      "ce_writer": 5.825273513793945,
      "ce_floor": 5.822139263153076,
      "ce_ttt": 5.93059778213501,
      "ev_loss_trace": [
        [
          0,
          1.7585691213607788
        ],
        [
          9,
          0.7023833394050598
        ],
        [
          24,
          0.3924441635608673
        ],
        [
          49,
          0.27989932894706726
        ]
      ]
    },
    {
      "chain_idx": 2,
      "cb_pos": 9,
      "ev_pos": 4,
      "n_callback_tok": 4,
      "ce_writer": 7.387069225311279,
      "ce_floor": 7.364527702331543,
      "ce_ttt": 7.264357566833496,
      "ev_loss_trace": [
        [
          0,
          1.1323535442352295
        ],
        [
          9,
          0.5152214765548706
        ],
        [
          24,
          0.3314407765865326
        ],
        [
          49,
          0.25513991713523865
        ]
      ]
    },
    {
      "chain_idx": 3,
      "cb_pos": 9,
      "ev_pos": 5,
      "n_callback_tok": 3,
      "ce_writer": 7.0057692527771,
      "ce_floor": 7.010852336883545,
      "ce_ttt": 7.110982418060303,
      "ev_loss_trace": [
        [
          0,
          1.3285242319107056
        ],
        [
          9,
          0.5152423977851868
        ],
        [
          24,
          0.3357168436050415
        ],
        [
          49,
          0.2547368109226227
        ]
      ]
    },
    {
      "chain_idx": 4,
      "cb_pos": 9,
      "ev_pos": 0,
      "n_callback_tok": 5,
      "ce_writer": 4.752028942108154,
      "ce_floor": 4.8038554191589355,
      "ce_ttt": 4.902397155761719,
      "ev_loss_trace": [
        [
          0,
          1.392902135848999
        ],
        [
          9,
          0.6144245862960815
        ],
        [
          24,
          0.3874247074127197
        ],
        [
          49,
          0.2774667739868164
        ]
      ]
    },
    {
      "chain_idx": 5,
      "cb_pos": 9,
      "ev_pos": 3,
      "n_callback_tok": 3,
      "ce_writer": 9.157922744750977,
      "ce_floor": 9.238662719726562,
      "ce_ttt": 9.437259674072266,
      "ev_loss_trace": [
        [
          0,
          1.3359174728393555
        ],
        [
          9,
          0.6232705116271973
        ],
        [
          24,
          0.3521251380443573
        ],
        [
          49,
          0.27513784170150757
        ]
      ]
    },
    {
      "chain_idx": 6,
      "cb_pos": 9,
      "ev_pos": 0,
      "n_callback_tok": 4,
      "ce_writer": 5.1509504318237305,
      "ce_floor": 5.086641311645508,
      "ce_ttt": 5.0170674324035645,
      "ev_loss_trace": [
        [
          0,
          0.884725034236908
        ],
        [
          9,
          0.43763354420661926
        ],
        [
          24,
          0.30996420979499817
        ],
        [
          49,
          0.24964259564876556
        ]
      ]
    },
    {
      "chain_idx": 7,
      "cb_pos": 9,
      "ev_pos": 2,
      "n_callback_tok": 3,
      "ce_writer": 7.574655055999756,
      "ce_floor": 7.642282009124756,
      "ce_ttt": 7.776963233947754,
      "ev_loss_trace": [
        [
          0,
          1.4273632764816284
        ],
        [
          9,
          0.5883738994598389
        ],
        [
          24,
          0.3676033020019531
        ],
        [
          49,
          0.28141653537750244
        ]
      ]
    },
    {
      "chain_idx": 8,
      "cb_pos": 9,
      "ev_pos": 5,
      "n_callback_tok": 5,
      "ce_writer": 4.701046466827393,
      "ce_floor": 4.739272594451904,
      "ce_ttt": 4.7069993019104,
      "ev_loss_trace": [
        [
          0,
          1.4383100271224976
        ],
        [
          9,
          0.6218429803848267
        ],
        [
          24,
          0.40339937806129456
        ],
        [
          49,
          0.2829783856868744
        ]
      ]
    },
    {
      "chain_idx": 9,
      "cb_pos": 9,
      "ev_pos": 0,
      "n_callback_tok": 3,
      "ce_writer": 8.017070770263672,
      "ce_floor": 8.00838565826416,
      "ce_ttt": 8.052007675170898,
      "ev_loss_trace": [
        [
          0,
          1.027208685874939
        ],
        [
          9,
          0.49458059668540955
        ],
        [
          24,
          0.33354082703590393
        ],
        [
          49,
          0.26989972591400146
        ]
      ]
    },
    {
      "chain_idx": 10,
      "cb_pos": 9,
      "ev_pos": 0,
      "n_callback_tok": 6,
      "ce_writer": 4.23157262802124,
      "ce_floor": 4.262820243835449,
      "ce_ttt": 4.120547771453857,
      "ev_loss_trace": [
        [
          0,
          0.9045895338058472
        ],
        [
          9,
          0.4574386179447174
        ],
        [
          24,
          0.3249707520008087
        ],
        [
          49,
          0.2465813159942627
        ]
      ]
    },
    {
      "chain_idx": 11,
      "cb_pos": 9,
      "ev_pos": 1,
      "n_callback_tok": 4,
      "ce_writer": 5.269811630249023,
      "ce_floor": 5.234969139099121,
      "ce_ttt": 5.329947471618652,
      "ev_loss_trace": [
        [
          0,
          2.095921516418457
        ],
        [
          9,
          0.848901093006134
        ],
        [
          24,
          0.406058669090271
        ],
        [
          49,
          0.3034651279449463
        ]
      ]
    },
    {
      "chain_idx": 12,
      "cb_pos": 9,
      "ev_pos": 5,
      "n_callback_tok": 3,
      "ce_writer": 7.043342590332031,
      "ce_floor": 6.9446001052856445,
      "ce_ttt": 7.380012512207031,
      "ev_loss_trace": [
        [
          0,
          1.1747397184371948
        ],
        [
          9,
          0.5638476014137268
        ],
        [
          24,
          0.3491624891757965
        ],
        [
          49,
          0.2625140845775604
        ]
      ]
    },
    {
      "chain_idx": 13,
      "cb_pos": 9,
      "ev_pos": 6,
      "n_callback_tok": 3,
      "ce_writer": 6.838624477386475,
      "ce_floor": 6.883148193359375,
      "ce_ttt": 7.068650245666504,
      "ev_loss_trace": [
        [
          0,
          2.006639003753662
        ],
        [
          9,
          0.8830476999282837
        ],
        [
          24,
          0.3927763104438782
        ],
        [
          49,
          0.2651064693927765
        ]
      ]
    },
    {
      "chain_idx": 14,
      "cb_pos": 9,
      "ev_pos": 3,
      "n_callback_tok": 3,
      "ce_writer": 8.067702293395996,
      "ce_floor": 8.116684913635254,
      "ce_ttt": 8.028522491455078,