{
  "ckpt": "output/chain_v23c_v21c_seed7_codes_0p6b_frozen_gh200/best",
  "eval_corpus": "paper_artifacts/chains/synthd5_random_codes_val_s512.pt",
  "init_mode": "iid",
  "ttt_steps": 50,
  "ttt_lr": 0.01,
  "n_chains_scored": 32,
  "ce_writer_mean": 6.14794996380806,
  "ce_floor_mean": 6.151763156056404,
  "ce_ttt_mean": 6.338738165795803,
  "ttt_lift_vs_floor": -0.18697500973939896,
  "ttt_lift_vs_writer": -0.19078820198774338,
  "verdict": "NEGATIVE: readout + LM-head subsystem cannot represent chain-specific recall regardless of M_c. ARCHITECTURE PIVOT REQUIRED. Do NOT launch writer-side cells (F2/sec1).",
  "per_chain": [
    {
      "chain_idx": 0,
      "cb_pos": 9,
      "ev_pos": 7,
      "n_callback_tok": 4,
      "ce_writer": 5.939083099365234,
      "ce_floor": 5.966036796569824,
      "ce_ttt": 5.7870588302612305,
      "ev_loss_trace": [
        [
          0,
          2.2571444511413574
        ],
        [
          9,
          0.34650948643684387
        ],
        [
          24,
          0.30374157428741455
        ],
        [
          49,
          0.2645208239555359
        ]
      ]
    },
    {
      "chain_idx": 1,
      "cb_pos": 9,
      "ev_pos": 4,
      "n_callback_tok": 4,
      "ce_writer": 5.825273513793945,
      "ce_floor": 5.822139263153076,
      "ce_ttt": 6.146925926208496,
      "ev_loss_trace": [
        [
          0,
          2.080728054046631
        ],
        [
          9,
          0.2594492733478546
        ],
        [
          24,
          0.22693736851215363
        ],
        [
          49,
          0.2031775265932083
        ]
      ]
    },
    {
      "chain_idx": 2,
      "cb_pos": 9,
      "ev_pos": 4,
      "n_callback_tok": 4,
      "ce_writer": 7.387069225311279,
      "ce_floor": 7.364527702331543,
      "ce_ttt": 7.350390434265137,
      "ev_loss_trace": [
        [
          0,
          1.265823245048523
        ],
        [
          9,
          0.28945043683052063
        ],
        [
          24,
          0.25833606719970703
        ],
        [
          49,
          0.2360590249300003
        ]
      ]
    },
    {
      "chain_idx": 3,
      "cb_pos": 9,
      "ev_pos": 5,
      "n_callback_tok": 3,
      "ce_writer": 7.0057692527771,
      "ce_floor": 7.010852336883545,
      "ce_ttt": 7.204456329345703,
      "ev_loss_trace": [
        [
          0,
          1.2263472080230713
        ],
        [
          9,
          0.262850284576416
        ],
        [
          24,
          0.23713064193725586
        ],
        [
          49,
          0.2157386690378189
        ]
      ]
    },
    {
      "chain_idx": 4,
      "cb_pos": 9,
      "ev_pos": 0,
      "n_callback_tok": 5,
      "ce_writer": 4.752028942108154,
      "ce_floor": 4.8038554191589355,
      "ce_ttt": 3.9349887371063232,
      "ev_loss_trace": [
        [
          0,
          1.926499605178833
        ],
        [
          9,
          0.2854267954826355
        ],
        [
          24,
          0.260376513004303
        ],
        [
          49,
          0.23887108266353607
        ]
      ]
    },
    {
      "chain_idx": 5,
      "cb_pos": 9,
      "ev_pos": 3,
      "n_callback_tok": 3,
      "ce_writer": 9.157922744750977,
      "ce_floor": 9.238662719726562,
      "ce_ttt": 9.140129089355469,
      "ev_loss_trace": [
        [
          0,
          2.0421030521392822
        ],
        [
          9,
          0.36677446961402893
        ],
        [
          24,
          0.304585337638855
        ],
        [
          49,
          0.2604217827320099
        ]
      ]
    },
    {
      "chain_idx": 6,
      "cb_pos": 9,
      "ev_pos": 0,
      "n_callback_tok": 4,
      "ce_writer": 5.1509504318237305,
      "ce_floor": 5.086641311645508,
      "ce_ttt": 5.658844947814941,
      "ev_loss_trace": [
        [
          0,
          2.5251283645629883
        ],
        [
          9,
          0.42046648263931274
        ],
        [
          24,
          0.33323681354522705
        ],
        [
          49,
          0.2898474931716919
        ]
      ]
    },
    {
      "chain_idx": 7,
      "cb_pos": 9,
      "ev_pos": 2,
      "n_callback_tok": 3,
      "ce_writer": 7.574655055999756,
      "ce_floor": 7.642282009124756,
      "ce_ttt": 8.225833892822266,
      "ev_loss_trace": [
        [
          0,
          1.0616858005523682
        ],
        [
          9,
          0.2860754728317261
        ],
        [
          24,
          0.2529783546924591
        ],
        [
          49,
          0.22957974672317505
        ]
      ]
    },
    {
      "chain_idx": 8,
      "cb_pos": 9,
      "ev_pos": 5,
      "n_callback_tok": 5,
      "ce_writer": 4.701046466827393,
      "ce_floor": 4.739272594451904,
      "ce_ttt": 5.011608600616455,
      "ev_loss_trace": [
        [
          0,
          3.354210376739502
        ],
        [
          9,
          0.6826716661453247
        ],
        [
          24,
          0.5699209570884705
        ],
        [
          49,
          0.45251214504241943
        ]
      ]
    },
    {
      "chain_idx": 9,
      "cb_pos": 9,
      "ev_pos": 0,
      "n_callback_tok": 3,
      "ce_writer": 8.017070770263672,
      "ce_floor": 8.00838565826416,
      "ce_ttt": 7.3730058670043945,
      "ev_loss_trace": [
        [
          0,
          2.250786304473877
        ],
        [
          9,
          0.3207909166812897
        ],
        [
          24,
          0.2859801650047302
        ],
        [
          49,
          0.25323736667633057
        ]
      ]
    },
    {
      "chain_idx": 10,
      "cb_pos": 9,
      "ev_pos": 0,
      "n_callback_tok": 6,
      "ce_writer": 4.23157262802124,
      "ce_floor": 4.262820243835449,
      "ce_ttt": 4.143878936767578,
      "ev_loss_trace": [
        [
          0,
          1.4495378732681274
        ],
        [
          9,
          0.2778553366661072
        ],
        [
          24,
          0.2487531155347824
        ],
        [
          49,
          0.21413461863994598
        ]
      ]
    },
    {
      "chain_idx": 11,
      "cb_pos": 9,
      "ev_pos": 1,
      "n_callback_tok": 4,
      "ce_writer": 5.269811630249023,
      "ce_floor": 5.234969139099121,
      "ce_ttt": 6.498534202575684,
      "ev_loss_trace": [
        [
          0,
          2.315899610519409
        ],
        [
          9,
          0.28423476219177246
        ],
        [
          24,
          0.2517696022987366
        ],
        [
          49,
          0.22654837369918823
        ]
      ]
    },
    {
      "chain_idx": 12,
      "cb_pos": 9,
      "ev_pos": 5,
      "n_callback_tok": 3,
      "ce_writer": 7.043342590332031,
      "ce_floor": 6.9446001052856445,
      "ce_ttt": 7.2762770652771,
      "ev_loss_trace": [
        [
          0,
          1.746141791343689
        ],
        [
          9,
          0.2885380983352661
        ],
        [
          24,
          0.2585577666759491
        ],
        [
          49,
          0.24565374851226807
        ]
      ]
    },
    {
      "chain_idx": 13,
      "cb_pos": 9,
      "ev_pos": 6,
      "n_callback_tok": 3,
      "ce_writer": 6.838624477386475,
      "ce_floor": 6.883148193359375,
      "ce_ttt": 6.760336875915527,
      "ev_loss_trace": [
        [
          0,
          2.6980812549591064
        ],
        [
          9,
          0.33629468083381653
        ],
        [
          24,
          0.27546849846839905
        ],
        [
          49,
          0.2304842174053192
        ]
      ]
    },
    {
      "chain_idx": 14,
      "cb_pos": 9,
      "ev_pos": 3,
      "n_callback_tok": 3,
      "ce_writer": 8.067702293395996,
      "ce_floor": 8.116684913635254,
      "ce_ttt": 8.524565696716309,