{
  "ckpt": "output/chain_v24a_v21c_lme_seed1_0p6b_frozen_local/best",
  "eval_corpus": "paper_artifacts/chains/synthd5_random_codes_val_s512.pt",
  "init_mode": "iid",
  "ttt_steps": 50,
  "ttt_lr": 0.01,
  "n_chains_scored": 32,
  "ce_writer_mean": 6.738426938652992,
  "ce_floor_mean": 6.746787786483765,
  "ce_ttt_mean": 6.742716148495674,
  "ttt_lift_vs_floor": 0.004071637988090515,
  "ttt_lift_vs_writer": -0.004289209842681885,
  "verdict": "MIXED: readout has partial capacity. Compose F2 with read-side intervention (sec4 probe-bypass loss or sec2 DeltaNet writer).",
  "per_chain": [
    {
      "chain_idx": 0,
      "cb_pos": 9,
      "ev_pos": 7,
      "n_callback_tok": 4,
      "ce_writer": 6.532160758972168,
      "ce_floor": 6.498331069946289,
      "ce_ttt": 6.452548027038574,
      "ev_loss_trace": [
        [
          0,
          0.7802088260650635
        ],
        [
          9,
          0.5230881571769714
        ],
        [
          24,
          0.3933084011077881
        ],
        [
          49,
          0.30222585797309875
        ]
      ]
    },
    {
      "chain_idx": 1,
      "cb_pos": 9,
      "ev_pos": 4,
      "n_callback_tok": 4,
      "ce_writer": 6.134839057922363,
      "ce_floor": 6.1500420570373535,
      "ce_ttt": 6.326828479766846,
      "ev_loss_trace": [
        [
          0,
          0.7736969590187073
        ],
        [
          9,
          0.36827465891838074
        ],
        [
          24,
          0.29016849398612976
        ],
        [
          49,
          0.2424757480621338
        ]
      ]
    },
    {
      "chain_idx": 2,
      "cb_pos": 9,
      "ev_pos": 4,
      "n_callback_tok": 4,
      "ce_writer": 6.699507713317871,
      "ce_floor": 6.727994441986084,
      "ce_ttt": 6.983608245849609,
      "ev_loss_trace": [
        [
          0,
          0.795258104801178
        ],
        [
          9,
          0.335345596075058
        ],
        [
          24,
          0.2740544080734253
        ],
        [
          49,
          0.24004293978214264
        ]
      ]
    },
    {
      "chain_idx": 3,
      "cb_pos": 9,
      "ev_pos": 5,
      "n_callback_tok": 3,
      "ce_writer": 7.926166534423828,
      "ce_floor": 7.94227933883667,
      "ce_ttt": 8.2139892578125,
      "ev_loss_trace": [
        [
          0,
          0.7617387771606445
        ],
        [
          9,
          0.6002501249313354
        ],
        [
          24,
          0.590203046798706
        ],
        [
          49,
          0.5187950134277344
        ]
      ]
    },
    {
      "chain_idx": 4,
      "cb_pos": 9,
      "ev_pos": 0,
      "n_callback_tok": 5,
      "ce_writer": 4.817061901092529,
      "ce_floor": 4.850028991699219,
      "ce_ttt": 4.777108192443848,
      "ev_loss_trace": [
        [
          0,
          0.7706931233406067
        ],
        [
          9,
          0.3431946635246277
        ],
        [
          24,
          0.2839662432670593
        ],
        [
          49,
          0.2461344599723816
        ]
      ]
    },
    {
      "chain_idx": 5,
      "cb_pos": 9,
      "ev_pos": 3,
      "n_callback_tok": 3,
      "ce_writer": 9.894157409667969,
      "ce_floor": 9.9181489944458,
      "ce_ttt": 9.390020370483398,
      "ev_loss_trace": [
        [
          0,
          0.8633379340171814
        ],
        [
          9,
          0.3468412458896637
        ],
        [
          24,
          0.2673932909965515
        ],
        [
          49,
          0.225507915019989
        ]
      ]
    },
    {
      "chain_idx": 6,
      "cb_pos": 9,
      "ev_pos": 0,
      "n_callback_tok": 4,
      "ce_writer": 6.000697135925293,
      "ce_floor": 6.0010480880737305,
      "ce_ttt": 6.033469200134277,
      "ev_loss_trace": [
        [
          0,
          0.714377224445343
        ],
        [
          9,
          0.3830954432487488
        ],
        [
          24,
          0.31431567668914795
        ],
        [
          49,
          0.266140341758728
        ]
      ]
    },
    {
      "chain_idx": 7,
      "cb_pos": 9,
      "ev_pos": 2,
      "n_callback_tok": 3,
      "ce_writer": 9.050548553466797,
      "ce_floor": 9.085006713867188,
      "ce_ttt": 9.205305099487305,
      "ev_loss_trace": [
        [
          0,
          0.856835663318634
        ],
        [
          9,
          0.6270167827606201
        ],
        [
          24,
          0.5511457920074463
        ],
        [
          49,
          0.478325217962265
        ]
      ]
    },
    {
      "chain_idx": 8,
      "cb_pos": 9,
      "ev_pos": 5,
      "n_callback_tok": 5,
      "ce_writer": 5.179721355438232,
      "ce_floor": 5.209261417388916,
      "ce_ttt": 5.169249057769775,
      "ev_loss_trace": [
        [
          0,
          0.7684405446052551
        ],
        [
          9,
          0.7335143685340881
        ],
        [
          24,
          0.7150335311889648
        ],
        [
          49,
          0.6987462639808655
        ]
      ]
    },
    {
      "chain_idx": 9,
      "cb_pos": 9,
      "ev_pos": 0,
      "n_callback_tok": 3,
      "ce_writer": 8.759356498718262,
      "ce_floor": 8.678571701049805,
      "ce_ttt": 9.246438980102539,
      "ev_loss_trace": [
        [
          0,
          0.8012458682060242
        ],
        [
          9,
          0.5567662119865417
        ],
        [
          24,
          0.5223968625068665
        ],
        [
          49,
          0.3813405930995941
        ]
      ]
    },
    {
      "chain_idx": 10,
      "cb_pos": 9,
      "ev_pos": 0,
      "n_callback_tok": 6,
      "ce_writer": 4.4457197189331055,
      "ce_floor": 4.4351325035095215,
      "ce_ttt": 4.555288314819336,
      "ev_loss_trace": [
        [
          0,
          0.7730246782302856
        ],
        [
          9,
          0.41920149326324463
        ],
        [
          24,
          0.33408787846565247
        ],
        [
          49,
          0.2782862186431885
        ]
      ]
    },
    {
      "chain_idx": 11,
      "cb_pos": 9,
      "ev_pos": 1,
      "n_callback_tok": 4,
      "ce_writer": 6.448003768920898,
      "ce_floor": 6.465277671813965,
      "ce_ttt": 6.714839935302734,
      "ev_loss_trace": [
        [
          0,
          0.7308511734008789
        ],
        [
          9,
          0.46469539403915405
        ],
        [
          24,
          0.3534374535083771
        ],
        [
          49,
          0.27908554673194885
        ]
      ]
    },
    {
      "chain_idx": 12,
      "cb_pos": 9,
      "ev_pos": 5,
      "n_callback_tok": 3,
      "ce_writer": 7.667443752288818,
      "ce_floor": 7.657159805297852,
      "ce_ttt": 7.358659267425537,
      "ev_loss_trace": [
        [
          0,
          0.9067814946174622
        ],
        [
          9,
          0.4422700107097626
        ],
        [
          24,
          0.34215202927589417
        ],
        [
          49,
          0.27489495277404785
        ]
      ]
    },
    {
      "chain_idx": 13,
      "cb_pos": 9,
      "ev_pos": 6,
      "n_callback_tok": 3,
      "ce_writer": 8.113083839416504,
      "ce_floor": 8.132108688354492,
      "ce_ttt": 7.864350318908691,
      "ev_loss_trace": [
        [
          0,
          0.8031923174858093
        ],
        [
          9,
          0.4539858400821686
        ],
        [
          24,
          0.3416215479373932
        ],
        [
          49,
          0.2867892384529114
        ]
      ]
    },
    {
      "chain_idx": 14,
      "cb_pos": 9,
      "ev_pos": 3,
      "n_callback_tok": 3,
      "ce_writer": 9.452934265136719,
      "ce_floor": 9.514838218688965,
      "ce_ttt": 9.607980728149414,