{
  "ckpt": "output/chain_v24a_v21c_lme_seed1_0p6b_frozen_local/best",
  "eval_corpus": "paper_artifacts/chains/synthd5_random_codes_val_s512.pt",
  "init_mode": "writer",
  "ttt_steps": 50,
  "ttt_lr": 0.01,
  "n_chains_scored": 32,
  "ce_writer_mean": 6.738426938652992,
  "ce_floor_mean": 6.746787786483765,
  "ce_ttt_mean": 6.76216821372509,
  "ttt_lift_vs_floor": -0.015380427241325378,
  "ttt_lift_vs_writer": -0.02374127507209778,
  "verdict": "NEGATIVE: readout + LM-head subsystem cannot represent chain-specific recall regardless of M_c. ARCHITECTURE PIVOT REQUIRED. Do NOT launch writer-side cells (F2/sec1).",
  "per_chain": [
    {
      "chain_idx": 0,
      "cb_pos": 9,
      "ev_pos": 7,
      "n_callback_tok": 4,
      "ce_writer": 6.532160758972168,
      "ce_floor": 6.498331069946289,
      "ce_ttt": 6.566359996795654,
      "ev_loss_trace": [
        [
          0,
          0.8129966855049133
        ],
        [
          9,
          0.6045874953269958
        ],
        [
          24,
          0.4773290753364563
        ],
        [
          49,
          0.3278517723083496
        ]
      ]
    },
    {
      "chain_idx": 1,
      "cb_pos": 9,
      "ev_pos": 4,
      "n_callback_tok": 4,
      "ce_writer": 6.134839057922363,
      "ce_floor": 6.1500420570373535,
      "ce_ttt": 6.168635845184326,
      "ev_loss_trace": [
        [
          0,
          0.7697287797927856
        ],
        [
          9,
          0.5952640771865845
        ],
        [
          24,
          0.4221477508544922
        ],
        [
          49,
          0.34237784147262573
        ]
      ]
    },
    {
      "chain_idx": 2,
      "cb_pos": 9,
      "ev_pos": 4,
      "n_callback_tok": 4,
      "ce_writer": 6.699507713317871,
      "ce_floor": 6.727994441986084,
      "ce_ttt": 6.70750093460083,
      "ev_loss_trace": [
        [
          0,
          0.8102253675460815
        ],
        [
          9,
          0.5706456303596497
        ],
        [
          24,
          0.4067513644695282
        ],
        [
          49,
          0.31794410943984985
        ]
      ]
    },
    {
      "chain_idx": 3,
      "cb_pos": 9,
      "ev_pos": 5,
      "n_callback_tok": 3,
      "ce_writer": 7.926166534423828,
      "ce_floor": 7.94227933883667,
      "ce_ttt": 8.055304527282715,
      "ev_loss_trace": [
        [
          0,
          0.8133825659751892
        ],
        [
          9,
          0.6278040409088135
        ],
        [
          24,
          0.4784076511859894
        ],
        [
          49,
          0.36826780438423157
        ]
      ]
    },
    {
      "chain_idx": 4,
      "cb_pos": 9,
      "ev_pos": 0,
      "n_callback_tok": 5,
      "ce_writer": 4.817061901092529,
      "ce_floor": 4.850028991699219,
      "ce_ttt": 4.8055853843688965,
      "ev_loss_trace": [
        [
          0,
          0.8367985486984253
        ],
        [
          9,
          0.6747013926506042
        ],
        [
          24,
          0.4847360849380493
        ],
        [
          49,
          0.393545001745224
        ]
      ]
    },
    {
      "chain_idx": 5,
      "cb_pos": 9,
      "ev_pos": 3,
      "n_callback_tok": 3,
      "ce_writer": 9.894157409667969,
      "ce_floor": 9.9181489944458,
      "ce_ttt": 9.92701244354248,
      "ev_loss_trace": [
        [
          0,
          0.8063721060752869
        ],
        [
          9,
          0.6293137669563293
        ],
        [
          24,
          0.43052199482917786
        ],
        [
          49,
          0.3718092143535614
        ]
      ]
    },
    {
      "chain_idx": 6,
      "cb_pos": 9,
      "ev_pos": 0,
      "n_callback_tok": 4,
      "ce_writer": 6.000697135925293,
      "ce_floor": 6.0010480880737305,
      "ce_ttt": 6.08665132522583,
      "ev_loss_trace": [
        [
          0,
          0.7679110169410706
        ],
        [
          9,
          0.5720432996749878
        ],
        [
          24,
          0.4252239763736725
        ],
        [
          49,
          0.32906079292297363
        ]
      ]
    },
    {
      "chain_idx": 7,
      "cb_pos": 9,
      "ev_pos": 2,
      "n_callback_tok": 3,
      "ce_writer": 9.050548553466797,
      "ce_floor": 9.085006713867188,
      "ce_ttt": 9.163329124450684,
      "ev_loss_trace": [
        [
          0,
          0.7960178256034851
        ],
        [
          9,
          0.6169810891151428
        ],
        [
          24,
          0.4100498855113983
        ],
        [
          49,
          0.3556036651134491
        ]
      ]
    },
    {
      "chain_idx": 8,
      "cb_pos": 9,
      "ev_pos": 5,
      "n_callback_tok": 5,
      "ce_writer": 5.179721355438232,
      "ce_floor": 5.209261417388916,
      "ce_ttt": 5.267819404602051,
      "ev_loss_trace": [
        [
          0,
          0.807283341884613
        ],
        [
          9,
          0.6300972104072571
        ],
        [
          24,
          0.5112294554710388
        ],
        [
          49,
          0.3781662583351135
        ]
      ]
    },
    {
      "chain_idx": 9,
      "cb_pos": 9,
      "ev_pos": 0,
      "n_callback_tok": 3,
      "ce_writer": 8.759356498718262,
      "ce_floor": 8.678571701049805,
      "ce_ttt": 8.768899917602539,
      "ev_loss_trace": [
        [
          0,
          0.7893058657646179
        ],
        [
          9,
          0.6169893741607666
        ],
        [
          24,
          0.46998295187950134
        ],
        [
          49,
          0.35917234420776367
        ]
      ]
    },
    {
      "chain_idx": 10,
      "cb_pos": 9,
      "ev_pos": 0,
      "n_callback_tok": 6,
      "ce_writer": 4.4457197189331055,
      "ce_floor": 4.4351325035095215,
      "ce_ttt": 4.431668281555176,
      "ev_loss_trace": [
        [
          0,
          0.751632809638977
        ],
        [
          9,
          0.5795292854309082
        ],
        [
          24,
          0.452158123254776
        ],
        [
          49,
          0.34157243371009827
        ]
      ]
    },
    {
      "chain_idx": 11,
      "cb_pos": 9,
      "ev_pos": 1,
      "n_callback_tok": 4,
      "ce_writer": 6.448003768920898,
      "ce_floor": 6.465277671813965,
      "ce_ttt": 6.418169975280762,
      "ev_loss_trace": [
        [
          0,
          0.7568280100822449
        ],
        [
          9,
          0.5773531198501587
        ],
        [
          24,
          0.47195664048194885
        ],
        [
          49,
          0.32963788509368896
        ]
      ]
    },
    {
      "chain_idx": 12,
      "cb_pos": 9,
      "ev_pos": 5,
      "n_callback_tok": 3,
      "ce_writer": 7.667443752288818,
      "ce_floor": 7.657159805297852,
      "ce_ttt": 7.660063743591309,
      "ev_loss_trace": [
        [
          0,
          0.9131268262863159
        ],
        [
          9,
          0.7216070294380188
        ],
        [
          24,
          0.4500742554664612
        ],
        [
          49,
          0.4016430079936981
        ]
      ]
    },
    {
      "chain_idx": 13,
      "cb_pos": 9,
      "ev_pos": 6,
      "n_callback_tok": 3,
      "ce_writer": 8.113083839416504,
      "ce_floor": 8.132108688354492,
      "ce_ttt": 8.149911880493164,
      "ev_loss_trace": [
        [
          0,
          0.83736652135849
        ],
        [
          9,
          0.6512312889099121
        ],
        [
          24,
          0.5163016319274902
        ],
        [
          49,
          0.3454545736312866
        ]
      ]
    },
    {
      "chain_idx": 14,
      "cb_pos": 9,
      "ev_pos": 3,
      "n_callback_tok": 3,
      "ce_writer": 9.452934265136719,
      "ce_floor": 9.514838218688965,
      "ce_ttt": 9.508893966674805,