{
  "ckpt": "output/chain_v24c_v21c_lmemsc_seed1_0p6b_frozen_local/best",
  "eval_corpus": "paper_artifacts/chains/synthd5_random_codes_val_s512.pt",
  "init_mode": "iid",
  "ttt_steps": 50,
  "ttt_lr": 0.01,
  "n_chains_scored": 32,
  "ce_writer_mean": 7.096660614013672,
  "ce_floor_mean": 7.109108254313469,
  "ce_ttt_mean": 7.3257457464933395,
  "ttt_lift_vs_floor": -0.2166374921798706,
  "ttt_lift_vs_writer": -0.22908513247966766,
  "verdict": "NEGATIVE: readout + LM-head subsystem cannot represent chain-specific recall regardless of M_c. ARCHITECTURE PIVOT REQUIRED. Do NOT launch writer-side cells (F2/sec1).",
  "per_chain": [
    {
      "chain_idx": 0,
      "cb_pos": 9,
      "ev_pos": 7,
      "n_callback_tok": 4,
      "ce_writer": 7.158843040466309,
      "ce_floor": 7.169966697692871,
      "ce_ttt": 7.294638633728027,
      "ev_loss_trace": [
        [
          0,
          2.347940444946289
        ],
        [
          9,
          0.4949766993522644
        ],
        [
          24,
          0.406387597322464
        ],
        [
          49,
          0.35559940338134766
        ]
      ]
    },
    {
      "chain_idx": 1,
      "cb_pos": 9,
      "ev_pos": 4,
      "n_callback_tok": 4,
      "ce_writer": 6.5170392990112305,
      "ce_floor": 6.5028157234191895,
      "ce_ttt": 6.863604545593262,
      "ev_loss_trace": [
        [
          0,
          2.9980475902557373
        ],
        [
          9,
          0.6557862162590027
        ],
        [
          24,
          0.49597543478012085
        ],
        [
          49,
          0.377390593290329
        ]
      ]
    },
    {
      "chain_idx": 2,
      "cb_pos": 9,
      "ev_pos": 4,
      "n_callback_tok": 4,
      "ce_writer": 7.753973007202148,
      "ce_floor": 7.826655387878418,
      "ce_ttt": 8.200143814086914,
      "ev_loss_trace": [
        [
          0,
          2.665740489959717
        ],
        [
          9,
          0.5871369242668152
        ],
        [
          24,
          0.4714698791503906
        ],
        [
          49,
          0.3901274502277374
        ]
      ]
    },
    {
      "chain_idx": 3,
      "cb_pos": 9,
      "ev_pos": 5,
      "n_callback_tok": 3,
      "ce_writer": 7.335534572601318,
      "ce_floor": 7.350572109222412,
      "ce_ttt": 7.504603862762451,
      "ev_loss_trace": [
        [
          0,
          2.579787015914917
        ],
        [
          9,
          0.4982430338859558
        ],
        [
          24,
          0.42677581310272217
        ],
        [
          49,
          0.35801777243614197
        ]
      ]
    },
    {
      "chain_idx": 4,
      "cb_pos": 9,
      "ev_pos": 0,
      "n_callback_tok": 5,
      "ce_writer": 4.901236534118652,
      "ce_floor": 4.9119439125061035,
      "ce_ttt": 5.17904806137085,
      "ev_loss_trace": [
        [
          0,
          2.7108614444732666
        ],
        [
          9,
          0.6066504120826721
        ],
        [
          24,
          0.4667755365371704
        ],
        [
          49,
          0.38769927620887756
        ]
      ]
    },
    {
      "chain_idx": 5,
      "cb_pos": 9,
      "ev_pos": 3,
      "n_callback_tok": 3,
      "ce_writer": 9.334482192993164,
      "ce_floor": 9.456390380859375,
      "ce_ttt": 9.30990982055664,
      "ev_loss_trace": [
        [
          0,
          2.5510318279266357
        ],
        [
          9,
          0.47324123978614807
        ],
        [
          24,
          0.3760218620300293
        ],
        [
          49,
          0.32125088572502136
        ]
      ]
    },
    {
      "chain_idx": 6,
      "cb_pos": 9,
      "ev_pos": 0,
      "n_callback_tok": 4,
      "ce_writer": 5.876667022705078,
      "ce_floor": 5.8682403564453125,
      "ce_ttt": 5.637813568115234,
      "ev_loss_trace": [
        [
          0,
          2.4712305068969727
        ],
        [
          9,
          0.5818977355957031
        ],
        [
          24,
          0.45844677090644836
        ],
        [
          49,
          0.3889938294887543
        ]
      ]
    },
    {
      "chain_idx": 7,
      "cb_pos": 9,
      "ev_pos": 2,
      "n_callback_tok": 3,
      "ce_writer": 9.594757080078125,
      "ce_floor": 9.453836441040039,
      "ce_ttt": 9.901630401611328,
      "ev_loss_trace": [
        [
          0,
          2.2952821254730225
        ],
        [
          9,
          0.5499923229217529
        ],
        [
          24,
          0.45236507058143616
        ],
        [
          49,
          0.378290593624115
        ]
      ]
    },
    {
      "chain_idx": 8,
      "cb_pos": 9,
      "ev_pos": 5,
      "n_callback_tok": 5,
      "ce_writer": 6.010763645172119,
      "ce_floor": 5.99733304977417,
      "ce_ttt": 6.362315654754639,
      "ev_loss_trace": [
        [
          0,
          2.1857852935791016
        ],
        [
          9,
          0.5130698680877686
        ],
        [
          24,
          0.4290882647037506
        ],
        [
          49,
          0.3616905212402344
        ]
      ]
    },
    {
      "chain_idx": 9,
      "cb_pos": 9,
      "ev_pos": 0,
      "n_callback_tok": 3,
      "ce_writer": 8.9895658493042,
      "ce_floor": 9.079890251159668,
      "ce_ttt": 9.280981063842773,
      "ev_loss_trace": [
        [
          0,
          2.1127705574035645
        ],
        [
          9,
          0.45521610975265503
        ],
        [
          24,
          0.3752390146255493
        ],
        [
          49,
          0.3357037603855133
        ]
      ]
    },
    {
      "chain_idx": 10,
      "cb_pos": 9,
      "ev_pos": 0,
      "n_callback_tok": 6,
      "ce_writer": 5.147502899169922,
      "ce_floor": 5.1527910232543945,
      "ce_ttt": 5.354532241821289,
      "ev_loss_trace": [
        [
          0,
          2.7724432945251465
        ],
        [
          9,
          0.5251660943031311
        ],
        [
          24,
          0.45524105429649353
        ],
        [
          49,
          0.4127865135669708
        ]
      ]
    },
    {
      "chain_idx": 11,
      "cb_pos": 9,
      "ev_pos": 1,
      "n_callback_tok": 4,
      "ce_writer": 6.844925880432129,
      "ce_floor": 6.840373516082764,
      "ce_ttt": 7.381326675415039,
      "ev_loss_trace": [
        [
          0,
          2.9790337085723877
        ],
        [
          9,
          0.6972513198852539
        ],
        [
          24,
          0.4861338436603546
        ],
        [
          49,
          0.3932190239429474
        ]
      ]
    },
    {
      "chain_idx": 12,
      "cb_pos": 9,
      "ev_pos": 5,
      "n_callback_tok": 3,
      "ce_writer": 7.422133445739746,
      "ce_floor": 7.4616289138793945,
      "ce_ttt": 7.725527763366699,
      "ev_loss_trace": [
        [
          0,
          2.7694380283355713
        ],
        [
          9,
          0.5470840930938721
        ],
        [
          24,
          0.4424480199813843
        ],
        [
          49,
          0.3772011995315552
        ]
      ]
    },
    {
      "chain_idx": 13,
      "cb_pos": 9,
      "ev_pos": 6,
      "n_callback_tok": 3,
      "ce_writer": 8.119384765625,
      "ce_floor": 8.16804313659668,
      "ce_ttt": 8.224224090576172,
      "ev_loss_trace": [
        [
          0,
          3.1757633686065674
        ],
        [
          9,
          0.6878042817115784
        ],
        [
          24,
          0.5014427900314331
        ],
        [
          49,
          0.4040643572807312
        ]
      ]
    },
    {
      "chain_idx": 14,
      "cb_pos": 9,
      "ev_pos": 3,
      "n_callback_tok": 3,
      "ce_writer": 8.073467254638672,
      "ce_floor": 8.268721580505371,
      "ce_ttt": 8.960945129394531,