{
  "ckpt": "output/chain_v24c_v21c_lmemsc_seed1_0p6b_frozen_local/best",
  "eval_corpus": "paper_artifacts/chains/synthd5_random_codes_val_s512.pt",
  "init_mode": "writer",
  "ttt_steps": 50,
  "ttt_lr": 0.01,
  "n_chains_scored": 32,
  "ce_writer_mean": 7.096660614013672,
  "ce_floor_mean": 7.109108254313469,
  "ce_ttt_mean": 7.119667142629623,
  "ttt_lift_vs_floor": -0.01055888831615448,
  "ttt_lift_vs_writer": -0.023006528615951538,
  "verdict": "NEGATIVE: readout + LM-head subsystem cannot represent chain-specific recall regardless of M_c. ARCHITECTURE PIVOT REQUIRED. Do NOT launch writer-side cells (F2/sec1).",
  "per_chain": [
    {
      "chain_idx": 0,
      "cb_pos": 9,
      "ev_pos": 7,
      "n_callback_tok": 4,
      "ce_writer": 7.158843040466309,
      "ce_floor": 7.169966697692871,
      "ce_ttt": 7.243248462677002,
      "ev_loss_trace": [
        [
          0,
          2.211289882659912
        ],
        [
          9,
          1.831803321838379
        ],
        [
          24,
          1.5440531969070435
        ],
        [
          49,
          1.1182454824447632
        ]
      ]
    },
    {
      "chain_idx": 1,
      "cb_pos": 9,
      "ev_pos": 4,
      "n_callback_tok": 4,
      "ce_writer": 6.5170392990112305,
      "ce_floor": 6.5028157234191895,
      "ce_ttt": 6.5157084465026855,
      "ev_loss_trace": [
        [
          0,
          2.277923345565796
        ],
        [
          9,
          2.072162389755249
        ],
        [
          24,
          1.680382251739502
        ],
        [
          49,
          1.1819889545440674
        ]
      ]
    },
    {
      "chain_idx": 2,
      "cb_pos": 9,
      "ev_pos": 4,
      "n_callback_tok": 4,
      "ce_writer": 7.753973007202148,
      "ce_floor": 7.826655387878418,
      "ce_ttt": 7.804744720458984,
      "ev_loss_trace": [
        [
          0,
          1.9292113780975342
        ],
        [
          9,
          1.6605147123336792
        ],
        [
          24,
          1.39223051071167
        ],
        [
          49,
          1.044281244277954
        ]
      ]
    },
    {
      "chain_idx": 3,
      "cb_pos": 9,
      "ev_pos": 5,
      "n_callback_tok": 3,
      "ce_writer": 7.335534572601318,
      "ce_floor": 7.350572109222412,
      "ce_ttt": 7.361739158630371,
      "ev_loss_trace": [
        [
          0,
          1.9713431596755981
        ],
        [
          9,
          1.7861140966415405
        ],
        [
          24,
          1.4317940473556519
        ],
        [
          49,
          1.001422643661499
        ]
      ]
    },
    {
      "chain_idx": 4,
      "cb_pos": 9,
      "ev_pos": 0,
      "n_callback_tok": 5,
      "ce_writer": 4.901236534118652,
      "ce_floor": 4.9119439125061035,
      "ce_ttt": 4.982973098754883,
      "ev_loss_trace": [
        [
          0,
          2.0473437309265137
        ],
        [
          9,
          1.826366662979126
        ],
        [
          24,
          1.567783236503601
        ],
        [
          49,
          1.1162173748016357
        ]
      ]
    },
    {
      "chain_idx": 5,
      "cb_pos": 9,
      "ev_pos": 3,
      "n_callback_tok": 3,
      "ce_writer": 9.334482192993164,
      "ce_floor": 9.456390380859375,
      "ce_ttt": 9.29047966003418,
      "ev_loss_trace": [
        [
          0,
          2.1353015899658203
        ],
        [
          9,
          1.8345402479171753
        ],
        [
          24,
          1.4697039127349854
        ],
        [
          49,
          0.977228045463562
        ]
      ]
    },
    {
      "chain_idx": 6,
      "cb_pos": 9,
      "ev_pos": 0,
      "n_callback_tok": 4,
      "ce_writer": 5.876667022705078,
      "ce_floor": 5.8682403564453125,
      "ce_ttt": 5.819005489349365,
      "ev_loss_trace": [
        [
          0,
          1.9785828590393066
        ],
        [
          9,
          1.6959558725357056
        ],
        [
          24,
          1.4415102005004883
        ],
        [
          49,
          1.014655351638794
        ]
      ]
    },
    {
      "chain_idx": 7,
      "cb_pos": 9,
      "ev_pos": 2,
      "n_callback_tok": 3,
      "ce_writer": 9.594757080078125,
      "ce_floor": 9.453836441040039,
      "ce_ttt": 9.501917839050293,
      "ev_loss_trace": [
        [
          0,
          2.0311737060546875
        ],
        [
          9,
          1.75747811794281
        ],
        [
          24,
          1.473556637763977
        ],
        [
          49,
          1.0721981525421143
        ]
      ]
    },
    {
      "chain_idx": 8,
      "cb_pos": 9,
      "ev_pos": 5,
      "n_callback_tok": 5,
      "ce_writer": 6.010763645172119,
      "ce_floor": 5.99733304977417,
      "ce_ttt": 6.030619144439697,
      "ev_loss_trace": [
        [
          0,
          1.8784162998199463
        ],
        [
          9,
          1.6811234951019287
        ],
        [
          24,
          1.3583688735961914
        ],
        [
          49,
          0.9101724028587341
        ]
      ]
    },
    {
      "chain_idx": 9,
      "cb_pos": 9,
      "ev_pos": 0,
      "n_callback_tok": 3,
      "ce_writer": 8.9895658493042,
      "ce_floor": 9.079890251159668,
      "ce_ttt": 9.10413646697998,
      "ev_loss_trace": [
        [
          0,
          1.978128433227539
        ],
        [
          9,
          1.7681268453598022
        ],
        [
          24,
          1.5015010833740234
        ],
        [
          49,
          1.0812602043151855
        ]
      ]
    },
    {
      "chain_idx": 10,
      "cb_pos": 9,
      "ev_pos": 0,
      "n_callback_tok": 6,
      "ce_writer": 5.147502899169922,
      "ce_floor": 5.1527910232543945,
      "ce_ttt": 5.193453788757324,
      "ev_loss_trace": [
        [
          0,
          2.024170398712158
        ],
        [
          9,
          1.7381832599639893
        ],
        [
          24,
          1.3649959564208984
        ],
        [
          49,
          0.910679042339325
        ]
      ]
    },
    {
      "chain_idx": 11,
      "cb_pos": 9,
      "ev_pos": 1,
      "n_callback_tok": 4,
      "ce_writer": 6.844925880432129,
      "ce_floor": 6.840373516082764,
      "ce_ttt": 6.921465873718262,
      "ev_loss_trace": [
        [
          0,
          2.2936336994171143
        ],
        [
          9,
          2.027996063232422
        ],
        [
          24,
          1.787801742553711
        ],
        [
          49,
          1.3579577207565308
        ]
      ]
    },
    {
      "chain_idx": 12,
      "cb_pos": 9,
      "ev_pos": 5,
      "n_callback_tok": 3,
      "ce_writer": 7.422133445739746,
      "ce_floor": 7.4616289138793945,
      "ce_ttt": 7.47104024887085,
      "ev_loss_trace": [
        [
          0,
          2.8382880687713623
        ],
        [
          9,
          2.384195566177368
        ],
        [
          24,
          2.048793315887451
        ],
        [
          49,
          1.4940438270568848
        ]
      ]
    },
    {
      "chain_idx": 13,
      "cb_pos": 9,
      "ev_pos": 6,
      "n_callback_tok": 3,
      "ce_writer": 8.119384765625,
      "ce_floor": 8.16804313659668,
      "ce_ttt": 8.1410551071167,
      "ev_loss_trace": [
        [
          0,
          2.661529541015625
        ],
        [
          9,
          2.4229085445404053
        ],
        [
          24,
          2.031324625015259
        ],
        [
          49,
          1.5458329916000366
        ]
      ]
    },
    {
      "chain_idx": 14,
      "cb_pos": 9,
      "ev_pos": 3,
      "n_callback_tok": 3,
      "ce_writer": 8.073467254638672,
      "ce_floor": 8.268721580505371,
      "ce_ttt": 8.423042297363281,