{
  "ckpt": "runs/chain_v32a_sparse_synthd5_seed1_0p6b_frozen_local/final",
  "eval_corpus": "paper_artifacts/chains/synthd5_random_codes_val_s512.pt",
  "init_mode": "writer",
  "ttt_steps": 50,
  "ttt_lr": 0.01,
  "n_chains_scored": 32,
  "ce_writer_mean": 4.92910435795784,
  "ce_floor_mean": 4.941747047007084,
  "ce_ttt_mean": 5.019508667290211,
  "ttt_lift_vs_floor": -0.07776162028312683,
  "ttt_lift_vs_writer": -0.09040430933237076,
  "verdict": "NEGATIVE: readout + LM-head subsystem cannot represent chain-specific recall regardless of M_c. ARCHITECTURE PIVOT REQUIRED. Do NOT launch writer-side cells (F2/sec1).",
  "per_chain": [
    {
      "chain_idx": 0,
      "cb_pos": 9,
      "ev_pos": 7,
      "n_callback_tok": 4,
      "ce_writer": 4.472412109375,
      "ce_floor": 4.587421894073486,
      "ce_ttt": 4.426823616027832,
      "ev_loss_trace": [
        [
          0,
          6.293420314788818
        ],
        [
          9,
          3.2445931434631348
        ],
        [
          24,
          1.3240071535110474
        ],
        [
          49,
          0.598211407661438
        ]
      ]
    },
    {
      "chain_idx": 1,
      "cb_pos": 9,
      "ev_pos": 4,
      "n_callback_tok": 4,
      "ce_writer": 5.954590797424316,
      "ce_floor": 5.899998664855957,
      "ce_ttt": 6.112845420837402,
      "ev_loss_trace": [
        [
          0,
          6.721974849700928
        ],
        [
          9,
          3.257303476333618
        ],
        [
          24,
          1.3830186128616333
        ],
        [
          49,
          0.4802550971508026
        ]
      ]
    },
    {
      "chain_idx": 2,
      "cb_pos": 9,
      "ev_pos": 4,
      "n_callback_tok": 4,
      "ce_writer": 4.933327674865723,
      "ce_floor": 4.919400215148926,
      "ce_ttt": 5.34467887878418,
      "ev_loss_trace": [
        [
          0,
          5.040061950683594
        ],
        [
          9,
          2.468777656555176
        ],
        [
          24,
          0.8364874124526978
        ],
        [
          49,
          0.4521279036998749
        ]
      ]
    },
    {
      "chain_idx": 3,
      "cb_pos": 9,
      "ev_pos": 5,
      "n_callback_tok": 3,
      "ce_writer": 6.26950216293335,
      "ce_floor": 6.309367656707764,
      "ce_ttt": 6.279580116271973,
      "ev_loss_trace": [
        [
          0,
          5.977931022644043
        ],
        [
          9,
          2.317312002182007
        ],
        [
          24,
          0.9627322554588318
        ],
        [
          49,
          0.4805031716823578
        ]
      ]
    },
    {
      "chain_idx": 4,
      "cb_pos": 9,
      "ev_pos": 0,
      "n_callback_tok": 5,
      "ce_writer": 3.858882188796997,
      "ce_floor": 3.886432647705078,
      "ce_ttt": 3.8212108612060547,
      "ev_loss_trace": [
        [
          0,
          5.023304462432861
        ],
        [
          9,
          2.0054218769073486
        ],
        [
          24,
          0.7372868061065674
        ],
        [
          49,
          0.3928602933883667
        ]
      ]
    },
    {
      "chain_idx": 5,
      "cb_pos": 9,
      "ev_pos": 3,
      "n_callback_tok": 3,
      "ce_writer": 6.075186729431152,
      "ce_floor": 6.1671977043151855,
      "ce_ttt": 6.186964988708496,
      "ev_loss_trace": [
        [
          0,
          5.306123733520508
        ],
        [
          9,
          2.7732348442077637
        ],
        [
          24,
          1.1617631912231445
        ],
        [
          49,
          0.4921278953552246
        ]
      ]
    },
    {
      "chain_idx": 6,
      "cb_pos": 9,
      "ev_pos": 0,
      "n_callback_tok": 4,
      "ce_writer": 4.789900302886963,
      "ce_floor": 4.768614768981934,
      "ce_ttt": 4.744148254394531,
      "ev_loss_trace": [
        [
          0,
          3.5285098552703857
        ],
        [
          9,
          1.3530701398849487
        ],
        [
          24,
          0.6439637541770935
        ],
        [
          49,
          0.42959898710250854
        ]
      ]
    },
    {
      "chain_idx": 7,
      "cb_pos": 9,
      "ev_pos": 2,
      "n_callback_tok": 3,
      "ce_writer": 6.475949764251709,
      "ce_floor": 6.420097351074219,
      "ce_ttt": 6.436435222625732,
      "ev_loss_trace": [
        [
          0,
          5.052908897399902
        ],
        [
          9,
          1.8990181684494019
        ],
        [
          24,
          0.7617594599723816
        ],
        [
          49,
          0.44955527782440186
        ]
      ]
    },
    {
      "chain_idx": 8,
      "cb_pos": 9,
      "ev_pos": 5,
      "n_callback_tok": 5,
      "ce_writer": 4.118215560913086,
      "ce_floor": 4.099530220031738,
      "ce_ttt": 4.112834453582764,
      "ev_loss_trace": [
        [
          0,
          5.125385761260986
        ],
        [
          9,
          2.0789694786071777
        ],
        [
          24,
          0.9335619807243347
        ],
        [
          49,
          0.49798619747161865
        ]
      ]
    },
    {
      "chain_idx": 9,
      "cb_pos": 9,
      "ev_pos": 0,
      "n_callback_tok": 3,
      "ce_writer": 5.260854721069336,
      "ce_floor": 5.425841331481934,
      "ce_ttt": 5.501373291015625,
      "ev_loss_trace": [
        [
          0,
          4.750664234161377
        ],
        [
          9,
          1.5112080574035645
        ],
        [
          24,
          0.6302217841148376
        ],
        [
          49,
          0.40196362137794495
        ]
      ]
    },
    {
      "chain_idx": 10,
      "cb_pos": 9,
      "ev_pos": 0,
      "n_callback_tok": 6,
      "ce_writer": 3.449415922164917,
      "ce_floor": 3.4279627799987793,
      "ce_ttt": 3.642277479171753,
      "ev_loss_trace": [
        [
          0,
          4.163969993591309
        ],
        [
          9,
          1.118992567062378
        ],
        [
          24,
          0.6417751908302307
        ],
        [
          49,
          0.4222342073917389
        ]
      ]
    },
    {
      "chain_idx": 11,
      "cb_pos": 9,
      "ev_pos": 1,
      "n_callback_tok": 4,
      "ce_writer": 4.5604963302612305,
      "ce_floor": 4.5368733406066895,
      "ce_ttt": 4.544784069061279,
      "ev_loss_trace": [
        [
          0,
          7.120389461517334
        ],
        [
          9,
          3.4093856811523438
        ],
        [
          24,
          1.3800413608551025
        ],
        [
          49,
          0.5741575956344604
        ]
      ]
    },
    {
      "chain_idx": 12,
      "cb_pos": 9,
      "ev_pos": 5,
      "n_callback_tok": 3,
      "ce_writer": 5.847959518432617,
      "ce_floor": 5.828612327575684,
      "ce_ttt": 5.805768013000488,
      "ev_loss_trace": [
        [
          0,
          5.2526469230651855
        ],
        [
          9,
          3.2344460487365723
        ],
        [
          24,
          1.345078706741333
        ],
        [
          49,
          0.4539809226989746
        ]
      ]
    },
    {
      "chain_idx": 13,
      "cb_pos": 9,
      "ev_pos": 6,
      "n_callback_tok": 3,
      "ce_writer": 5.333804607391357,
      "ce_floor": 5.385713577270508,
      "ce_ttt": 5.408369064331055,
      "ev_loss_trace": [
        [
          0,
          6.355105400085449
        ],
        [
          9,
          3.7410848140716553
        ],
        [
          24,
          1.555343747138977
        ],
        [
          49,
          0.5189472436904907
        ]
      ]
    },
    {
      "chain_idx": 14,
      "cb_pos": 9,
      "ev_pos": 3,
      "n_callback_tok": 3,
      "ce_writer": 6.230491638183594,
      "ce_floor": 6.161942481994629,
      "ce_ttt": 6.283780097961426,