{
  "model_path": "/home/ubuntu/memory_residuals/output/chain_v2_phaseA_softparity_b4/best",
  "corpus": "/home/ubuntu/memory_residuals/paper_artifacts/chains/stage1_validation_s512.pt",
  "depths": [
    1,
    2,
    4,
    8
  ],
  "results": {
    "depth_1": {
      "n": 30,
      "ce_normal": 2.7863528549671175,
      "ce_perturbed": 2.7948746581872306,
      "delta_mean": 0.008521803220113118,
      "delta_std": 0.01137734694889385
    },
    "depth_2": {
      "n": 30,
      "ce_normal": 2.7863528549671175,
      "ce_perturbed": 2.7869240403175355,
      "delta_mean": 0.0005711853504180908,
      "delta_std": 0.005222253641651425
    },
    "depth_4": {
      "n": 30,
      "ce_normal": 2.7863528549671175,
      "ce_perturbed": 2.786050883928935,
      "delta_mean": -0.0003019710381825765,
      "delta_std": 0.0022387667183448264
    },
    "depth_8": {
      "n": 30,
      "ce_normal": 2.7863528549671175,
      "ce_perturbed": 2.7863930225372315,
      "delta_mean": 4.016757011413574e-05,
      "delta_std": 0.0014783118838241163
    },
    "depth_ALL": {
      "n": 30,
      "ce_normal": 2.7863528549671175,
      "ce_perturbed": 2.7949138740698496,
      "delta_mean": 0.008561019102732341,
      "delta_std": 0.008300592705126808
    }
  },
  "n_chains_eligible": 42,
  "n_chains_used": 30,
  "per_chain": [
    {
      "chain_id": "56719",
      "length": 71,
      "ce_normal": 3.110734224319458,
      "ce_nomem": 3.1193270683288574,
      "by_depth": {
        "1": {
          "ce_perturbed": 3.0989818572998047,
          "delta": -0.01175236701965332
        },
        "2": {
          "ce_perturbed": 3.1088972091674805,
          "delta": -0.001837015151977539
        },
        "4": {
          "ce_perturbed": 3.106767416000366,
          "delta": -0.003966808319091797
        },
        "8": {
          "ce_perturbed": 3.1072514057159424,
          "delta": -0.003482818603515625
        }
      }
    },
    {
      "chain_id": "36402",
      "length": 16,
      "ce_normal": 2.9129300117492676,
      "ce_nomem": 2.928300619125366,
      "by_depth": {
        "1": {
          "ce_perturbed": 2.9137625694274902,
          "delta": 0.0008325576782226562
        },
        "2": {
          "ce_perturbed": 2.9176790714263916,
          "delta": 0.0047490596771240234
        },
        "4": {
          "ce_perturbed": 2.913552761077881,
          "delta": 0.0006227493286132812
        },
        "8": {
          "ce_perturbed": 2.9112534523010254,
          "delta": -0.0016765594482421875
        }
      }
    },
    {
      "chain_id": "25066",
      "length": 10,
      "ce_normal": 3.441087245941162,
      "ce_nomem": 3.4373996257781982,
      "by_depth": {
        "1": {
          "ce_perturbed": 3.438680648803711,
          "delta": -0.002406597137451172
        },
        "2": {
          "ce_perturbed": 3.4362595081329346,
          "delta": -0.004827737808227539
        },
        "4": {
          "ce_perturbed": 3.4397623538970947,
          "delta": -0.0013248920440673828
        },
        "8": {
          "ce_perturbed": 3.439241647720337,
          "delta": -0.0018455982208251953
        }
      }
    },
    {
      "chain_id": "38214",
      "length": 159,
      "ce_normal": 2.2486965656280518,
      "ce_nomem": 2.257417917251587,
      "by_depth": {
        "1": {
          "ce_perturbed": 2.2792623043060303,
          "delta": 0.030565738677978516
        },
        "2": {
          "ce_perturbed": 2.2495341300964355,
          "delta": 0.0008375644683837891
        },
        "4": {
          "ce_perturbed": 2.2474284172058105,
          "delta": -0.001268148422241211
        },
        "8": {
          "ce_perturbed": 2.247076988220215,
          "delta": -0.001619577407836914
        }
      }
    },
    {
      "chain_id": "48461",
      "length": 20,
      "ce_normal": 3.265974283218384,
      "ce_nomem": 3.2718048095703125,
      "by_depth": {
        "1": {
          "ce_perturbed": 3.2766411304473877,
          "delta": 0.010666847229003906
        },
        "2": {
          "ce_perturbed": 3.2797350883483887,
          "delta": 0.013760805130004883
        },
        "4": {
          "ce_perturbed": 3.267967462539673,
          "delta": 0.0019931793212890625
        },
        "8": {
          "ce_perturbed": 3.2684643268585205,
          "delta": 0.0024900436401367188
        }
      }
    },
    {
      "chain_id": "32629",
      "length": 15,
      "ce_normal": 1.6693620681762695,
      "ce_nomem": 1.6931463479995728,
      "by_depth": {
        "1": {
          "ce_perturbed": 1.682301640510559,
          "delta": 0.01293957233428955
        },
        "2": {
          "ce_perturbed": 1.6754584312438965,
          "delta": 0.006096363067626953
        },
        "4": {
          "ce_perturbed": 1.6694457530975342,
          "delta": 8.368492126464844e-05
        },
        "8": {
          "ce_perturbed": 1.6708004474639893,
          "delta": 0.0014383792877197266
        }
      }
    },
    {
      "chain_id": "58093",
      "length": 10,
      "ce_normal": 3.314051389694214,
      "ce_nomem": 3.3189313411712646,
      "by_depth": {
        "1": {
          "ce_perturbed": 3.3160204887390137,
          "delta": 0.0019690990447998047
        },
        "2": {
          "ce_perturbed": 3.3125107288360596,
          "delta": -0.0015406608581542969
        },
        "4": {
          "ce_perturbed": 3.3164901733398438,
          "delta": 0.002438783645629883
        },
        "8": {
          "ce_perturbed": 3.3137588500976562,
          "delta": -0.0002925395965576172
        }
      }
    },
    {
      "chain_id": "29981",
      "length": 11,
      "ce_normal": 3.2064666748046875,
      "ce_nomem": 3.2224690914154053,
      "by_depth": {
        "1": {
          "ce_perturbed": 3.2236857414245605,
          "delta": 0.017219066619873047
        },
        "2": {
          "ce_perturbed": 3.201737642288208,
          "delta": -0.004729032516479492
        },
        "4": {
          "ce_perturbed": 3.205587863922119,
          "delta": -0.0008788108825683594
        },
        "8": {
          "ce_perturbed": 3.2070891857147217,
          "delta": 0.0006225109100341797
        }
      }
    },
    {
      "chain_id": "43423",
      "length": 139,
      "ce_normal": 3.4237585067749023,
      "ce_nomem": 3.4273550510406494,
      "by_depth": {
        "1": {
          "ce_perturbed": 3.425520181655884,
          "delta": 0.0017616748809814453
        },
        "2": {
          "ce_perturbed": 3.425611734390259,
          "delta": 0.0018532276153564453
        },
        "4": {
          "ce_perturbed": 3.423661231994629,
          "delta": -9.72747802734375e-05
        },
        "8": {
          "ce_perturbed": 3.422689914703369,
          "delta": -0.0010685920715332031
        }
      }
    },
    {
      "chain_id": "7510",
      "length": 37,
      "ce_normal": 3.380770444869995,
      "ce_nomem": 3.397691011428833,
      "by_depth": {
        "1": {
          "ce_perturbed": 3.3877456188201904,
          "delta": 0.0069751739501953125
        },
        "2": {
          "ce_perturbed": 3.379262924194336,
          "delta": -0.0015075206756591797
        },
        "4": {
          "ce_perturbed": 3.378544330596924,
          "delta": -0.002226114273071289
        },
        "8": {
          "ce_perturbed": 3.38145112991333,
          "delta": 0.0006806850433349609
        }
      }
    },
    {
      "chain_id": "53682",
      "length": 76,
      "ce_normal": 2.850001811981201,
      "ce_nomem": 2.85679030418396,
      "by_depth": {
        "1": {
          "ce_perturbed": 2.8729918003082275,
          "delta": 0.022989988327026367
        },
        "2": {
          "ce_perturbed": 2.8480007648468018,
          "delta": -0.002001047134399414
        },
        "4": {
          "ce_perturbed": 2.8520712852478027,
          "delta": 0.0020694732666015625
        },