{
  "model_path": "/home/ubuntu/memory_residuals/output/chain_v3_softparity_full/best",
  "corpus": "/home/ubuntu/memory_residuals/paper_artifacts/chains/stage1_validation_s512.pt",
  "depths": [
    1,
    2,
    4,
    8
  ],
  "results": {
    "depth_1": {
      "n": 30,
      "ce_normal": 2.768567458788554,
      "ce_perturbed": 2.7779799977938335,
      "delta_mean": 0.009412539005279542,
      "delta_std": 0.013661786406767846
    },
    "depth_2": {
      "n": 30,
      "ce_normal": 2.768567458788554,
      "ce_perturbed": 2.7693988660971325,
      "delta_mean": 0.0008314073085784913,
      "delta_std": 0.0050356054997137585
    },
    "depth_4": {
      "n": 30,
      "ce_normal": 2.768567458788554,
      "ce_perturbed": 2.7688284873962403,
      "delta_mean": 0.00026102860768636066,
      "delta_std": 0.0024734468538556336
    },
    "depth_8": {
      "n": 30,
      "ce_normal": 2.768567458788554,
      "ce_perturbed": 2.768605798482895,
      "delta_mean": 3.8339694341023764e-05,
      "delta_std": 0.0017008951282189828
    },
    "depth_ALL": {
      "n": 30,
      "ce_normal": 2.768567458788554,
      "ce_perturbed": 2.78123703400294,
      "delta_mean": 0.012669575214385987,
      "delta_std": 0.009977835217941301
    }
  },
  "n_chains_eligible": 42,
  "n_chains_used": 30,
  "per_chain": [
    {
      "chain_id": "56719",
      "length": 71,
      "ce_normal": 3.0840530395507812,
      "ce_nomem": 3.109966516494751,
      "by_depth": {
        "1": {
          "ce_perturbed": 3.0790464878082275,
          "delta": -0.005006551742553711
        },
        "2": {
          "ce_perturbed": 3.0862324237823486,
          "delta": 0.002179384231567383
        },
        "4": {
          "ce_perturbed": 3.0894267559051514,
          "delta": 0.005373716354370117
        },
        "8": {
          "ce_perturbed": 3.080130100250244,
          "delta": -0.003922939300537109
        }
      }
    },
    {
      "chain_id": "36402",
      "length": 16,
      "ce_normal": 2.890925884246826,
      "ce_nomem": 2.907877206802368,
      "by_depth": {
        "1": {
          "ce_perturbed": 2.89078950881958,
          "delta": -0.00013637542724609375
        },
        "2": {
          "ce_perturbed": 2.88726806640625,
          "delta": -0.003657817840576172
        },
        "4": {
          "ce_perturbed": 2.8886148929595947,
          "delta": -0.0023109912872314453
        },
        "8": {
          "ce_perturbed": 2.8901569843292236,
          "delta": -0.0007688999176025391
        }
      }
    },
    {
      "chain_id": "25066",
      "length": 10,
      "ce_normal": 3.410384178161621,
      "ce_nomem": 3.406590461730957,
      "by_depth": {
        "1": {
          "ce_perturbed": 3.4121267795562744,
          "delta": 0.0017426013946533203
        },
        "2": {
          "ce_perturbed": 3.412470579147339,
          "delta": 0.0020864009857177734
        },
        "4": {
          "ce_perturbed": 3.4102795124053955,
          "delta": -0.00010466575622558594
        },
        "8": {
          "ce_perturbed": 3.4133963584899902,
          "delta": 0.0030121803283691406
        }
      }
    },
    {
      "chain_id": "38214",
      "length": 159,
      "ce_normal": 2.2415335178375244,
      "ce_nomem": 2.2482097148895264,
      "by_depth": {
        "1": {
          "ce_perturbed": 2.281751871109009,
          "delta": 0.040218353271484375
        },
        "2": {
          "ce_perturbed": 2.2516345977783203,
          "delta": 0.010101079940795898
        },
        "4": {
          "ce_perturbed": 2.2391514778137207,
          "delta": -0.002382040023803711
        },
        "8": {
          "ce_perturbed": 2.240974187850952,
          "delta": -0.0005593299865722656
        }
      }
    },
    {
      "chain_id": "48461",
      "length": 20,
      "ce_normal": 3.2517340183258057,
      "ce_nomem": 3.2569830417633057,
      "by_depth": {
        "1": {
          "ce_perturbed": 3.2522382736206055,
          "delta": 0.0005042552947998047
        },
        "2": {
          "ce_perturbed": 3.2560973167419434,
          "delta": 0.004363298416137695
        },
        "4": {
          "ce_perturbed": 3.2500686645507812,
          "delta": -0.001665353775024414
        },
        "8": {
          "ce_perturbed": 3.2506959438323975,
          "delta": -0.0010380744934082031
        }
      }
    },
    {
      "chain_id": "32629",
      "length": 15,
      "ce_normal": 1.6580342054367065,
      "ce_nomem": 1.69078528881073,
      "by_depth": {
        "1": {
          "ce_perturbed": 1.6698776483535767,
          "delta": 0.011843442916870117
        },
        "2": {
          "ce_perturbed": 1.6611741781234741,
          "delta": 0.003139972686767578
        },
        "4": {
          "ce_perturbed": 1.6574112176895142,
          "delta": -0.0006229877471923828
        },
        "8": {
          "ce_perturbed": 1.6565711498260498,
          "delta": -0.0014630556106567383
        }
      }
    },
    {
      "chain_id": "58093",
      "length": 10,
      "ce_normal": 3.2878506183624268,
      "ce_nomem": 3.30332350730896,
      "by_depth": {
        "1": {
          "ce_perturbed": 3.2988858222961426,
          "delta": 0.01103520393371582
        },
        "2": {
          "ce_perturbed": 3.289029598236084,
          "delta": 0.0011789798736572266
        },
        "4": {
          "ce_perturbed": 3.2889039516448975,
          "delta": 0.0010533332824707031
        },
        "8": {
          "ce_perturbed": 3.2878942489624023,
          "delta": 4.363059997558594e-05
        }
      }
    },
    {
      "chain_id": "29981",
      "length": 11,
      "ce_normal": 3.189120054244995,
      "ce_nomem": 3.2109460830688477,
      "by_depth": {
        "1": {
          "ce_perturbed": 3.203598976135254,
          "delta": 0.014478921890258789
        },
        "2": {
          "ce_perturbed": 3.1849536895751953,
          "delta": -0.004166364669799805
        },
        "4": {
          "ce_perturbed": 3.1879703998565674,
          "delta": -0.0011496543884277344
        },
        "8": {
          "ce_perturbed": 3.188370704650879,
          "delta": -0.0007493495941162109
        }
      }
    },
    {
      "chain_id": "43423",
      "length": 139,
      "ce_normal": 3.4206466674804688,
      "ce_nomem": 3.4233922958374023,
      "by_depth": {
        "1": {
          "ce_perturbed": 3.4197936058044434,
          "delta": -0.0008530616760253906
        },
        "2": {
          "ce_perturbed": 3.420802593231201,
          "delta": 0.00015592575073242188
        },
        "4": {
          "ce_perturbed": 3.4220094680786133,
          "delta": 0.0013628005981445312
        },
        "8": {
          "ce_perturbed": 3.4233930110931396,
          "delta": 0.0027463436126708984
        }
      }
    },
    {
      "chain_id": "7510",
      "length": 37,
      "ce_normal": 3.345651388168335,
      "ce_nomem": 3.36775803565979,
      "by_depth": {
        "1": {
          "ce_perturbed": 3.3551738262176514,
          "delta": 0.009522438049316406
        },
        "2": {
          "ce_perturbed": 3.3439154624938965,
          "delta": -0.0017359256744384766
        },
        "4": {
          "ce_perturbed": 3.3479177951812744,
          "delta": 0.002266407012939453
        },
        "8": {
          "ce_perturbed": 3.34466814994812,
          "delta": -0.0009832382202148438
        }
      }
    },
    {
      "chain_id": "53682",
      "length": 76,
      "ce_normal": 2.8470330238342285,
      "ce_nomem": 2.83587384223938,
      "by_depth": {
        "1": {
          "ce_perturbed": 2.892223596572876,
          "delta": 0.04519057273864746
        },
        "2": {
          "ce_perturbed": 2.8386034965515137,
          "delta": -0.008429527282714844
        },
        "4": {
          "ce_perturbed": 2.8466880321502686,
          "delta": -0.00034499168395996094
        },