{
  "model_path": "/home/ubuntu/memory_residuals/output/chain_v3_attentionbase_full/best",
  "corpus": "/home/ubuntu/memory_residuals/paper_artifacts/chains/stage1_validation_s512.pt",
  "depths": [
    1,
    2,
    4,
    8
  ],
  "results": {
    "depth_1": {
      "n": 30,
      "ce_normal": 2.7827037394046785,
      "ce_perturbed": 2.7857613523801166,
      "delta_mean": 0.0030576129754384357,
      "delta_std": 0.005735968506746997
    },
    "depth_2": {
      "n": 30,
      "ce_normal": 2.7827037394046785,
      "ce_perturbed": 2.7829057733217875,
      "delta_mean": 0.00020203391710917155,
      "delta_std": 0.002586278293912486
    },
    "depth_4": {
      "n": 30,
      "ce_normal": 2.7827037394046785,
      "ce_perturbed": 2.7828439831733705,
      "delta_mean": 0.0001402437686920166,
      "delta_std": 0.0022106506431260535
    },
    "depth_8": {
      "n": 30,
      "ce_normal": 2.7827037394046785,
      "ce_perturbed": 2.782647595802943,
      "delta_mean": -5.614360173543294e-05,
      "delta_std": 0.001951743671889572
    },
    "depth_ALL": {
      "n": 30,
      "ce_normal": 2.7827037394046785,
      "ce_perturbed": 2.787722980976105,
      "delta_mean": 0.005019241571426391,
      "delta_std": 0.006139447399190628
    }
  },
  "n_chains_eligible": 42,
  "n_chains_used": 30,
  "per_chain": [
    {
      "chain_id": "56719",
      "length": 71,
      "ce_normal": 3.097028970718384,
      "ce_nomem": 3.1009199619293213,
      "by_depth": {
        "1": {
          "ce_perturbed": 3.0953524112701416,
          "delta": -0.0016765594482421875
        },
        "2": {
          "ce_perturbed": 3.102421760559082,
          "delta": 0.005392789840698242
        },
        "4": {
          "ce_perturbed": 3.0980846881866455,
          "delta": 0.0010557174682617188
        },
        "8": {
          "ce_perturbed": 3.098465919494629,
          "delta": 0.0014369487762451172
        }
      }
    },
    {
      "chain_id": "36402",
      "length": 16,
      "ce_normal": 2.9029765129089355,
      "ce_nomem": 2.9086053371429443,
      "by_depth": {
        "1": {
          "ce_perturbed": 2.9066665172576904,
          "delta": 0.003690004348754883
        },
        "2": {
          "ce_perturbed": 2.9049859046936035,
          "delta": 0.0020093917846679688
        },
        "4": {
          "ce_perturbed": 2.9025206565856934,
          "delta": -0.0004558563232421875
        },
        "8": {
          "ce_perturbed": 2.8989906311035156,
          "delta": -0.003985881805419922
        }
      }
    },
    {
      "chain_id": "25066",
      "length": 10,
      "ce_normal": 3.412726640701294,
      "ce_nomem": 3.414462089538574,
      "by_depth": {
        "1": {
          "ce_perturbed": 3.4100677967071533,
          "delta": -0.002658843994140625
        },
        "2": {
          "ce_perturbed": 3.415955066680908,
          "delta": 0.003228425979614258
        },
        "4": {
          "ce_perturbed": 3.4131784439086914,
          "delta": 0.00045180320739746094
        },
        "8": {
          "ce_perturbed": 3.4129445552825928,
          "delta": 0.00021791458129882812
        }
      }
    },
    {
      "chain_id": "38214",
      "length": 159,
      "ce_normal": 2.2715649604797363,
      "ce_nomem": 2.2684824466705322,
      "by_depth": {
        "1": {
          "ce_perturbed": 2.2736735343933105,
          "delta": 0.0021085739135742188
        },
        "2": {
          "ce_perturbed": 2.272120237350464,
          "delta": 0.0005552768707275391
        },
        "4": {
          "ce_perturbed": 2.267759084701538,
          "delta": -0.003805875778198242
        },
        "8": {
          "ce_perturbed": 2.2684788703918457,
          "delta": -0.003086090087890625
        }
      }
    },
    {
      "chain_id": "48461",
      "length": 20,
      "ce_normal": 3.2508974075317383,
      "ce_nomem": 3.256662607192993,
      "by_depth": {
        "1": {
          "ce_perturbed": 3.2561452388763428,
          "delta": 0.005247831344604492
        },
        "2": {
          "ce_perturbed": 3.2533609867095947,
          "delta": 0.0024635791778564453
        },
        "4": {
          "ce_perturbed": 3.25260329246521,
          "delta": 0.0017058849334716797
        },
        "8": {
          "ce_perturbed": 3.2528414726257324,
          "delta": 0.0019440650939941406
        }
      }
    },
    {
      "chain_id": "32629",
      "length": 15,
      "ce_normal": 1.6770168542861938,
      "ce_nomem": 1.6858614683151245,
      "by_depth": {
        "1": {
          "ce_perturbed": 1.6843304634094238,
          "delta": 0.0073136091232299805
        },
        "2": {
          "ce_perturbed": 1.6782231330871582,
          "delta": 0.0012062788009643555
        },
        "4": {
          "ce_perturbed": 1.678249478340149,
          "delta": 0.0012326240539550781
        },
        "8": {
          "ce_perturbed": 1.677742838859558,
          "delta": 0.0007259845733642578
        }
      }
    },
    {
      "chain_id": "58093",
      "length": 10,
      "ce_normal": 3.308901071548462,
      "ce_nomem": 3.3107857704162598,
      "by_depth": {
        "1": {
          "ce_perturbed": 3.3099188804626465,
          "delta": 0.0010178089141845703
        },
        "2": {
          "ce_perturbed": 3.312591791152954,
          "delta": 0.0036907196044921875
        },
        "4": {
          "ce_perturbed": 3.3105452060699463,
          "delta": 0.001644134521484375
        },
        "8": {
          "ce_perturbed": 3.3089780807495117,
          "delta": 7.700920104980469e-05
        }
      }
    },
    {
      "chain_id": "29981",
      "length": 11,
      "ce_normal": 3.1983466148376465,
      "ce_nomem": 3.216613292694092,
      "by_depth": {
        "1": {
          "ce_perturbed": 3.203906774520874,
          "delta": 0.005560159683227539
        },
        "2": {
          "ce_perturbed": 3.1965222358703613,
          "delta": -0.0018243789672851562
        },
        "4": {
          "ce_perturbed": 3.1939921379089355,
          "delta": -0.0043544769287109375
        },
        "8": {
          "ce_perturbed": 3.194225788116455,
          "delta": -0.004120826721191406
        }
      }
    },
    {
      "chain_id": "43423",
      "length": 139,
      "ce_normal": 3.4298970699310303,
      "ce_nomem": 3.4314913749694824,
      "by_depth": {
        "1": {
          "ce_perturbed": 3.426851511001587,
          "delta": -0.0030455589294433594
        },
        "2": {
          "ce_perturbed": 3.4296531677246094,
          "delta": -0.00024390220642089844
        },
        "4": {
          "ce_perturbed": 3.429574966430664,
          "delta": -0.00032210350036621094
        },
        "8": {
          "ce_perturbed": 3.4287803173065186,
          "delta": -0.0011167526245117188
        }
      }
    },
    {
      "chain_id": "7510",
      "length": 37,
      "ce_normal": 3.365297317504883,
      "ce_nomem": 3.3729350566864014,
      "by_depth": {
        "1": {
          "ce_perturbed": 3.3703558444976807,
          "delta": 0.0050585269927978516
        },
        "2": {
          "ce_perturbed": 3.367767810821533,
          "delta": 0.0024704933166503906
        },
        "4": {
          "ce_perturbed": 3.365447521209717,
          "delta": 0.00015020370483398438
        },
        "8": {
          "ce_perturbed": 3.36584210395813,
          "delta": 0.0005447864532470703
        }
      }
    },
    {
      "chain_id": "53682",
      "length": 76,
      "ce_normal": 2.8249590396881104,
      "ce_nomem": 2.8338677883148193,
      "by_depth": {
        "1": {
          "ce_perturbed": 2.8485302925109863,
          "delta": 0.023571252822875977
        },
        "2": {
          "ce_perturbed": 2.8228437900543213,
          "delta": -0.0021152496337890625
        },
        "4": {
          "ce_perturbed": 2.827754020690918,
          "delta": 0.002794981002807617
        },