{
  "model_path": "/home/ubuntu/memory_residuals/output/chain_v3_attentionbase_full/best",
  "corpus": "/home/ubuntu/memory_residuals/paper_artifacts/chains/locomo_s512.pt",
  "depths": [
    1,
    2,
    4,
    8
  ],
  "results": {
    "depth_1": {
      "n": 10,
      "ce_normal": 2.5378379583358766,
      "ce_perturbed": 2.537137269973755,
      "delta_mean": -0.000700688362121582,
      "delta_std": 0.0032689735761870353
    },
    "depth_2": {
      "n": 10,
      "ce_normal": 2.5378379583358766,
      "ce_perturbed": 2.539436149597168,
      "delta_mean": 0.001598191261291504,
      "delta_std": 0.0016150307211387413
    },
    "depth_4": {
      "n": 10,
      "ce_normal": 2.5378379583358766,
      "ce_perturbed": 2.5381894588470457,
      "delta_mean": 0.0003515005111694336,
      "delta_std": 0.0018419337616019378
    },
    "depth_8": {
      "n": 10,
      "ce_normal": 2.5378379583358766,
      "ce_perturbed": 2.538733696937561,
      "delta_mean": 0.0008957386016845703,
      "delta_std": 0.0021121459236216234
    },
    "depth_ALL": {
      "n": 10,
      "ce_normal": 2.5378379583358766,
      "ce_perturbed": 2.532961201667786,
      "delta_mean": -0.00487675666809082,
      "delta_std": 0.007472332118601365
    }
  },
  "n_chains_eligible": 10,
  "n_chains_used": 10,
  "per_chain": [
    {
      "chain_id": "conv-48",
      "length": 30,
      "ce_normal": 2.73978328704834,
      "ce_nomem": 2.7319045066833496,
      "by_depth": {
        "1": {
          "ce_perturbed": 2.74013352394104,
          "delta": 0.0003502368927001953
        },
        "2": {
          "ce_perturbed": 2.742326259613037,
          "delta": 0.0025429725646972656
        },
        "4": {
          "ce_perturbed": 2.7387301921844482,
          "delta": -0.0010530948638916016
        },
        "8": {
          "ce_perturbed": 2.73897123336792,
          "delta": -0.0008120536804199219
        }
      }
    },
    {
      "chain_id": "conv-41",
      "length": 32,
      "ce_normal": 2.423215627670288,
      "ce_nomem": 2.42642879486084,
      "by_depth": {
        "1": {
          "ce_perturbed": 2.424161434173584,
          "delta": 0.0009458065032958984
        },
        "2": {
          "ce_perturbed": 2.4251744747161865,
          "delta": 0.0019588470458984375
        },
        "4": {
          "ce_perturbed": 2.4211645126342773,
          "delta": -0.002051115036010742
        },
        "8": {
          "ce_perturbed": 2.4248085021972656,
          "delta": 0.001592874526977539
        }
      }
    },
    {
      "chain_id": "conv-43",
      "length": 29,
      "ce_normal": 2.271627187728882,
      "ce_nomem": 2.271146535873413,
      "by_depth": {
        "1": {
          "ce_perturbed": 2.275346517562866,
          "delta": 0.003719329833984375
        },
        "2": {
          "ce_perturbed": 2.2733123302459717,
          "delta": 0.0016851425170898438
        },
        "4": {
          "ce_perturbed": 2.2745609283447266,
          "delta": 0.0029337406158447266
        },
        "8": {
          "ce_perturbed": 2.272388219833374,
          "delta": 0.0007610321044921875
        }
      }
    },
    {
      "chain_id": "conv-50",
      "length": 30,
      "ce_normal": 2.6882755756378174,
      "ce_nomem": 2.6781423091888428,
      "by_depth": {
        "1": {
          "ce_perturbed": 2.680739402770996,
          "delta": -0.007536172866821289
        },
        "2": {
          "ce_perturbed": 2.6866447925567627,
          "delta": -0.0016307830810546875
        },
        "4": {
          "ce_perturbed": 2.6895720958709717,
          "delta": 0.0012965202331542969
        },
        "8": {
          "ce_perturbed": 2.686063051223755,
          "delta": -0.0022125244140625
        }
      }
    },
    {
      "chain_id": "conv-44",
      "length": 28,
      "ce_normal": 2.91497802734375,
      "ce_nomem": 2.9056103229522705,
      "by_depth": {
        "1": {
          "ce_perturbed": 2.914187431335449,
          "delta": -0.0007905960083007812
        },
        "2": {
          "ce_perturbed": 2.918999671936035,
          "delta": 0.004021644592285156
        },
        "4": {
          "ce_perturbed": 2.9167466163635254,
          "delta": 0.0017685890197753906
        },
        "8": {
          "ce_perturbed": 2.9195032119750977,
          "delta": 0.004525184631347656
        }
      }
    },
    {
      "chain_id": "conv-42",
      "length": 29,
      "ce_normal": 2.5547537803649902,
      "ce_nomem": 2.540651798248291,
      "by_depth": {
        "1": {
          "ce_perturbed": 2.556666135787964,
          "delta": 0.0019123554229736328
        },
        "2": {
          "ce_perturbed": 2.556447982788086,
          "delta": 0.0016942024230957031
        },
        "4": {
          "ce_perturbed": 2.5553324222564697,
          "delta": 0.0005786418914794922
        },
        "8": {
          "ce_perturbed": 2.5571916103363037,
          "delta": 0.0024378299713134766
        }
      }
    },
    {
      "chain_id": "conv-30",
      "length": 19,
      "ce_normal": 2.025702476501465,
      "ce_nomem": 2.018812656402588,
      "by_depth": {
        "1": {
          "ce_perturbed": 2.024980068206787,
          "delta": -0.0007224082946777344
        },
        "2": {
          "ce_perturbed": 2.0284698009490967,
          "delta": 0.002767324447631836
        },
        "4": {
          "ce_perturbed": 2.023869514465332,
          "delta": -0.0018329620361328125
        },
        "8": {
          "ce_perturbed": 2.0254790782928467,
          "delta": -0.00022339820861816406
        }
      }
    },
    {
      "chain_id": "conv-49",
      "length": 25,
      "ce_normal": 2.654425859451294,
      "ce_nomem": 2.6615219116210938,
      "by_depth": {
        "1": {
          "ce_perturbed": 2.653505325317383,
          "delta": -0.0009205341339111328
        },
        "2": {
          "ce_perturbed": 2.6563687324523926,
          "delta": 0.0019428730010986328
        },
        "4": {
          "ce_perturbed": 2.6527552604675293,
          "delta": -0.0016705989837646484
        },
        "8": {
          "ce_perturbed": 2.6528074741363525,
          "delta": -0.0016183853149414062
        }
      }
    },
    {
      "chain_id": "conv-47",
      "length": 31,
      "ce_normal": 2.6050479412078857,
      "ce_nomem": 2.607945680618286,
      "by_depth": {
        "1": {
          "ce_perturbed": 2.6058876514434814,
          "delta": 0.0008397102355957031
        },
        "2": {
          "ce_perturbed": 2.6066055297851562,
          "delta": 0.0015575885772705078
        },
        "4": {
          "ce_perturbed": 2.607186794281006,
          "delta": 0.002138853073120117
        },
        "8": {
          "ce_perturbed": 2.6076602935791016,
          "delta": 0.0026123523712158203
        }
      }
    },
    {
      "chain_id": "conv-26",
      "length": 19,
      "ce_normal": 2.5005698204040527,
      "ce_nomem": 2.487447500228882,
      "by_depth": {
        "1": {
          "ce_perturbed": 2.495765209197998,
          "delta": -0.0048046112060546875
        },
        "2": {
          "ce_perturbed": 2.500011920928955,
          "delta": -0.0005578994750976562
        },
        "4": {
          "ce_perturbed": 2.501976251602173,
          "delta": 0.0014064311981201172
        },
        "8": {
          "ce_perturbed": 2.5024642944335938,
          "delta": 0.0018944740295410156
        }
      }
    }
  ]
}