{
  "input": "paper_artifacts/eval/chain_v3_softparity_full_eval.json",
  "n_resamples": 1000,
  "seed": 42,
  "corpora": {
    "pg19_val": {
      "delta_nm_m": {
        "n": 47,
        "point": 0.001981862999023143,
        "ci_lo_95": 0.001103374219321207,
        "ci_hi_95": 0.0028282772115569175,
        "ci_lo_99": 0.0008021861235513184,
        "ci_hi_99": 0.003139427649847826,
        "se": 0.0004340874609676614
      },
      "delta_sh_m": {
        "n": 26,
        "point": 0.025725708558009153,
        "ci_lo_95": -6.83351778065777e-05,
        "ci_hi_95": 0.06437236678141778,
        "ci_lo_99": -0.00022648407576182584,
        "ci_hi_99": 0.07731604090963384,
        "se": 0.01743439519792331
      },
      "delta_or_m": {
        "n": 47,
        "point": -0.097539965142595,
        "ci_lo_95": -0.11974627595949686,
        "ci_hi_95": -0.07386517309920554,
        "ci_lo_99": -0.1261513903499285,
        "ci_hi_99": -0.07069541920531298,
        "se": 0.011592056733275935
      },
      "delta_rag_m": {
        "n": 0,
        "point": NaN,
        "ci_lo_95": NaN,
        "ci_hi_95": NaN,
        "ci_lo_99": NaN,
        "ci_hi_99": NaN,
        "se": NaN
      }
    },
    "pg19_test": {
      "delta_nm_m": {
        "n": 96,
        "point": 0.0020474431415400396,
        "ci_lo_95": 0.0013925357023254036,
        "ci_hi_95": 0.002674749295692891,
        "ci_lo_99": 0.0011770638831268764,
        "ci_hi_99": 0.0028648487913113317,
        "se": 0.00032978940101470396
      },
      "delta_sh_m": {
        "n": 55,
        "point": 0.0006034809531594298,
        "ci_lo_95": -0.002493343059763542,
        "ci_hi_95": 0.0035462133225166777,
        "ci_lo_99": -0.003994345178206844,
        "ci_hi_99": 0.004465025774457014,
        "se": 0.001566025842015288
      },
      "delta_or_m": {
        "n": 96,
        "point": -0.10819933819584548,
        "ci_lo_95": -0.12695782060812538,
        "ci_hi_95": -0.09281048038198288,
        "ci_lo_99": -0.13130542178560684,
        "ci_hi_99": -0.08802289730869249,
        "se": 0.008516545646920727
      },
      "delta_rag_m": {
        "n": 0,
        "point": NaN,
        "ci_lo_95": NaN,
        "ci_hi_95": NaN,
        "ci_lo_99": NaN,
        "ci_hi_99": NaN,
        "se": NaN
      }
    },
    "locomo": {
      "delta_nm_m": {
        "n": 10,
        "point": -0.008749499917030334,
        "ci_lo_95": -0.016654782071709638,
        "ci_hi_95": -0.0014822568744424472,
        "ci_lo_99": -0.019048610836267736,
        "ci_hi_99": -0.00013497330248355877,
        "se": 0.003941007726670305
      },
      "delta_sh_m": {
        "n": 8,
        "point": 0.001139957457780838,
        "ci_lo_95": -0.007544926647096872,
        "ci_hi_95": 0.010512078739702698,
        "ci_lo_99": -0.009942424856126309,
        "ci_hi_99": 0.014132172986865041,
        "se": 0.0046586423591367
      },
      "delta_or_m": {
        "n": 10,
        "point": -0.1716703474521637,
        "ci_lo_95": -0.18603608325123788,
        "ci_hi_95": -0.1576624712347985,
        "ci_lo_99": -0.1898135622441765,
        "ci_hi_99": -0.1534421092271804,
        "se": 0.007522085681272755
      },
      "delta_rag_m": {
        "n": 0,
        "point": NaN,
        "ci_lo_95": NaN,
        "ci_hi_95": NaN,
        "ci_lo_99": NaN,
        "ci_hi_99": NaN,
        "se": NaN
      }
    }
  }
}