{
  "input": "paper_artifacts/eval/chain_v2_phaseA_softparity_b4_step2000_eval.json",
  "n_resamples": 1000,
  "seed": 42,
  "corpora": {
    "pg19_val": {
      "delta_nm_m": {
        "n": 47,
        "point": 0.011317832355803858,
        "ci_lo_95": 0.009525909900982354,
        "ci_hi_95": 0.013044212061039938,
        "ci_lo_99": 0.009132230056727017,
        "ci_hi_99": 0.013687643434139064,
        "se": 0.0009117106878965127
      },
      "delta_sh_m": {
        "n": 26,
        "point": 0.05293286591768265,
        "ci_lo_95": 0.0245727774902032,
        "ci_hi_95": 0.0915065536562067,
        "ci_lo_99": 0.02317012642152031,
        "ci_hi_99": 0.10652070123988827,
        "se": 0.01762885646844217
      },
      "delta_or_m": {
        "n": 47,
        "point": -0.06331384784363658,
        "ci_lo_95": -0.08358481144334401,
        "ci_hi_95": -0.04291725617615483,
        "ci_lo_99": -0.08954098717963459,
        "ci_hi_99": -0.038006908406919615,
        "se": 0.010481933138988313
      },
      "delta_rag_m": {
        "n": 0,
        "point": NaN,
        "ci_lo_95": NaN,
        "ci_hi_95": NaN,
        "ci_lo_99": NaN,
        "ci_hi_99": NaN,
        "se": NaN
      }
    },
    "pg19_test": {
      "delta_nm_m": {
        "n": 96,
        "point": 0.011595593687767636,
        "ci_lo_95": 0.01048130275836806,
        "ci_hi_95": 0.012766024868081637,
        "ci_lo_99": 0.010163201228715479,
        "ci_hi_99": 0.01301086409987542,
        "se": 0.0005781750857801158
      },
      "delta_sh_m": {
        "n": 55,
        "point": 0.027853776017825016,
        "ci_lo_95": 0.02208364941631309,
        "ci_hi_95": 0.03375689556652882,
        "ci_lo_99": 0.019837582065300653,
        "ci_hi_99": 0.03500946277741195,
        "se": 0.0029571196924793827
      },
      "delta_or_m": {
        "n": 96,
        "point": -0.06928776646964252,
        "ci_lo_95": -0.08531739027239411,
        "ci_hi_95": -0.05470565713088354,
        "ci_lo_99": -0.09147495858448854,
        "ci_hi_99": -0.0492890034429726,
        "se": 0.007847015007450754
      },
      "delta_rag_m": {
        "n": 0,
        "point": NaN,
        "ci_lo_95": NaN,
        "ci_hi_95": NaN,
        "ci_lo_99": NaN,
        "ci_hi_99": NaN,
        "se": NaN
      }
    },
    "locomo": {
      "delta_nm_m": {
        "n": 10,
        "point": 0.0012560129165648526,
        "ci_lo_95": -0.002381241172552284,
        "ci_hi_95": 0.005582583695650012,
        "ci_lo_99": -0.0032666404247283067,
        "ci_hi_99": 0.007178156286477777,
        "se": 0.0020777300985300447
      },
      "delta_sh_m": {
        "n": 8,
        "point": 0.0024786777794361115,
        "ci_lo_95": -0.0015115388669073582,
        "ci_hi_95": 0.008665274828672409,
        "ci_lo_99": -0.002048148959875107,
        "ci_hi_99": 0.011195487529039382,
        "se": 0.002768881146344576
      },
      "delta_or_m": {
        "n": 10,
        "point": -0.18085679709911373,
        "ci_lo_95": -0.19989161282777795,
        "ci_hi_95": -0.16199366234242898,
        "ci_lo_99": -0.20723522447049617,
        "ci_hi_99": -0.1588581807464363,
        "se": 0.00961568808335309
      },
      "delta_rag_m": {
        "n": 0,
        "point": NaN,
        "ci_lo_95": NaN,
        "ci_hi_95": NaN,
        "ci_lo_99": NaN,
        "ci_hi_99": NaN,
        "se": NaN
      }
    }
  }
}