{
  "pa_n_chains": 256,
  "n_seeds": 5,
  "pa": {
    "pa_ws_ce_mem": {
      "mean": 2.2837154627963754,
      "std": 0.000831208841889433,
      "se": 0.00037172789479272936,
      "ci95_lo": 2.2829868761225818,
      "ci95_hi": 2.284444049470169,
      "n_seeds": 5,
      "values": [
        2.2837029881681246,
        2.2850373880657764,
        2.283690880437054,
        2.2824093829982273,
        2.2837366743126934
      ]
    },
    "pa_ws_ce_nomem": {
      "mean": 2.2861186490165313,
      "std": 4.3511678576336585e-16,
      "se": 1.9459014222361974e-16,
      "ci95_lo": 2.286118649016531,
      "ci95_hi": 2.2861186490165317,
      "n_seeds": 5,
      "values": [
        2.286118649016531,
        2.286118649016532,
        2.2861186490165313,
        2.2861186490165313,
        2.2861186490165313
      ]
    },
    "pa_ws_ce_shuffle": {
      "mean": 2.2832104046432966,
      "std": 0.0008385789808214681,
      "se": 0.000375023921123859,
      "ci95_lo": 2.282475357757894,
      "ci95_hi": 2.2839454515286994,
      "n_seeds": 5,
      "values": [
        2.282488286805393,
        2.283718667568234,
        2.2823042066144703,
        2.284572875504489,
        2.282967986723897
      ]
    },
    "pa_ws_dnm": {
      "mean": 0.0024031862201562503,
      "std": 0.0008312088418891492,
      "se": 0.00037172789479260245,
      "ci95_lo": 0.0016745995463627495,
      "ci95_hi": 0.003131772893949751,
      "n_seeds": 5,
      "values": [
        0.002415660848406276,
        0.0010812609507557802,
        0.002427768579477352,
        0.003709266018304014,
        0.0023819747038378303
      ]
    },
    "pa_ws_dsh": {
      "mean": -0.0005050581530784193,
      "std": 0.0013515582995465073,
      "se": 0.0006044352466680027,
      "ci95_lo": -0.0016897512365477044,
      "ci95_hi": 0.0006796349303908659,
      "n_seeds": 5,
      "values": [
        -0.0012147013627314962,
        -0.0013187204975424471,
        -0.0013866738225836173,
        0.0021634925062619104,
        -0.0007686875887964462
      ]
    },
    "pa_cb_ce_mem": {
      "mean": 2.354304600100284,
      "std": 0.0009139884931506938,
      "se": 0.0004087480802675104,
      "ci95_lo": 2.3535034538629596,
      "ci95_hi": 2.3551057463376086,
      "n_seeds": 5,
      "values": [
        2.355344086492353,
        2.354816293226157,
        2.353786846809454,
        2.3547959692403384,
        2.352779804733117
      ]
    },
    "pa_cb_ce_nomem": {
      "mean": 2.3567368771188613,
      "std": 2.1755839288168293e-16,
      "se": 9.729507111180987e-17,
      "ci95_lo": 2.3567368771188613,
      "ci95_hi": 2.3567368771188613,
      "n_seeds": 5,
      "values": [
        2.3567368771188613,
        2.356736877118861,
        2.3567368771188613,
        2.356736877118861,
        2.356736877118861
      ]
    },
    "pa_cb_ce_shuffle": {
      "mean": 2.353766151171233,
      "std": 0.0012190548225657117,
      "se": 0.0005451778903111751,
      "ci95_lo": 2.352697602506223,
      "ci95_hi": 2.354834699836243,
      "n_seeds": 5,
      "values": [
        2.352430654179347,
        2.354180226430488,
        2.353429846351497,
        2.3559068715495264,
        2.3528831573453077
      ]
    },
    "pa_cb_dnm": {
      "mean": 0.002432277018577089,
      "std": 0.0009139884931506431,
      "se": 0.00040874808026748776,
      "ci95_lo": 0.001631130781252813,
      "ci95_hi": 0.0032334232559013652,
      "n_seeds": 5,
      "values": [
        0.0013927906265083223,
        0.0019205838927036645,
        0.0029500303094072144,
        0.0019409078785224132,
        0.003957072385743832
      ]
    },
    "pa_cb_dsh": {
      "mean": -0.0005384489290506167,
      "std": 0.0013278002556881413,
      "se": 0.0005938103264520571,
      "ci95_lo": -0.0017023171688966485,
      "ci95_hi": 0.0006254193107954152,
      "n_seeds": 5,
      "values": [
        -0.0029134323130057815,
        -0.0006360667956690769,
        -0.00035700045795694635,
        0.0011109023091879777,
        0.00010335261219074354
      ]
    },
    "n_pa_scored": {
      "mean": 50.0,
      "std": 0.0,
      "se": 0.0,
      "ci95_lo": 50.0,
      "ci95_hi": 50.0,
      "n_seeds": 5,
      "values": [
        50.0,
        50.0,
        50.0,
        50.0,
        50.0
      ]
    },
    "n_pa_cb_scored": {
      "mean": 50.0,
      "std": 0.0,
      "se": 0.0,
      "ci95_lo": 50.0,
      "ci95_hi": 50.0,
      "n_seeds": 5,
      "values": [
        50.0,
        50.0,
        50.0,
        50.0,
        50.0
      ]
    }
  },
  "routing": {
    "rec_mode": "attention_parity",
    "rec_alpha_mem_max": 0.0003919699229300022,
    "rec_alpha_mem_mean": 0.00018600185285322368,
    "rec_alpha_mem_top": [
      [
        1,
        0.0003919699229300022
      ],
      [
        2,
        0.0003686023410409689
      ],
      [
        0,
        0.0003653482417576015
      ]
    ],
    "rec_frac_open": 0.0
  },
  "readout": {
    "mt_norm_ratio_mean": 74.70787659840646,
    "mt_norm_ratio_max": 78.30930272590146
  }
}